"user","session","task","iteration","DD_qu","DD_u!","DD_!f","DD_fa","DD_aB","DD_B8","DD_8*","DD_*e","DD_en"
"1060d17b-2e21-4a6b-90f1-f451764a20d0","0","1","0","2027","1083","631","1148","820","294","1455","620","631"
"1060d17b-2e21-4a6b-90f1-f451764a20d0","0","1","1","1099","791","344","1223","645","601","1709","760","580"
"1060d17b-2e21-4a6b-90f1-f451764a20d0","0","1","2","868","673","3116","1031","1077","464","3662","303","683"
"1060d17b-2e21-4a6b-90f1-f451764a20d0","0","1","3","1884","774","2520","1556","556","877","1317","643","540"
"1060d17b-2e21-4a6b-90f1-f451764a20d0","0","1","4","1705","630","288","1115","438","680","1516","616","519"
"1060d17b-2e21-4a6b-90f1-f451764a20d0","0","1","5","1379","929","780","1083","331","320","1683","285","283"
"1060d17b-2e21-4a6b-90f1-f451764a20d0","0","1","6","985","909","1340","503","471","313","739","435","245"
"1060d17b-2e21-4a6b-90f1-f451764a20d0","0","1","7","1360","519","772","1031","1293","483","830","292","292"
"1060d17b-2e21-4a6b-90f1-f451764a20d0","0","1","8","3955","496","828","953","1393","420","1056","480","322"
"1060d17b-2e21-4a6b-90f1-f451764a20d0","0","1","9","1113","1260","427","838","472","576","1331","604","361"
"1060d17b-2e21-4a6b-90f1-f451764a20d0","0","1","10","1113","1260","427","838","472","576","1331","604","361"
"1060d17b-2e21-4a6b-90f1-f451764a20d0","1","1","0","886","347","1486","977","1348","239","981","447","352"
"1060d17b-2e21-4a6b-90f1-f451764a20d0","1","1","1","534","369","992","780","1161","351","616","393","635"
"1060d17b-2e21-4a6b-90f1-f451764a20d0","1","1","2","467","581","335","1664","2209","300","1099","792","748"
"1060d17b-2e21-4a6b-90f1-f451764a20d0","1","1","3","1694","866","331","823","820","555","652","260","600"
"1060d17b-2e21-4a6b-90f1-f451764a20d0","1","1","4","1438","750","835","1287","994","595","1402","531","595"
"1060d17b-2e21-4a6b-90f1-f451764a20d0","1","1","5","1117","694","732","653","732","1645","423","256","990"
"1060d17b-2e21-4a6b-90f1-f451764a20d0","1","1","6","696","659","392","600","701","320","779","236","603"
"1060d17b-2e21-4a6b-90f1-f451764a20d0","1","1","7","1046","464","439","902","686","259","1177","307","347"
"1060d17b-2e21-4a6b-90f1-f451764a20d0","1","1","8","702","1049","343","883","565","275","575","399","720"
"1060d17b-2e21-4a6b-90f1-f451764a20d0","1","1","9","1235","361","308","946","765","265","631","236","651"
"1060d17b-2e21-4a6b-90f1-f451764a20d0","1","1","10","1235","361","308","946","765","265","631","236","651"
"1060d17b-2e21-4a6b-90f1-f451764a20d0","2","1","0","892","374","248","448","509","260","623","404","281"
"1060d17b-2e21-4a6b-90f1-f451764a20d0","2","1","1","445","604","999","471","237","913","485","227","511"
"1060d17b-2e21-4a6b-90f1-f451764a20d0","2","1","2","806","474","280","517","1743","320","675","264","391"
"1060d17b-2e21-4a6b-90f1-f451764a20d0","2","1","3","722","386","292","823","498","507","566","248","475"
"1060d17b-2e21-4a6b-90f1-f451764a20d0","2","1","4","505","482","244","486","832","548","555","259","300"
"1060d17b-2e21-4a6b-90f1-f451764a20d0","2","1","5","1133","470","391","650","391","376","924","264","360"
"1060d17b-2e21-4a6b-90f1-f451764a20d0","2","1","6","1090","423","260","371","371","347","552","268","299"
"1060d17b-2e21-4a6b-90f1-f451764a20d0","2","1","7","1203","396","249","374","275","360","537","239","291"
"1060d17b-2e21-4a6b-90f1-f451764a20d0","2","1","8","573","358","259","455","257","224","514","225","284"
"10f69cd9-1e5d-4e54-93e8-bfbae554d069","0","1","0","2155","643","292","563","289","319","865","338","270"
"10f69cd9-1e5d-4e54-93e8-bfbae554d069","0","1","1","1592","481","342","545","280","632","1217","366","378"
"10f69cd9-1e5d-4e54-93e8-bfbae554d069","0","1","2","521","333","311","289","472","477","723","367","200"
"10f69cd9-1e5d-4e54-93e8-bfbae554d069","0","1","3","2026","312","189","162","440","256","801","846","178"
"10f69cd9-1e5d-4e54-93e8-bfbae554d069","0","1","4","1321","215","216","328","250","358","721","287","208"
"10f69cd9-1e5d-4e54-93e8-bfbae554d069","0","1","5","624","336","400","400","304","448","600","280","1209"
"10f69cd9-1e5d-4e54-93e8-bfbae554d069","0","1","6","493","274","206","198","580","247","647","243","253"
"10f69cd9-1e5d-4e54-93e8-bfbae554d069","0","1","7","490","328","215","233","200","272","2056","500","356"
"10f69cd9-1e5d-4e54-93e8-bfbae554d069","0","1","8","518","319","846","1074","737","247","3084","632","326"
"10f69cd9-1e5d-4e54-93e8-bfbae554d069","0","1","9","1195","351","197","244","740","214","1645","402","327"
"10f69cd9-1e5d-4e54-93e8-bfbae554d069","0","1","10","1195","351","197","244","740","214","1645","402","327"
"10f69cd9-1e5d-4e54-93e8-bfbae554d069","1","1","0","867","707","243","387","362","396","660","511","542"
"10f69cd9-1e5d-4e54-93e8-bfbae554d069","1","1","1","974","451","278","538","280","271","609","247","404"
"10f69cd9-1e5d-4e54-93e8-bfbae554d069","1","1","2","5768","431","151","200","569","219","673","265","435"
"10f69cd9-1e5d-4e54-93e8-bfbae554d069","1","1","3","1602","401","190","635","494","353","559","200","322"
"10f69cd9-1e5d-4e54-93e8-bfbae554d069","1","1","4","1338","350","208","374","267","311","1705","392","353"
"10f69cd9-1e5d-4e54-93e8-bfbae554d069","1","1","5","667","416","232","489","647","239","598","411","399"
"10f69cd9-1e5d-4e54-93e8-bfbae554d069","1","1","6","1200","343","255","292","890","280","883","255","329"
"10f69cd9-1e5d-4e54-93e8-bfbae554d069","1","1","7","598","347","199","145","328","219","668","880","434"
"10f69cd9-1e5d-4e54-93e8-bfbae554d069","1","1","8","489","410","192","124","365","358","641","240","297"
"10f69cd9-1e5d-4e54-93e8-bfbae554d069","1","1","9","1473","433","214","188","535","256","1720","1120","537"
"10f69cd9-1e5d-4e54-93e8-bfbae554d069","1","1","10","1473","433","214","188","535","256","1720","1120","537"
"10f69cd9-1e5d-4e54-93e8-bfbae554d069","2","1","0","737","645","285","503","296","711","383","244","440"
"10f69cd9-1e5d-4e54-93e8-bfbae554d069","2","1","1","1801","408","232","745","240","359","797","434","186"
"10f69cd9-1e5d-4e54-93e8-bfbae554d069","2","1","2","1032","496","175","233","901","233","778","292","442"
"10f69cd9-1e5d-4e54-93e8-bfbae554d069","2","1","3","594","448","250","350","295","543","470","215","408"
"10f69cd9-1e5d-4e54-93e8-bfbae554d069","2","1","4","1195","405","254","633","481","246","1670","410","386"
"10f69cd9-1e5d-4e54-93e8-bfbae554d069","2","1","5","1019","348","251","334","458","257","760","295","215"
"10f69cd9-1e5d-4e54-93e8-bfbae554d069","2","1","6","483","476","175","274","391","271","689","295","264"
"10f69cd9-1e5d-4e54-93e8-bfbae554d069","2","1","7","646","294","214","226","560","350","697","288","254"
"10f69cd9-1e5d-4e54-93e8-bfbae554d069","2","1","8","352","383","215","249","605","350","484","285","1220"
"10f69cd9-1e5d-4e54-93e8-bfbae554d069","2","1","9","1253","307","233","292","226","265","704","267","301"
"10f69cd9-1e5d-4e54-93e8-bfbae554d069","2","1","10","1253","307","233","292","226","265","704","267","301"
"183e93f8-2ef0-4250-be77-b2d8a02c1033","0","1","0","1302","255","318","251","1053","265","979","1460","88"
"183e93f8-2ef0-4250-be77-b2d8a02c1033","0","1","1","1851","436","373","660","314","632","1366","267","473"
"183e93f8-2ef0-4250-be77-b2d8a02c1033","0","1","2","985","465","313","353","248","270","692","508","138"
"183e93f8-2ef0-4250-be77-b2d8a02c1033","0","1","3","561","207","227","123","613","315","1332","180","543"
"183e93f8-2ef0-4250-be77-b2d8a02c1033","0","1","4","626","183","224","157","427","5491","418","227","171"
"183e93f8-2ef0-4250-be77-b2d8a02c1033","0","1","5","937","295","310","199","642","1034","286","239","254"
"183e93f8-2ef0-4250-be77-b2d8a02c1033","1","1","0","993","331","193","121","433","209","2119","1092","137"
"183e93f8-2ef0-4250-be77-b2d8a02c1033","1","1","1","650","185","238","122","284","301","388","225","246"
"183e93f8-2ef0-4250-be77-b2d8a02c1033","1","1","2","430","283","209","137","420","236","318","675","167"
"183e93f8-2ef0-4250-be77-b2d8a02c1033","1","1","3","515","1119","254","346","521","180","530","176","240"
"183e93f8-2ef0-4250-be77-b2d8a02c1033","1","1","4","523","272","271","164","362","190","1215","225","47"
"183e93f8-2ef0-4250-be77-b2d8a02c1033","1","1","5","459","284","221","136","709","252","302","525","45"
"183e93f8-2ef0-4250-be77-b2d8a02c1033","1","1","6","388","1332","450","300","358","196","285","418","107"
"183e93f8-2ef0-4250-be77-b2d8a02c1033","1","1","7","335","296","705","227","432","253","288","285","151"
"183e93f8-2ef0-4250-be77-b2d8a02c1033","1","1","8","398","298","283","109","326","1100","460","316","111"
"183e93f8-2ef0-4250-be77-b2d8a02c1033","2","1","0","386","431","328","124","359","192","604","283","168"
"183e93f8-2ef0-4250-be77-b2d8a02c1033","2","1","1","449","253","206","228","463","2550","255","212","136"
"24404d19-ec5c-4c88-a836-0dbbdd7fc2f6","0","1","0","1045","430","405","226","467","324","1104","712","500"
"24404d19-ec5c-4c88-a836-0dbbdd7fc2f6","0","1","1","1303","310","377","275","341","308","864","381","174"
"24404d19-ec5c-4c88-a836-0dbbdd7fc2f6","0","1","2","1257","316","199","263","538","325","662","437","290"
"24404d19-ec5c-4c88-a836-0dbbdd7fc2f6","0","1","3","1040","305","309","337","372","469","688","493","183"
"24404d19-ec5c-4c88-a836-0dbbdd7fc2f6","0","1","4","3207","543","227","314","397","337","699","351","427"
"24404d19-ec5c-4c88-a836-0dbbdd7fc2f6","0","1","5","1711","341","315","209","354","379","702","335","307"
"24404d19-ec5c-4c88-a836-0dbbdd7fc2f6","0","1","6","876","272","220","120","383","457","613","370","188"
"24404d19-ec5c-4c88-a836-0dbbdd7fc2f6","0","1","7","876","272","220","120","383","457","613","370","188"
"24404d19-ec5c-4c88-a836-0dbbdd7fc2f6","0","1","8","568","370","514","226","313","847","405","374","129"
"24404d19-ec5c-4c88-a836-0dbbdd7fc2f6","0","1","9","525","254","772","333","334","426","389","278","154"
"24404d19-ec5c-4c88-a836-0dbbdd7fc2f6","0","1","10","1111","297","313","84","246","715","887","559","165"
"24404d19-ec5c-4c88-a836-0dbbdd7fc2f6","0","1","11","1111","297","313","84","246","715","887","559","165"
"24404d19-ec5c-4c88-a836-0dbbdd7fc2f6","1","1","0","869","296","183","105","424","292","705","451","448"
"24404d19-ec5c-4c88-a836-0dbbdd7fc2f6","1","1","1","458","265","182","186","521","1180","890","520","163"
"24404d19-ec5c-4c88-a836-0dbbdd7fc2f6","1","1","2","788","253","187","125","435","292","364","370","180"
"24404d19-ec5c-4c88-a836-0dbbdd7fc2f6","1","1","3","537","276","247","341","462","294","667","443","167"
"24404d19-ec5c-4c88-a836-0dbbdd7fc2f6","1","1","4","600","645","447","194","378","392","397","876","92"
"24404d19-ec5c-4c88-a836-0dbbdd7fc2f6","1","1","5","610","274","241","185","336","285","525","432","244"
"24404d19-ec5c-4c88-a836-0dbbdd7fc2f6","1","1","6","631","285","248","220","660","261","409","413","205"
"24404d19-ec5c-4c88-a836-0dbbdd7fc2f6","1","1","7","665","276","307","252","449","281","385","549","337"
"24404d19-ec5c-4c88-a836-0dbbdd7fc2f6","1","1","8","705","251","190","119","425","286","350","463","205"
"24404d19-ec5c-4c88-a836-0dbbdd7fc2f6","1","1","9","744","319","176","81","494","264","1914","307","170"
"24404d19-ec5c-4c88-a836-0dbbdd7fc2f6","1","1","10","744","319","176","81","494","264","1914","307","170"
"24404d19-ec5c-4c88-a836-0dbbdd7fc2f6","2","1","0","459","337","171","97","428","251","445","828","408"
"24404d19-ec5c-4c88-a836-0dbbdd7fc2f6","2","1","1","479","286","237","322","347","270","540","301","164"
"24404d19-ec5c-4c88-a836-0dbbdd7fc2f6","2","1","2","745","257","194","129","439","293","394","424","226"
"24404d19-ec5c-4c88-a836-0dbbdd7fc2f6","2","1","3","532","266","202","275","904","848","472","589","210"
"24404d19-ec5c-4c88-a836-0dbbdd7fc2f6","2","1","4","960","233","210","200","720","211","332","316","168"
"24404d19-ec5c-4c88-a836-0dbbdd7fc2f6","2","1","5","611","795","258","140","538","317","779","321","131"
"24404d19-ec5c-4c88-a836-0dbbdd7fc2f6","2","1","6","588","446","198","117","733","539","485","302","729"
"2e69a799-4e15-43aa-aadb-ef5c0013c6fe","0","1","0","1367","964","1237","841","487","591","1490","1066","324"
"2e69a799-4e15-43aa-aadb-ef5c0013c6fe","0","1","1","1327","244","875","768","750","505","6980","973","403"
"2e69a799-4e15-43aa-aadb-ef5c0013c6fe","0","1","2","1129","437","553","411","726","482","1175","1018","733"
"2e69a799-4e15-43aa-aadb-ef5c0013c6fe","0","1","3","796","272","467","600","286","519","2186","786","275"
"2e69a799-4e15-43aa-aadb-ef5c0013c6fe","0","1","4","901","276","488","453","464","1042","528","550","356"
"2e69a799-4e15-43aa-aadb-ef5c0013c6fe","0","1","6","925","244","1396","382","374","499","725","508","325"
"2e69a799-4e15-43aa-aadb-ef5c0013c6fe","0","1","7","350","451","482","286","320","475","534","400","340"
"2e69a799-4e15-43aa-aadb-ef5c0013c6fe","0","1","8","633","252","403","809","611","1655","622","385","270"
"2e69a799-4e15-43aa-aadb-ef5c0013c6fe","0","1","9","1196","302","381","445","1161","413","505","389","246"
"2e69a799-4e15-43aa-aadb-ef5c0013c6fe","0","1","10","1196","302","381","445","1161","413","505","389","246"
"2e69a799-4e15-43aa-aadb-ef5c0013c6fe","1","1","1","623","325","432","747","496","422","801","357","396"
"2e69a799-4e15-43aa-aadb-ef5c0013c6fe","1","1","2","1138","2681","520","513","541","431","781","493","423"
"2e69a799-4e15-43aa-aadb-ef5c0013c6fe","1","1","3","685","2145","579","362","166","1743","2598","628","350"
"2e69a799-4e15-43aa-aadb-ef5c0013c6fe","1","1","4","587","317","457","336","896","468","482","409","341"
"2e69a799-4e15-43aa-aadb-ef5c0013c6fe","1","1","5","381","482","658","316","479","436","911","376","212"
"2e69a799-4e15-43aa-aadb-ef5c0013c6fe","1","1","6","347","419","563","421","378","405","748","368","290"
"2e69a799-4e15-43aa-aadb-ef5c0013c6fe","1","1","7","923","402","423","734","438","458","1016","378","255"
"2e69a799-4e15-43aa-aadb-ef5c0013c6fe","1","1","8","316","1072","689","307","296","651","808","329","284"
"2e69a799-4e15-43aa-aadb-ef5c0013c6fe","1","1","9","338","451","462","521","481","487","751","409","290"
"2e69a799-4e15-43aa-aadb-ef5c0013c6fe","1","1","10","338","451","462","521","481","487","751","409","290"
"2e69a799-4e15-43aa-aadb-ef5c0013c6fe","2","1","0","478","400","345","284","179","3628","1012","341","117"
"2e69a799-4e15-43aa-aadb-ef5c0013c6fe","2","1","2","297","303","435","526","370","531","542","352","345"
"2e69a799-4e15-43aa-aadb-ef5c0013c6fe","2","1","4","399","426","368","323","154","1675","406","403","141"
"2e69a799-4e15-43aa-aadb-ef5c0013c6fe","2","1","5","366","439","430","279","452","429","552","385","1716"
"2e69a799-4e15-43aa-aadb-ef5c0013c6fe","2","1","6","345","493","479","345","391","338","1104","943","103"
"2e69a799-4e15-43aa-aadb-ef5c0013c6fe","2","1","7","16097","1210","375","286","344","843","1143","341","123"
"2e69a799-4e15-43aa-aadb-ef5c0013c6fe","2","1","8","307","443","447","366","380","709","759","373","1116"
"2e69a799-4e15-43aa-aadb-ef5c0013c6fe","2","1","9","290","429","410","332","607","360","557","454","165"
"2e69a799-4e15-43aa-aadb-ef5c0013c6fe","2","1","10","290","429","410","332","607","360","557","454","165"
"43a2b7d3-9d57-4a08-a564-db94470b0320","0","1","0","1983","1244","592","908","1148","576","3140","591","1029"
"43a2b7d3-9d57-4a08-a564-db94470b0320","0","1","1","1975","979","608","1016","852","415","2021","506","741"
"43a2b7d3-9d57-4a08-a564-db94470b0320","0","1","2","2057","700","664","779","885","368","1384","900","304"
"43a2b7d3-9d57-4a08-a564-db94470b0320","0","1","3","2147","661","407","488","824","312","1680","264","426"
"43a2b7d3-9d57-4a08-a564-db94470b0320","0","1","4","1682","629","319","617","936","272","1480","295","981"
"43a2b7d3-9d57-4a08-a564-db94470b0320","0","1","5","1562","582","452","704","1296","384","592","412","412"
"43a2b7d3-9d57-4a08-a564-db94470b0320","0","1","6","1843","736","324","440","1017","298","4322","358","677"
"43a2b7d3-9d57-4a08-a564-db94470b0320","0","1","7","1793","837","375","386","1007","287","740","308","329"
"43a2b7d3-9d57-4a08-a564-db94470b0320","0","1","8","1811","748","399","528","848","416","1232","296","676"
"43a2b7d3-9d57-4a08-a564-db94470b0320","0","1","9","2543","504","372","440","776","336","776","304","568"
"43a2b7d3-9d57-4a08-a564-db94470b0320","0","1","10","2543","504","372","440","776","336","776","304","568"
"43a2b7d3-9d57-4a08-a564-db94470b0320","1","1","0","1938","656","463","521","858","335","1327","408","347"
"43a2b7d3-9d57-4a08-a564-db94470b0320","1","1","1","514","626","454","545","848","455","1325","407","693"
"43a2b7d3-9d57-4a08-a564-db94470b0320","1","1","2","585","620","388","529","792","247","1141","415","288"
"43a2b7d3-9d57-4a08-a564-db94470b0320","1","1","3","1227","613","316","1249","700","294","1142","395","565"
"43a2b7d3-9d57-4a08-a564-db94470b0320","1","1","4","2230","613","511","506","783","303","749","278","449"
"43a2b7d3-9d57-4a08-a564-db94470b0320","1","1","5","1786","690","407","489","880","279","1321","739","677"
"43a2b7d3-9d57-4a08-a564-db94470b0320","1","1","6","1569","841","335","482","975","319","2369","335","741"
"43a2b7d3-9d57-4a08-a564-db94470b0320","1","1","7","1339","948","625","519","976","215","1812","588","736"
"43a2b7d3-9d57-4a08-a564-db94470b0320","1","1","8","1335","925","415","891","583","207","3452","223","477"
"43a2b7d3-9d57-4a08-a564-db94470b0320","1","1","9","2429","512","524","345","1444","294","878","223","665"
"43a2b7d3-9d57-4a08-a564-db94470b0320","1","1","10","2429","512","524","345","1444","294","878","223","665"
"43a2b7d3-9d57-4a08-a564-db94470b0320","2","1","0","2491","519","459","520","832","368","1672","1437","1099"
"43a2b7d3-9d57-4a08-a564-db94470b0320","2","1","1","1962","709","530","594","900","328","1881","679","593"
"43a2b7d3-9d57-4a08-a564-db94470b0320","2","1","2","1922","822","432","1006","564","494","1171","418","443"
"43a2b7d3-9d57-4a08-a564-db94470b0320","2","1","3","1899","705","441","724","878","405","788","316","360"
"43a2b7d3-9d57-4a08-a564-db94470b0320","2","1","4","1277","600","433","616","552","696","912","469","349"
"43a2b7d3-9d57-4a08-a564-db94470b0320","2","1","5","1921","587","636","515","741","344","716","353","483"
"43a2b7d3-9d57-4a08-a564-db94470b0320","2","1","6","642","435","351","480","712","588","812","552","517"
"43a2b7d3-9d57-4a08-a564-db94470b0320","2","1","7","1729","411","472","576","824","288","1209","307","308"
"43a2b7d3-9d57-4a08-a564-db94470b0320","2","1","8","1684","374","420","897","731","403","1089","328","353"
"43a2b7d3-9d57-4a08-a564-db94470b0320","2","1","9","5252","436","371","561","632","688","448","265","288"
"43a2b7d3-9d57-4a08-a564-db94470b0320","2","1","10","5252","436","371","561","632","688","448","265","288"
"4dfc506d-5928-4039-b257-1767b88d3276","0","1","0","395","270","259","937","866","298","1401","190","107"
"4dfc506d-5928-4039-b257-1767b88d3276","0","1","1","435","213","251","282","538","234","985","386","154"
"4dfc506d-5928-4039-b257-1767b88d3276","0","1","2","323","326","2297","158","444","216","698","199","122"
"4dfc506d-5928-4039-b257-1767b88d3276","0","1","3","367","282","1994","103","615","450","538","328","40"
"4dfc506d-5928-4039-b257-1767b88d3276","0","1","4","352","330","368","871","265","183","367","233","226"
"4dfc506d-5928-4039-b257-1767b88d3276","0","1","5","314","310","226","215","337","211","347","199","143"
"4dfc506d-5928-4039-b257-1767b88d3276","1","1","0","387","207","315","368","273","190","926","115","103"
"4dfc506d-5928-4039-b257-1767b88d3276","1","1","1","382","224","366","280","219","275","326","280","61"
"4dfc506d-5928-4039-b257-1767b88d3276","1","1","2","337","206","274","138","298","266","428","194","46"
"4dfc506d-5928-4039-b257-1767b88d3276","1","1","3","344","179","528","2539","517","196","379","263","871"
"4dfc506d-5928-4039-b257-1767b88d3276","1","1","4","342","243","238","134","329","1439","316","471","103"
"4dfc506d-5928-4039-b257-1767b88d3276","1","1","5","375","186","252","141","275","207","299","143","132"
"4dfc506d-5928-4039-b257-1767b88d3276","1","1","6","499","142","259","277","290","239","5739","591","167"
"4dfc506d-5928-4039-b257-1767b88d3276","1","1","7","355","184","272","128","250","195","315","182","55"
"4dfc506d-5928-4039-b257-1767b88d3276","1","1","8","344","180","339","117","194","235","455","2353","99"
"4dfc506d-5928-4039-b257-1767b88d3276","1","1","9","456","176","285","121","605","259","249","241","21"
"4dfc506d-5928-4039-b257-1767b88d3276","1","1","10","456","176","285","121","605","259","249","241","21"
"5b834c47-8cef-4bdb-af3a-0fb64c36ff07","0","1","0","428","558","194","884","724","291","1456","189","485"
"5b834c47-8cef-4bdb-af3a-0fb64c36ff07","0","1","1","445","580","215","852","601","916","976","233","469"
"5b834c47-8cef-4bdb-af3a-0fb64c36ff07","0","1","2","776","1148","216","1609","1931","259","1208","145","382"
"5b834c47-8cef-4bdb-af3a-0fb64c36ff07","0","1","3","468","648","201","1837","772","211","1030","178","369"
"5b834c47-8cef-4bdb-af3a-0fb64c36ff07","0","1","4","452","582","179","1636","879","306","1866","298","326"
"5b834c47-8cef-4bdb-af3a-0fb64c36ff07","0","1","5","856","633","384","1044","743","260","1189","219","438"
"5b834c47-8cef-4bdb-af3a-0fb64c36ff07","0","1","6","487","601","213","886","617","347","1305","315","651"
"5b834c47-8cef-4bdb-af3a-0fb64c36ff07","0","1","7","479","684","231","914","697","228","1270","153","483"
"5b834c47-8cef-4bdb-af3a-0fb64c36ff07","0","1","8","465","585","177","826","765","243","1181","158","507"
"5b834c47-8cef-4bdb-af3a-0fb64c36ff07","0","1","9","488","525","163","512","725","245","613","165","417"
"5b834c47-8cef-4bdb-af3a-0fb64c36ff07","0","1","10","488","525","163","512","725","245","613","165","417"
"5b834c47-8cef-4bdb-af3a-0fb64c36ff07","1","1","0","627","535","258","843","607","581","846","266","590"
"5b834c47-8cef-4bdb-af3a-0fb64c36ff07","1","1","1","438","537","316","850","566","468","1033","211","534"
"5b834c47-8cef-4bdb-af3a-0fb64c36ff07","1","1","2","521","532","351","887","895","277","1026","208","343"
"5b834c47-8cef-4bdb-af3a-0fb64c36ff07","1","1","3","342","750","243","848","1186","330","1160","245","617"
"5b834c47-8cef-4bdb-af3a-0fb64c36ff07","1","1","4","378","686","229","563","688","207","1564","163","499"
"5b834c47-8cef-4bdb-af3a-0fb64c36ff07","1","1","5","485","562","255","636","752","434","769","207","549"
"5b834c47-8cef-4bdb-af3a-0fb64c36ff07","1","1","6","455","479","287","549","599","304","987","223","478"
"5b834c47-8cef-4bdb-af3a-0fb64c36ff07","1","1","7","933","698","259","1754","846","272","1631","182","480"
"5b834c47-8cef-4bdb-af3a-0fb64c36ff07","1","1","8","694","612","244","707","445","356","902","242","526"
"5b834c47-8cef-4bdb-af3a-0fb64c36ff07","1","1","9","446","602","295","1328","463","358","819","194","331"
"5b834c47-8cef-4bdb-af3a-0fb64c36ff07","1","1","10","446","602","295","1328","463","358","819","194","331"
"5b834c47-8cef-4bdb-af3a-0fb64c36ff07","2","1","0","415","875","232","796","653","324","684","207","407"
"5b834c47-8cef-4bdb-af3a-0fb64c36ff07","2","1","1","303","839","248","829","775","174","815","180","337"
"5b834c47-8cef-4bdb-af3a-0fb64c36ff07","2","1","2","282","1687","792","181","2379","280","1093","142","443"
"5b834c47-8cef-4bdb-af3a-0fb64c36ff07","2","1","3","523","671","199","876","813","279","1518","201","578"
"5b834c47-8cef-4bdb-af3a-0fb64c36ff07","2","1","4","403","627","186","1248","856","246","1338","224","324"
"5b834c47-8cef-4bdb-af3a-0fb64c36ff07","2","1","5","380","854","233","811","744","250","1778","158","324"
"5b834c47-8cef-4bdb-af3a-0fb64c36ff07","2","1","6","358","671","173","1022","669","183","1365","233","319"
"5b834c47-8cef-4bdb-af3a-0fb64c36ff07","2","1","7","290","646","204","879","531","2810","1780","312","275"
"5b834c47-8cef-4bdb-af3a-0fb64c36ff07","2","1","8","303","996","393","580","792","312","1307","173","568"
"5b834c47-8cef-4bdb-af3a-0fb64c36ff07","2","1","9","327","652","162","677","460","537","806","180","283"
"5b834c47-8cef-4bdb-af3a-0fb64c36ff07","2","1","10","327","652","162","677","460","537","806","180","283"
"5bb2e225-97b1-4e34-ad76-4fe1249d664c","0","1","0","478","484","358","234","394","419","421","345","792"
"5bb2e225-97b1-4e34-ad76-4fe1249d664c","0","1","1","478","484","358","234","394","419","421","345","792"
"5bb2e225-97b1-4e34-ad76-4fe1249d664c","0","1","2","663","378","268","329","272","973","376","169","340"
"5bb2e225-97b1-4e34-ad76-4fe1249d664c","0","1","3","719","451","224","389","313","975","405","151","315"
"5bb2e225-97b1-4e34-ad76-4fe1249d664c","0","1","4","797","422","283","407","301","192","465","196","270"
"5bb2e225-97b1-4e34-ad76-4fe1249d664c","0","1","5","575","377","254","329","135","870","1110","151","120"
"5bb2e225-97b1-4e34-ad76-4fe1249d664c","0","1","6","746","359","226","285","496","209","465","209","241"
"5bb2e225-97b1-4e34-ad76-4fe1249d664c","0","1","7","499","514","209","282","378","225","463","180","223"
"5bb2e225-97b1-4e34-ad76-4fe1249d664c","0","1","8","606","482","195","377","300","223","644","180","194"
"5bb2e225-97b1-4e34-ad76-4fe1249d664c","0","1","9","555","333","147","255","300","226","419","135","240"
"5bb2e225-97b1-4e34-ad76-4fe1249d664c","0","1","10","517","422","420","479","360","240","392","163","209"
"5bb2e225-97b1-4e34-ad76-4fe1249d664c","1","1","0","539","254","242","224","225","315","1832","989","118"
"5bb2e225-97b1-4e34-ad76-4fe1249d664c","1","1","1","381","242","209","225","316","973","377","149","153"
"5bb2e225-97b1-4e34-ad76-4fe1249d664c","1","1","2","549","285","346","284","363","1271","556","618","161"
"5bb2e225-97b1-4e34-ad76-4fe1249d664c","2","1","0","518","317","237","510","181","181","630","196","178"
"5bb2e225-97b1-4e34-ad76-4fe1249d664c","2","1","1","428","331","210","255","226","196","2249","151","117"
"5bb2e225-97b1-4e34-ad76-4fe1249d664c","2","1","2","503","315","196","299","435","195","645","167","224"
"5bb2e225-97b1-4e34-ad76-4fe1249d664c","2","1","3","530","1168","195","258","537","197","406","147","194"
"5bb2e225-97b1-4e34-ad76-4fe1249d664c","2","1","4","534","265","242","388","286","195","466","163","211"
"5bb2e225-97b1-4e34-ad76-4fe1249d664c","2","1","5","612","270","242","328","270","211","480","164","194"
"5bb2e225-97b1-4e34-ad76-4fe1249d664c","2","1","6","539","257","242","372","225","210","510","149","183"
"5bb2e225-97b1-4e34-ad76-4fe1249d664c","2","1","7","630","721","197","237","481","285","467","120","269"
"5bb2e225-97b1-4e34-ad76-4fe1249d664c","2","1","8","653","766","179","269","481","255","645","133","150"
"5bb2e225-97b1-4e34-ad76-4fe1249d664c","2","1","9","105","209","211","299","270","211","421","196","177"
"5bb2e225-97b1-4e34-ad76-4fe1249d664c","2","1","10","105","209","211","299","270","211","421","196","177"
"64d50c85-15cf-4c7f-a23e-29347123ef5f","0","1","0","65207","2810","408","1165","1379","326","2945","243","1316"
"64d50c85-15cf-4c7f-a23e-29347123ef5f","0","1","1","2553","2603","358","1685","1577","327","2587","204","881"
"64d50c85-15cf-4c7f-a23e-29347123ef5f","0","1","2","2334","2329","340","936","4277","262","5461","320","980"
"64d50c85-15cf-4c7f-a23e-29347123ef5f","0","1","3","2081","1719","299","1233","1551","393","2219","163","991"
"64d50c85-15cf-4c7f-a23e-29347123ef5f","0","1","4","364","2123","706","733","1210","365","1239","227","624"
"64d50c85-15cf-4c7f-a23e-29347123ef5f","0","1","5","1578","1928","275","974","1242","602","1976","179","595"
"64d50c85-15cf-4c7f-a23e-29347123ef5f","0","1","6","1668","1518","312","1097","1484","243","1816","171","370"
"64d50c85-15cf-4c7f-a23e-29347123ef5f","0","1","7","1946","1584","286","1458","933","327","1579","232","504"
"64d50c85-15cf-4c7f-a23e-29347123ef5f","0","1","8","1538","5740","222","917","1580","555","2289","163","322"
"64d50c85-15cf-4c7f-a23e-29347123ef5f","0","1","9","2912","2424","329","1068","1013","323","2311","192","584"
"64d50c85-15cf-4c7f-a23e-29347123ef5f","0","1","10","2912","2424","329","1068","1013","323","2311","192","584"
"64d50c85-15cf-4c7f-a23e-29347123ef5f","0","1","11","2107","2600","603","619","1878","395","2864","380","1407"
"64d50c85-15cf-4c7f-a23e-29347123ef5f","0","1","12","2471","2065","351","848","1071","289","3218","247","815"
"64d50c85-15cf-4c7f-a23e-29347123ef5f","0","1","13","2197","1559","604","834","975","304","1599","303","920"
"64d50c85-15cf-4c7f-a23e-29347123ef5f","0","1","14","1745","1011","420","1168","776","255","1833","203","731"
"64d50c85-15cf-4c7f-a23e-29347123ef5f","0","1","15","1966","1544","313","844","869","351","2077","187","497"
"64d50c85-15cf-4c7f-a23e-29347123ef5f","0","1","16","287","2197","311","663","718","4252","2304","227","464"
"64d50c85-15cf-4c7f-a23e-29347123ef5f","0","1","17","1431","1361","464","885","2711","511","1793","236","392"
"64d50c85-15cf-4c7f-a23e-29347123ef5f","0","1","18","2185","1308","398","441","1476","327","1264","172","863"
"64d50c85-15cf-4c7f-a23e-29347123ef5f","0","1","19","1755","1706","411","908","912","360","3324","207","431"
"64d50c85-15cf-4c7f-a23e-29347123ef5f","0","1","20","2772","1547","272","567","1314","295","2703","236","667"
"64d50c85-15cf-4c7f-a23e-29347123ef5f","0","1","21","2772","1547","272","567","1314","295","2703","236","667"
"64d50c85-15cf-4c7f-a23e-29347123ef5f","1","1","0","2485","4395","464","786","1342","391","5491","275","1517"
"64d50c85-15cf-4c7f-a23e-29347123ef5f","1","1","1","1719","1295","1780","923","1250","348","5885","291","1151"
"64d50c85-15cf-4c7f-a23e-29347123ef5f","1","1","2","1947","1845","236","1294","1466","368","1856","252","851"
"64d50c85-15cf-4c7f-a23e-29347123ef5f","1","1","3","1609","1514","480","693","906","288","1798","287","626"
"64d50c85-15cf-4c7f-a23e-29347123ef5f","1","1","4","2273","1151","356","802","1240","476","1566","241","1028"
"64d50c85-15cf-4c7f-a23e-29347123ef5f","1","1","5","1958","1348","636","797","1057","336","1758","311","150"
"64d50c85-15cf-4c7f-a23e-29347123ef5f","1","1","6","1647","1424","292","668","916","291","1627","252","631"
"64d50c85-15cf-4c7f-a23e-29347123ef5f","1","1","7","2037","1562","315","500","1213","324","2099","264","200"
"64d50c85-15cf-4c7f-a23e-29347123ef5f","1","1","9","1828","1144","384","431","1959","484","2996","215","3021"
"64d50c85-15cf-4c7f-a23e-29347123ef5f","1","1","10","1828","1144","384","431","1959","484","2996","215","3021"
"6f2e2139-b4e8-4092-8b40-a79c691b9e4d","0","1","1","2150","766","265","1533","713","464","676","844","579"
"6f2e2139-b4e8-4092-8b40-a79c691b9e4d","0","1","2","1837","277","533","1039","912","633","844","719","427"
"6f2e2139-b4e8-4092-8b40-a79c691b9e4d","0","1","3","1667","822","531","1509","861","361","1356","1086","505"
"6f2e2139-b4e8-4092-8b40-a79c691b9e4d","0","1","4","1417","375","491","1141","833","487","536","458","902"
"6f2e2139-b4e8-4092-8b40-a79c691b9e4d","0","1","5","695","626","638","1324","590","342","1248","510","398"
"6f2e2139-b4e8-4092-8b40-a79c691b9e4d","0","1","6","1549","294","403","884","1000","483","455","283","798"
"6f2e2139-b4e8-4092-8b40-a79c691b9e4d","0","1","7","626","551","602","1422","608","346","363","274","429"
"6f2e2139-b4e8-4092-8b40-a79c691b9e4d","0","1","8","119","438","609","706","1465","340","708","293","423"
"6f2e2139-b4e8-4092-8b40-a79c691b9e4d","0","1","9","2039","427","359","1367","962","330","1371","375","362"
"6f2e2139-b4e8-4092-8b40-a79c691b9e4d","0","1","10","2039","427","359","1367","962","330","1371","375","362"
"6f2e2139-b4e8-4092-8b40-a79c691b9e4d","1","1","0","2697","1813","419","1501","972","4723","3952","1021","1448"
"6f2e2139-b4e8-4092-8b40-a79c691b9e4d","1","1","1","443","625","365","622","2290","423","829","740","946"
"6f2e2139-b4e8-4092-8b40-a79c691b9e4d","1","1","2","462","829","417","398","961","610","532","349","838"
"6f2e2139-b4e8-4092-8b40-a79c691b9e4d","1","1","3","603","712","274","1299","384","356","375","1025","2195"
"6f2e2139-b4e8-4092-8b40-a79c691b9e4d","1","1","4","557","875","388","607","1489","216","345","225","436"
"6f2e2139-b4e8-4092-8b40-a79c691b9e4d","1","1","5","1540","312","331","1147","753","575","528","232","1016"
"6f2e2139-b4e8-4092-8b40-a79c691b9e4d","1","1","6","14916","472","292","1390","323","437","631","255","489"
"6f2e2139-b4e8-4092-8b40-a79c691b9e4d","1","1","7","397","573","241","426","531","461","474","249","423"
"6f2e2139-b4e8-4092-8b40-a79c691b9e4d","1","1","8","462","595","326","1012","602","419","1532","169","736"
"6f2e2139-b4e8-4092-8b40-a79c691b9e4d","1","1","9","501","651","294","398","790","352","628","226","269"
"6f2e2139-b4e8-4092-8b40-a79c691b9e4d","1","1","10","501","651","294","398","790","352","628","226","269"
"6f2e2139-b4e8-4092-8b40-a79c691b9e4d","2","1","0","12340","3110","303","2259","970","519","718","1097","1086"
"6f2e2139-b4e8-4092-8b40-a79c691b9e4d","2","1","1","5650","1532","225","1635","1426","222","1075","235","1985"
"6f2e2139-b4e8-4092-8b40-a79c691b9e4d","2","1","2","2904","719","408","3075","784","577","1146","771","1220"
"6f2e2139-b4e8-4092-8b40-a79c691b9e4d","2","1","3","1921","400","360","1456","871","547","357","1891","470"
"6f2e2139-b4e8-4092-8b40-a79c691b9e4d","2","1","4","1846","800","212","900","687","408","1521","194","468"
"6f2e2139-b4e8-4092-8b40-a79c691b9e4d","2","1","5","2280","344","502","1659","600","411","482","206","556"
"6f2e2139-b4e8-4092-8b40-a79c691b9e4d","2","1","6","1758","383","492","1136","487","372","275","222","448"
"6f2e2139-b4e8-4092-8b40-a79c691b9e4d","2","1","7","1576","388","382","2138","389","545","449","213","415"
"6f2e2139-b4e8-4092-8b40-a79c691b9e4d","2","1","8","828","462","570","1245","688","564","456","207","396"
"6f2e2139-b4e8-4092-8b40-a79c691b9e4d","2","1","9","1321","244","570","1262","1858","222","2437","183","922"
"6f2e2139-b4e8-4092-8b40-a79c691b9e4d","2","1","10","1321","244","570","1262","1858","222","2437","183","922"
"74b61803-d2f8-4edc-8f94-6699f321d3a8","0","1","0","1182","2026","792","1135","875","658","3395","1545","1021"
"74b61803-d2f8-4edc-8f94-6699f321d3a8","0","1","2","1995","1603","875","728","1602","452","1178","646","737"
"74b61803-d2f8-4edc-8f94-6699f321d3a8","1","1","0","539","1327","749","1096","1341","502","1285","603","4309"
"74b61803-d2f8-4edc-8f94-6699f321d3a8","1","1","1","3992","1624","2025","1054","741","633","922","503","636"
"74b61803-d2f8-4edc-8f94-6699f321d3a8","1","1","2","4409","67359","1438","779","915","560","878","390","548"
"74b61803-d2f8-4edc-8f94-6699f321d3a8","1","1","3","601","962","763","928","1272","548","1870","646","878"
"74b61803-d2f8-4edc-8f94-6699f321d3a8","1","1","4","965","1701","856","1119","950","580","799","615","488"
"74b61803-d2f8-4edc-8f94-6699f321d3a8","1","1","5","2203","1599","2543","585","502","387","1381","705","905"
"74b61803-d2f8-4edc-8f94-6699f321d3a8","1","1","6","8947","1093","1030","742","1140","633","5153","1063","903"
"74b61803-d2f8-4edc-8f94-6699f321d3a8","1","1","7","2099","977","963","998","1076","9335","322","414","826"
"74b61803-d2f8-4edc-8f94-6699f321d3a8","1","1","8","91495","654","1092","783","1861","13141","4625","802","587"
"74b61803-d2f8-4edc-8f94-6699f321d3a8","1","1","9","7492","1445","1239","564","524","1013","2352","2404","817"
"74b61803-d2f8-4edc-8f94-6699f321d3a8","1","1","10","7492","1445","1239","564","524","1013","2352","2404","817"
"74b61803-d2f8-4edc-8f94-6699f321d3a8","1","1","11","2140","1167","1341","966","1007","363","1664","904","637"
"74b61803-d2f8-4edc-8f94-6699f321d3a8","1","1","12","2465","682","554","333","936","546","1089","780","584"
"74b61803-d2f8-4edc-8f94-6699f321d3a8","1","1","13","780","1035","875","453","730","1642","637","518","486"
"74b61803-d2f8-4edc-8f94-6699f321d3a8","1","1","14","2230","2602","538","747","710","385","704","529","433"
"74b61803-d2f8-4edc-8f94-6699f321d3a8","1","1","15","2419","1451","630","720","877","1266","1883","824","565"
"74b61803-d2f8-4edc-8f94-6699f321d3a8","1","1","16","4656","2916","952","988","1441","837","1727","953","1164"
"74b61803-d2f8-4edc-8f94-6699f321d3a8","1","1","17","3106","948","1035","486","1097","2674","608","696","400"
"74b61803-d2f8-4edc-8f94-6699f321d3a8","1","1","18","16646","1187","480","984","818","760","1113","875","1253"
"74b61803-d2f8-4edc-8f94-6699f321d3a8","1","1","19","2293","901","671","896","950","524","2607","942","713"
"74b61803-d2f8-4edc-8f94-6699f321d3a8","1","1","20","8499","3425","2278","2110","633","1210","1442","794","663"
"74b61803-d2f8-4edc-8f94-6699f321d3a8","1","1","21","8499","3425","2278","2110","633","1210","1442","794","663"
"76ceee13-0c73-46a3-9d3c-936d65b65283","0","1","0","558","512","424","554","601","819","1030","1000","1136"
"76ceee13-0c73-46a3-9d3c-936d65b65283","0","1","1","473","561","506","496","982","519","957","646","319"
"76ceee13-0c73-46a3-9d3c-936d65b65283","0","1","2","778","398","411","413","765","305","795","755","279"
"76ceee13-0c73-46a3-9d3c-936d65b65283","0","1","3","570","438","440","584","387","313","620","512","301"
"76ceee13-0c73-46a3-9d3c-936d65b65283","0","1","4","561","381","327","386","498","876","573","323","1211"
"76ceee13-0c73-46a3-9d3c-936d65b65283","0","1","5","674","530","523","293","470","598","707","927","264"
"76ceee13-0c73-46a3-9d3c-936d65b65283","0","1","6","447","474","429","532","481","845","407","654","246"
"76ceee13-0c73-46a3-9d3c-936d65b65283","0","1","7","559","523","736","554","257","2648","633","296","356"
"76ceee13-0c73-46a3-9d3c-936d65b65283","0","1","8","679","494","428","268","432","587","890","710","339"
"76ceee13-0c73-46a3-9d3c-936d65b65283","0","1","9","1275","558","570","531","356","306","403","529","397"
"76ceee13-0c73-46a3-9d3c-936d65b65283","0","1","10","1275","558","570","531","356","306","403","529","397"
"76ceee13-0c73-46a3-9d3c-936d65b65283","1","1","0","469","570","390","960","418","339","775","828","378"
"76ceee13-0c73-46a3-9d3c-936d65b65283","1","1","1","1247","620","504","334","762","662","1682","285","344"
"76ceee13-0c73-46a3-9d3c-936d65b65283","1","1","2","561","415","497","454","510","490","701","660","238"
"76ceee13-0c73-46a3-9d3c-936d65b65283","1","1","3","456","454","433","443","443","704","918","589","377"
"76ceee13-0c73-46a3-9d3c-936d65b65283","1","1","4","473","621","403","479","472","690","868","304","209"
"76ceee13-0c73-46a3-9d3c-936d65b65283","1","1","5","411","525","368","401","411","310","442","344","233"
"76ceee13-0c73-46a3-9d3c-936d65b65283","1","1","6","981","369","358","454","482","444","514","344","271"
"76ceee13-0c73-46a3-9d3c-936d65b65283","1","1","7","406","431","644","826","590","347","1013","258","223"
"76ceee13-0c73-46a3-9d3c-936d65b65283","1","1","8","1163","399","456","503","494","335","463","298","320"
"76ceee13-0c73-46a3-9d3c-936d65b65283","1","1","9","853","513","369","850","525","374","544","232","963"
"76ceee13-0c73-46a3-9d3c-936d65b65283","1","1","10","853","513","369","850","525","374","544","232","963"
"76ceee13-0c73-46a3-9d3c-936d65b65283","2","1","0","460","366","453","566","290","392","1424","888","278"
"76ceee13-0c73-46a3-9d3c-936d65b65283","2","1","1","503","403","439","586","455","931","955","455","307"
"76ceee13-0c73-46a3-9d3c-936d65b65283","2","1","2","680","417","414","1148","384","371","423","309","219"
"76ceee13-0c73-46a3-9d3c-936d65b65283","2","1","3","1291","880","471","565","449","288","306","303","201"
"76ceee13-0c73-46a3-9d3c-936d65b65283","2","1","4","743","423","491","613","1268","363","472","290","484"
"76ceee13-0c73-46a3-9d3c-936d65b65283","2","1","5","1283","571","534","462","807","360","1217","479","280"
"76ceee13-0c73-46a3-9d3c-936d65b65283","2","1","6","2993","414","475","306","338","473","596","256","191"
"76ceee13-0c73-46a3-9d3c-936d65b65283","2","1","7","354","564","453","719","340","358","430","318","302"
"76ceee13-0c73-46a3-9d3c-936d65b65283","2","1","8","796","358","408","1002","357","1064","397","224","194"
"76ceee13-0c73-46a3-9d3c-936d65b65283","2","1","9","670","412","355","471","309","1332","1067","255","243"
"76ceee13-0c73-46a3-9d3c-936d65b65283","2","1","10","670","412","355","471","309","1332","1067","255","243"
"78274e72-031c-4168-bb19-ef98352003a6","0","1","0","2559","4257","257","1262","1185","240","591","1201","1472"
"78274e72-031c-4168-bb19-ef98352003a6","0","1","1","1246","914","223","767","608","304","527","705","431"
"78274e72-031c-4168-bb19-ef98352003a6","0","1","2","744","848","272","767","1362","110","561","943","417"
"78274e72-031c-4168-bb19-ef98352003a6","0","1","3","1845","770","495","895","736","337","656","1040","528"
"78274e72-031c-4168-bb19-ef98352003a6","0","1","4","2012","913","271","848","1089","193","558","369","591"
"78274e72-031c-4168-bb19-ef98352003a6","0","1","5","2510","783","288","848","1056","207","512","256","704"
"78274e72-031c-4168-bb19-ef98352003a6","0","1","6","1739","784","304","1135","705","335","544","240","576"
"78274e72-031c-4168-bb19-ef98352003a6","0","1","7","2800","1217","207","720","611","334","480","624","463"
"78274e72-031c-4168-bb19-ef98352003a6","0","1","8","606","1632","192","912","816","335","497","207","641"
"78274e72-031c-4168-bb19-ef98352003a6","0","1","9","2849","514","367","640","672","367","464","240","608"
"78274e72-031c-4168-bb19-ef98352003a6","0","1","10","2849","514","367","640","672","367","464","240","608"
"78274e72-031c-4168-bb19-ef98352003a6","1","1","0","2019","4753","303","1264","496","560","560","207","1153"
"78274e72-031c-4168-bb19-ef98352003a6","1","1","1","1345","2688","320","1423","433","368","560","1039","529"
"78274e72-031c-4168-bb19-ef98352003a6","1","1","2","1657","624","336","624","864","223","337","911","784"
"78274e72-031c-4168-bb19-ef98352003a6","1","1","3","744","1056","304","832","528","384","639","641","496"
"78274e72-031c-4168-bb19-ef98352003a6","1","1","4","2907","1856","176","560","752","208","400","192","608"
"78274e72-031c-4168-bb19-ef98352003a6","1","1","5","1828","416","176","912","752","256","1616","368","400"
"78274e72-031c-4168-bb19-ef98352003a6","1","1","6","964","976","2336","656","896","353","607","640","400"
"78274e72-031c-4168-bb19-ef98352003a6","1","1","7","2240","640","241","879","1216","241","1471","176","448"
"78274e72-031c-4168-bb19-ef98352003a6","1","1","8","1650","1104","208","864","848","224","432","416","496"
"78274e72-031c-4168-bb19-ef98352003a6","1","1","9","6866","608","384","656","624","304","656","992","608"
"78274e72-031c-4168-bb19-ef98352003a6","1","1","10","6866","608","384","656","624","304","656","992","608"
"78274e72-031c-4168-bb19-ef98352003a6","2","1","0","2838","4928","193","927","1025","305","2094","464","320"
"78274e72-031c-4168-bb19-ef98352003a6","2","1","1","912","1359","368","640","784","209","559","784","416"
"78274e72-031c-4168-bb19-ef98352003a6","2","1","2","781","594","191","527","1025","543","560","544","432"
"78274e72-031c-4168-bb19-ef98352003a6","2","1","3","967","544","512","864","531","349","560","912","432"
"78274e72-031c-4168-bb19-ef98352003a6","2","1","4","1834","704","369","1120","1410","126","575","801","431"
"78274e72-031c-4168-bb19-ef98352003a6","2","1","5","1230","370","190","784","1044","125","447","433","479"
"78274e72-031c-4168-bb19-ef98352003a6","2","1","6","1694","1424","2672","688","816","368","688","880","466"
"78274e72-031c-4168-bb19-ef98352003a6","2","1","7","980","544","465","511","467","366","399","192","480"
"78274e72-031c-4168-bb19-ef98352003a6","2","1","8","977","1249","192","751","546","335","415","224","464"
"78274e72-031c-4168-bb19-ef98352003a6","2","1","9","3245","1280","161","591","368","289","527","175","369"
"78274e72-031c-4168-bb19-ef98352003a6","2","1","10","3245","1280","161","591","368","289","527","175","369"
"78274e72-031c-4168-bb19-ef98352003a6","2","1","11","3245","1280","161","591","368","289","527","175","369"
"7f51dfb9-2994-446b-b18f-be0095e0e0a8","0","1","0","1031","567","604","426","655","816","863","899","595"
"7f51dfb9-2994-446b-b18f-be0095e0e0a8","0","1","1","422","514","612","923","398","719","928","668","308"
"7f51dfb9-2994-446b-b18f-be0095e0e0a8","0","1","2","455","419","438","552","482","791","1297","369","352"
"7f51dfb9-2994-446b-b18f-be0095e0e0a8","0","1","3","420","541","395","385","384","347","678","365","244"
"7f51dfb9-2994-446b-b18f-be0095e0e0a8","0","1","4","434","262","486","539","418","257","844","593","482"
"7f51dfb9-2994-446b-b18f-be0095e0e0a8","0","1","5","848","274","290","282","316","535","535","704","269"
"7f51dfb9-2994-446b-b18f-be0095e0e0a8","0","1","6","1366","294","305","1056","379","364","970","633","392"
"7f51dfb9-2994-446b-b18f-be0095e0e0a8","0","1","7","1243","1556","544","438","375","415","965","552","280"
"7f51dfb9-2994-446b-b18f-be0095e0e0a8","0","1","8","196","506","375","275","892","524","442","478","234"
"7f51dfb9-2994-446b-b18f-be0095e0e0a8","0","1","9","384","340","437","293","513","348","445","379","144"
"7f51dfb9-2994-446b-b18f-be0095e0e0a8","0","1","10","384","340","437","293","513","348","445","379","144"
"7f51dfb9-2994-446b-b18f-be0095e0e0a8","1","1","0","291","534","434","669","336","457","1018","426","277"
"7f51dfb9-2994-446b-b18f-be0095e0e0a8","1","1","1","448","295","503","514","414","375","643","453","434"
"7f51dfb9-2994-446b-b18f-be0095e0e0a8","1","1","2","409","609","312","512","334","2186","1139","588","205"
"7f51dfb9-2994-446b-b18f-be0095e0e0a8","1","1","3","427","475","844","744","744","2659","1068","309","251"
"7f51dfb9-2994-446b-b18f-be0095e0e0a8","1","1","4","535","559","379","322","318","597","780","272","228"
"7f51dfb9-2994-446b-b18f-be0095e0e0a8","1","1","5","407","451","389","270","870","304","980","545","306"
"7f51dfb9-2994-446b-b18f-be0095e0e0a8","1","1","6","430","545","361","285","464","788","1469","388","231"
"7f51dfb9-2994-446b-b18f-be0095e0e0a8","1","1","7","377","312","400","335","334","372","695","692","341"
"7f51dfb9-2994-446b-b18f-be0095e0e0a8","1","1","8","912","353","326","375","193","1200","1148","1902","201"
"7f51dfb9-2994-446b-b18f-be0095e0e0a8","1","1","9","487","235","413","779","290","521","618","501","237"
"7f51dfb9-2994-446b-b18f-be0095e0e0a8","1","1","10","487","235","413","779","290","521","618","501","237"
"9a28ea73-1f26-4647-a236-ccf56a82f33b","0","1","0","463","268","324","278","542","193","2536","563","556"
"9a28ea73-1f26-4647-a236-ccf56a82f33b","0","1","1","382","296","240","204","243","204","1440","200","368"
"9a28ea73-1f26-4647-a236-ccf56a82f33b","0","1","2","399","278","252","315","528","144","1206","184","267"
"9a28ea73-1f26-4647-a236-ccf56a82f33b","0","1","3","10019","338","207","256","258","192","1769","289","174"
"9a28ea73-1f26-4647-a236-ccf56a82f33b","0","1","4","398","229","220","188","528","181","825","172","153"
"9a28ea73-1f26-4647-a236-ccf56a82f33b","0","1","5","375","218","239","202","412","170","822","197","197"
"9a28ea73-1f26-4647-a236-ccf56a82f33b","0","1","6","419","249","186","160","451","150","345","199","81"
"9a28ea73-1f26-4647-a236-ccf56a82f33b","0","1","7","2033","243","208","132","296","214","15174","190","111"
"9a28ea73-1f26-4647-a236-ccf56a82f33b","0","1","8","482","191","216","107","226","1116","1657","158","329"
"9a28ea73-1f26-4647-a236-ccf56a82f33b","0","1","9","480","223","190","138","255","3770","1220","189","179"
"9a28ea73-1f26-4647-a236-ccf56a82f33b","0","1","10","480","223","190","138","255","3770","1220","189","179"
"9a28ea73-1f26-4647-a236-ccf56a82f33b","0","1","11","519","206","191","168","222","205","984","153","218"
"9a28ea73-1f26-4647-a236-ccf56a82f33b","0","1","12","398","257","145","196","554","206","936","171","130"
"9a28ea73-1f26-4647-a236-ccf56a82f33b","0","1","13","538","230","191","176","237","193","556","146","95"
"9a28ea73-1f26-4647-a236-ccf56a82f33b","0","1","14","314","228","140","152","423","168","831","119","110"
"9a28ea73-1f26-4647-a236-ccf56a82f33b","0","1","15","462","198","198","221","376","181","422","135","100"
"9a28ea73-1f26-4647-a236-ccf56a82f33b","0","1","16","330","190","228","132","246","199","594","134","83"
"9a28ea73-1f26-4647-a236-ccf56a82f33b","0","1","17","319","283","188","142","204","192","508","143","85"
"9a28ea73-1f26-4647-a236-ccf56a82f33b","0","1","18","530","172","189","193","243","181","695","157","201"
"9a28ea73-1f26-4647-a236-ccf56a82f33b","0","1","19","335","170","196","145","346","171","324","149","93"
"9a28ea73-1f26-4647-a236-ccf56a82f33b","0","1","20","393","209","191","121","222","199","475","140","71"
"9a28ea73-1f26-4647-a236-ccf56a82f33b","0","1","21","393","209","191","121","222","199","475","140","71"
"9a28ea73-1f26-4647-a236-ccf56a82f33b","1","1","0","512","117","218","525","959","230","496","170","85"
"9a28ea73-1f26-4647-a236-ccf56a82f33b","1","1","1","651","173","246","155","201","154","337","153","94"
"9a28ea73-1f26-4647-a236-ccf56a82f33b","1","1","2","370","220","230","128","208","229","519","166","140"
"9a28ea73-1f26-4647-a236-ccf56a82f33b","1","1","3","636","173","160","546","205","155","292","205","188"
"9a28ea73-1f26-4647-a236-ccf56a82f33b","1","1","4","303","220","216","145","234","153","983","186","108"
"9a28ea73-1f26-4647-a236-ccf56a82f33b","1","1","5","407","229","270","200","257","192","473","171","113"
"9a28ea73-1f26-4647-a236-ccf56a82f33b","1","1","6","335","184","218","152","234","147","562","187","98"
"9a28ea73-1f26-4647-a236-ccf56a82f33b","1","1","7","365","176","209","137","201","192","470","128","72"
"9a28ea73-1f26-4647-a236-ccf56a82f33b","1","1","8","367","182","190","115","246","174","245","140","102"
"9a28ea73-1f26-4647-a236-ccf56a82f33b","1","1","9","324","205","191","140","169","1884","1114","114","127"
"9a28ea73-1f26-4647-a236-ccf56a82f33b","1","1","10","324","205","191","140","169","1884","1114","114","127"
"9a28ea73-1f26-4647-a236-ccf56a82f33b","2","1","0","318","611","205","250","273","260","660","200","80"
"9a28ea73-1f26-4647-a236-ccf56a82f33b","2","1","1","258","196","200","116","216","181","554","135","161"
"9a28ea73-1f26-4647-a236-ccf56a82f33b","2","1","2","372","134","192","135","206","180","353","182","140"
"9a28ea73-1f26-4647-a236-ccf56a82f33b","2","1","3","310","176","423","272","239","222","627","257","185"
"9a28ea73-1f26-4647-a236-ccf56a82f33b","2","1","4","339","248","190","138","190","204","428","169","92"
"9a28ea73-1f26-4647-a236-ccf56a82f33b","2","1","5","357","178","183","126","205","172","346","114","103"
"9a28ea73-1f26-4647-a236-ccf56a82f33b","2","1","6","234","399","164","247","209","158","804","148","97"
"9a28ea73-1f26-4647-a236-ccf56a82f33b","2","1","7","366","229","192","124","238","196","526","148","98"
"9a28ea73-1f26-4647-a236-ccf56a82f33b","2","1","8","502","198","181","136","262","202","378","198","188"
"9a28ea73-1f26-4647-a236-ccf56a82f33b","2","1","9","323","220","188","117","160","174","920","162","115"
"9a28ea73-1f26-4647-a236-ccf56a82f33b","2","1","10","323","220","188","117","160","174","920","162","115"
"a11b642e-75bc-4ae8-bb00-cbff9c3b2e88","1","1","0","5349","5163","439","1434","1806","653","1545","2065","1777"
"a11b642e-75bc-4ae8-bb00-cbff9c3b2e88","1","1","1","2448","1843","571","765","1565","498","1038","1439","562"
"a11b642e-75bc-4ae8-bb00-cbff9c3b2e88","1","1","2","1296","1338","618","1445","1255","328","1016","413","1174"
"a11b642e-75bc-4ae8-bb00-cbff9c3b2e88","1","1","3","1502","1911","442","1251","1107","415","1126","910","829"
"a11b642e-75bc-4ae8-bb00-cbff9c3b2e88","1","1","4","1313","1447","481","1465","1481","422","1011","1829","625"
"a11b642e-75bc-4ae8-bb00-cbff9c3b2e88","1","1","5","1078","1352","394","1125","1010","376","919","702","556"
"a11b642e-75bc-4ae8-bb00-cbff9c3b2e88","1","1","6","1293","1179","616","825","1738","375","1220","491","744"
"a11b642e-75bc-4ae8-bb00-cbff9c3b2e88","1","1","7","1240","1362","475","836","1211","351","1424","482","757"
"a11b642e-75bc-4ae8-bb00-cbff9c3b2e88","1","1","8","1474","1645","602","1332","1506","335","633","879","545"
"a11b642e-75bc-4ae8-bb00-cbff9c3b2e88","1","1","9","1230","1130","454","761","1139","335","812","334","632"
"a11b642e-75bc-4ae8-bb00-cbff9c3b2e88","1","1","10","1230","1130","454","761","1139","335","812","334","632"
"a11b642e-75bc-4ae8-bb00-cbff9c3b2e88","2","1","0","1495","2061","2370","375","2084","466","559","2764","567"
"a11b642e-75bc-4ae8-bb00-cbff9c3b2e88","2","1","1","2669","1802","602","1203","1459","351","1802","520","691"
"a11b642e-75bc-4ae8-bb00-cbff9c3b2e88","2","1","2","1524","1908","266","859","1701","352","981","796","639"
"a11b642e-75bc-4ae8-bb00-cbff9c3b2e88","2","1","3","1736","1634","514","1065","1457","413","721","363","960"
"a11b642e-75bc-4ae8-bb00-cbff9c3b2e88","2","1","4","1450","1604","678","1016","1114","370","1522","479","687"
"a11b642e-75bc-4ae8-bb00-cbff9c3b2e88","2","1","5","1984","1831","524","924","925","463","1326","426","562"
"a11b642e-75bc-4ae8-bb00-cbff9c3b2e88","2","1","6","2526","1370","487","818","1366","688","1254","480","597"
"a11b642e-75bc-4ae8-bb00-cbff9c3b2e88","2","1","7","1956","1247","472","645","1030","425","1392","720","596"
"a11b642e-75bc-4ae8-bb00-cbff9c3b2e88","2","1","8","1193","1641","212","834","1049","614","1130","673","557"
"a11b642e-75bc-4ae8-bb00-cbff9c3b2e88","2","1","9","1394","1232","486","1009","789","548","1070","416","599"
"a11b642e-75bc-4ae8-bb00-cbff9c3b2e88","2","1","10","1394","1232","486","1009","789","548","1070","416","599"
"a6507dfb-3bf3-4007-bc5f-0e74cb0809d5","0","1","0","974","543","263","425","763","577","1374","434","688"
"a6507dfb-3bf3-4007-bc5f-0e74cb0809d5","0","1","1","647","1226","194","296","473","305","975","222","344"
"a6507dfb-3bf3-4007-bc5f-0e74cb0809d5","0","1","2","1086","465","189","573","620","250","1060","301","276"
"a6507dfb-3bf3-4007-bc5f-0e74cb0809d5","0","1","3","862","622","233","633","622","709","3414","202","245"
"a6507dfb-3bf3-4007-bc5f-0e74cb0809d5","0","1","4","1268","344","256","744","450","252","941","242","502"
"a6507dfb-3bf3-4007-bc5f-0e74cb0809d5","0","1","5","1623","253","488","223","290","10253","480","333","245"
"a6507dfb-3bf3-4007-bc5f-0e74cb0809d5","0","1","6","1461","560","290","565","1046","368","1242","222","255"
"a6507dfb-3bf3-4007-bc5f-0e74cb0809d5","0","1","7","871","479","225","320","608","209","706","334","362"
"a6507dfb-3bf3-4007-bc5f-0e74cb0809d5","0","1","8","997","843","185","310","690","261","917","283","405"
"a6507dfb-3bf3-4007-bc5f-0e74cb0809d5","0","1","9","931","823","222","405","444","244","580","271","349"
"a6507dfb-3bf3-4007-bc5f-0e74cb0809d5","0","1","10","931","823","222","405","444","244","580","271","349"
"a6507dfb-3bf3-4007-bc5f-0e74cb0809d5","1","1","0","1129","561","374","433","617","431","1185","263","404"
"a6507dfb-3bf3-4007-bc5f-0e74cb0809d5","1","1","1","698","407","311","470","736","484","1688","416","407"
"a6507dfb-3bf3-4007-bc5f-0e74cb0809d5","1","1","2","891","428","295","400","656","335","1126","218","309"
"a6507dfb-3bf3-4007-bc5f-0e74cb0809d5","1","1","3","725","788","645","366","681","336","1025","433","278"
"a6507dfb-3bf3-4007-bc5f-0e74cb0809d5","1","1","4","1440","880","384","328","408","239","913","248","440"
"a6507dfb-3bf3-4007-bc5f-0e74cb0809d5","1","1","5","744","396","276","302","574","3040","457","815","280"
"a6507dfb-3bf3-4007-bc5f-0e74cb0809d5","1","1","6","679","281","201","262","696","248","809","200","287"
"a6507dfb-3bf3-4007-bc5f-0e74cb0809d5","1","1","7","620","209","255","269","723","512","425","263","256"
"a6507dfb-3bf3-4007-bc5f-0e74cb0809d5","1","1","8","788","421","263","296","576","2216","672","192","344"
"a6507dfb-3bf3-4007-bc5f-0e74cb0809d5","1","1","9","709","296","240","392","209","791","817","247","441"
"a6507dfb-3bf3-4007-bc5f-0e74cb0809d5","1","1","10","709","296","240","392","209","791","817","247","441"
"a6507dfb-3bf3-4007-bc5f-0e74cb0809d5","2","1","0","107","235","202","892","401","223","3653","323","456"
"b5efef81-d69e-4e71-8b5e-6e4b1aaa82cc","0","1","0","768","1571","539","1196","660","382","1613","307","329"
"b5efef81-d69e-4e71-8b5e-6e4b1aaa82cc","0","1","1","959","552","183","931","546","352","729","332","555"
"b5efef81-d69e-4e71-8b5e-6e4b1aaa82cc","0","1","2","1222","494","400","694","756","350","451","272","411"
"b5efef81-d69e-4e71-8b5e-6e4b1aaa82cc","0","1","3","769","390","387","777","363","265","1370","258","263"
"b5efef81-d69e-4e71-8b5e-6e4b1aaa82cc","0","1","4","1470","717","546","449","576","472","685","292","294"
"b5efef81-d69e-4e71-8b5e-6e4b1aaa82cc","0","1","5","1499","1022","183","457","487","402","588","277","143"
"b5efef81-d69e-4e71-8b5e-6e4b1aaa82cc","0","1","6","1075","365","267","1276","305","257","522","255","230"
"b5efef81-d69e-4e71-8b5e-6e4b1aaa82cc","0","1","7","629","265","294","523","376","395","1143","527","184"
"b5efef81-d69e-4e71-8b5e-6e4b1aaa82cc","0","1","8","629","265","294","523","376","395","1143","527","184"
"b5efef81-d69e-4e71-8b5e-6e4b1aaa82cc","0","1","9","1326","416","546","484","474","334","462","276","298"
"b5efef81-d69e-4e71-8b5e-6e4b1aaa82cc","0","1","10","951","280","303","395","305","249","478","242","205"
"b5efef81-d69e-4e71-8b5e-6e4b1aaa82cc","0","1","11","951","280","303","395","305","249","478","242","205"
"b5efef81-d69e-4e71-8b5e-6e4b1aaa82cc","1","1","0","617","639","155","873","666","329","840","324","286"
"b5efef81-d69e-4e71-8b5e-6e4b1aaa82cc","1","1","1","426","422","319","1086","432","270","751","288","398"
"b5efef81-d69e-4e71-8b5e-6e4b1aaa82cc","1","1","2","1692","493","146","364","362","416","2562","320","373"
"b5efef81-d69e-4e71-8b5e-6e4b1aaa82cc","1","1","3","445","471","299","1144","436","330","653","293","315"
"b5efef81-d69e-4e71-8b5e-6e4b1aaa82cc","1","1","4","1031","257","279","898","525","1611","329","276","112"
"b5efef81-d69e-4e71-8b5e-6e4b1aaa82cc","1","1","5","1142","375","143","508","410","404","462","295","248"
"b5efef81-d69e-4e71-8b5e-6e4b1aaa82cc","1","1","6","708","375","130","446","812","584","444","310","181"
"b5efef81-d69e-4e71-8b5e-6e4b1aaa82cc","1","1","7","1161","508","174","695","483","297","638","269","255"
"b5efef81-d69e-4e71-8b5e-6e4b1aaa82cc","1","1","8","388","467","140","825","285","307","689","242","212"
"b5efef81-d69e-4e71-8b5e-6e4b1aaa82cc","1","1","9","1026","288","307","925","366","307","683","232","159"
"b5efef81-d69e-4e71-8b5e-6e4b1aaa82cc","1","1","10","1026","288","307","925","366","307","683","232","159"
"b5efef81-d69e-4e71-8b5e-6e4b1aaa82cc","2","1","0","974","773","193","746","351","551","1296","490","273"
"b5efef81-d69e-4e71-8b5e-6e4b1aaa82cc","2","1","1","495","427","340","440","451","1595","439","288","744"
"b5efef81-d69e-4e71-8b5e-6e4b1aaa82cc","2","1","2","331","547","446","623","766","450","1165","325","143"
"b5efef81-d69e-4e71-8b5e-6e4b1aaa82cc","2","1","3","549","399","346","854","482","371","665","279","171"
"b5efef81-d69e-4e71-8b5e-6e4b1aaa82cc","2","1","4","381","472","381","829","828","270","545","290","246"
"b5efef81-d69e-4e71-8b5e-6e4b1aaa82cc","2","1","5","371","686","208","311","416","262","668","255","231"
"b5efef81-d69e-4e71-8b5e-6e4b1aaa82cc","2","1","6","818","565","218","1491","399","238","545","274","234"
"b5efef81-d69e-4e71-8b5e-6e4b1aaa82cc","2","1","7","410","351","441","402","277","287","546","254","128"
"b5efef81-d69e-4e71-8b5e-6e4b1aaa82cc","2","1","8","387","767","185","363","1276","311","651","256","216"
"b5efef81-d69e-4e71-8b5e-6e4b1aaa82cc","2","1","9","412","596","175","422","496","429","476","269","338"
"b5efef81-d69e-4e71-8b5e-6e4b1aaa82cc","2","1","10","412","596","175","422","496","429","476","269","338"
"bafdabe2-8b49-434a-aaf3-b06d61906024","0","1","0","1935","800","336","1368","3536","456","1000","232","800"
"bafdabe2-8b49-434a-aaf3-b06d61906024","0","1","1","883","640","480","1000","1504","2856","704","216","599"
"bafdabe2-8b49-434a-aaf3-b06d61906024","0","1","2","1462","481","423","1280","624","480","1112","264","736"
"bafdabe2-8b49-434a-aaf3-b06d61906024","0","1","3","1882","1064","425","1591","1104","2368","544","232","432"
"bafdabe2-8b49-434a-aaf3-b06d61906024","0","1","4","1615","1760","401","703","1032","544","2256","320","656"
"bafdabe2-8b49-434a-aaf3-b06d61906024","0","1","5","1403","1032","466","1030","888","520","656","472","496"
"bafdabe2-8b49-434a-aaf3-b06d61906024","0","1","6","601","1760","353","1583","1304","400","776","216","824"
"bafdabe2-8b49-434a-aaf3-b06d61906024","0","1","7","1113","520","296","975","856","2081","560","224","792"
"bafdabe2-8b49-434a-aaf3-b06d61906024","0","1","9","764","1440","546","1367","615","393","687","209","824"
"bafdabe2-8b49-434a-aaf3-b06d61906024","0","1","10","764","1440","546","1367","615","393","687","209","824"
"bafdabe2-8b49-434a-aaf3-b06d61906024","1","1","0","1857","1151","362","1943","1560","584","1496","232","727"
"bafdabe2-8b49-434a-aaf3-b06d61906024","1","1","1","1612","1473","383","1096","1248","313","799","208","1648"
"bafdabe2-8b49-434a-aaf3-b06d61906024","1","1","2","1545","1057","337","1567","1552","352","527","249","640"
"bafdabe2-8b49-434a-aaf3-b06d61906024","1","1","3","2458","1590","298","1246","1529","311","1176","297","713"
"bafdabe2-8b49-434a-aaf3-b06d61906024","1","1","4","1071","1288","338","1143","944","424","1487","297","735"
"bafdabe2-8b49-434a-aaf3-b06d61906024","1","1","5","572","1617","297","926","1112","296","1256","248","864"
"bafdabe2-8b49-434a-aaf3-b06d61906024","1","1","6","1073","506","440","1254","761","361","1462","280","528"
"bafdabe2-8b49-434a-aaf3-b06d61906024","1","1","7","1192","977","471","408","1081","264","599","249","399"
"bafdabe2-8b49-434a-aaf3-b06d61906024","1","1","8","1304","393","353","1118","760","360","801","231","608"
"bafdabe2-8b49-434a-aaf3-b06d61906024","1","1","9","1288","1001","321","926","871","273","600","248","376"
"bafdabe2-8b49-434a-aaf3-b06d61906024","1","1","10","1288","1001","321","926","871","273","600","248","376"
"e41db89e-c7b4-4c6c-9016-d89e258bf28b","0","1","0","1034","772","348","268","1100","162","556","308","223"
"e41db89e-c7b4-4c6c-9016-d89e258bf28b","0","1","1","712","480","280","218","748","249","589","208","200"
"e41db89e-c7b4-4c6c-9016-d89e258bf28b","0","1","2","598","227","269","262","1116","136","553","236","187"
"e41db89e-c7b4-4c6c-9016-d89e258bf28b","0","1","3","720","199","292","214","634","993","790","239","124"
"e41db89e-c7b4-4c6c-9016-d89e258bf28b","0","1","4","551","205","292","154","408","125","837","203","186"
"e41db89e-c7b4-4c6c-9016-d89e258bf28b","0","1","5","620","224","236","155","405","95","885","374","198"
"e41db89e-c7b4-4c6c-9016-d89e258bf28b","0","1","6","1101","153","262","308","199","845","282","407","230"
"e41db89e-c7b4-4c6c-9016-d89e258bf28b","0","1","7","529","152","912","56","397","183","647","178","194"
"e41db89e-c7b4-4c6c-9016-d89e258bf28b","0","1","8","507","153","231","189","415","201","985","455","201"
"e41db89e-c7b4-4c6c-9016-d89e258bf28b","0","1","9","584","152","234","187","518","134","373","498","187"
"e41db89e-c7b4-4c6c-9016-d89e258bf28b","0","1","10","584","152","234","187","518","134","373","498","187"
"e41db89e-c7b4-4c6c-9016-d89e258bf28b","1","1","0","635","250","1596","123","511","199","779","515","259"
"e41db89e-c7b4-4c6c-9016-d89e258bf28b","1","1","1","760","204","268","335","472","352","1110","222","247"
"e41db89e-c7b4-4c6c-9016-d89e258bf28b","1","1","2","655","203","250","920","491","270","604","236","303"
"e41db89e-c7b4-4c6c-9016-d89e258bf28b","1","1","3","1002","148","279","748","404","170","1558","196","235"
"e41db89e-c7b4-4c6c-9016-d89e258bf28b","1","1","4","880","161","248","591","472","102","1299","493","331"
"e41db89e-c7b4-4c6c-9016-d89e258bf28b","1","1","5","3343","186","220","806","371","139","781","404","259"
"e41db89e-c7b4-4c6c-9016-d89e258bf28b","1","1","6","668","161","227","635","370","104","918","377","289"
"e41db89e-c7b4-4c6c-9016-d89e258bf28b","1","1","7","1161","255","417","370","504","173","671","535","282"
"e41db89e-c7b4-4c6c-9016-d89e258bf28b","1","1","8","1099","212","210","238","353","93","1112","337","155"
"e41db89e-c7b4-4c6c-9016-d89e258bf28b","1","1","9","1272","256","234","451","335","90","476","355","240"
"e41db89e-c7b4-4c6c-9016-d89e258bf28b","1","1","10","1272","256","234","451","335","90","476","355","240"
"e6404804-9a54-418a-a8f0-775592877cfe","0","1","0","400","390","257","291","360","209","2919","1869","607"
"e6404804-9a54-418a-a8f0-775592877cfe","0","1","1","727","209","231","278","247","292","2401","568","561"
"e6404804-9a54-418a-a8f0-775592877cfe","0","1","2","697","178","239","122","267","226","1685","276","589"
"e6404804-9a54-418a-a8f0-775592877cfe","0","1","3","480","180","340","412","360","320","2287","282","580"
"e6404804-9a54-418a-a8f0-775592877cfe","0","1","5","485","173","253","298","288","287","1847","619","392"
"e6404804-9a54-418a-a8f0-775592877cfe","0","1","6","792","188","291","258","266","316","733","581","454"
"e6404804-9a54-418a-a8f0-775592877cfe","0","1","7","656","174","215","126","276","200","931","791","130"
"e6404804-9a54-418a-a8f0-775592877cfe","0","1","8","825","234","278","150","305","202","855","271","200"
"e6404804-9a54-418a-a8f0-775592877cfe","0","1","9","633","167","249","152","225","198","777","243","216"
"e6404804-9a54-418a-a8f0-775592877cfe","0","1","10","633","167","249","152","225","198","777","243","216"
"e6404804-9a54-418a-a8f0-775592877cfe","1","1","0","816","128","257","165","342","207","1441","234","201"
"e6404804-9a54-418a-a8f0-775592877cfe","1","1","1","490","99","224","142","288","845","315","316","301"
"e6404804-9a54-418a-a8f0-775592877cfe","1","1","2","664","136","251","828","361","441","360","636","209"
"e6404804-9a54-418a-a8f0-775592877cfe","1","1","3","567","147","231","135","277","178","882","228","216"
"e6404804-9a54-418a-a8f0-775592877cfe","1","1","4","592","176","291","101","257","205","681","244","181"
"e6404804-9a54-418a-a8f0-775592877cfe","1","1","5","2939","154","269","85","251","168","212","460","191"
"e6404804-9a54-418a-a8f0-775592877cfe","1","1","6","695","262","317","114","235","157","520","375","143"
"e6404804-9a54-418a-a8f0-775592877cfe","1","1","7","703","131","276","495","229","188","412","250","124"
"e6404804-9a54-418a-a8f0-775592877cfe","1","1","8","521","91","273","103","292","163","724","165","823"
"e6404804-9a54-418a-a8f0-775592877cfe","1","1","9","596","125","246","103","201","157","289","291","212"
"e6404804-9a54-418a-a8f0-775592877cfe","1","1","10","596","125","246","103","201","157","289","291","212"
"e6404804-9a54-418a-a8f0-775592877cfe","2","1","0","555","153","218","137","368","2623","356","320","320"
"e6404804-9a54-418a-a8f0-775592877cfe","2","1","1","741","134","185","146","318","1475","234","268","188"
"e861cdce-a713-40ab-82ac-4d9691788a19","0","1","0","433","1697","342","1240","881","599","5344","2321","375"
"e861cdce-a713-40ab-82ac-4d9691788a19","0","1","1","3083","1735","376","1599","1120","377","1577","254","473"
"e861cdce-a713-40ab-82ac-4d9691788a19","0","1","2","1605","991","377","960","1327","609","1340","248","409"
"e861cdce-a713-40ab-82ac-4d9691788a19","0","1","3","2455","520","288","1296","639","656","2265","256","768"
"e861cdce-a713-40ab-82ac-4d9691788a19","0","1","4","1685","791","327","1193","992","631","929","232","223"
"e861cdce-a713-40ab-82ac-4d9691788a19","0","1","5","2120","481","247","1264","488","1368","1128","264","415"
"e861cdce-a713-40ab-82ac-4d9691788a19","0","1","6","5111","760","312","448","1560","561","1087","272","312"
"e861cdce-a713-40ab-82ac-4d9691788a19","0","1","7","1647","1837","328","969","1055","568","1290","278","216"
"e861cdce-a713-40ab-82ac-4d9691788a19","0","1","8","2225","1342","337","663","856","632","1160","256","313"
"e861cdce-a713-40ab-82ac-4d9691788a19","0","1","9","1671","3678","319","1530","918","537","1016","272","311"
"e861cdce-a713-40ab-82ac-4d9691788a19","0","1","10","1671","3678","319","1530","918","537","1016","272","311"
"e861cdce-a713-40ab-82ac-4d9691788a19","1","1","0","2955","2747","293","2543","670","573","4733","337","1625"
"e861cdce-a713-40ab-82ac-4d9691788a19","1","1","1","2578","1801","330","1291","981","687","1149","267","305"
"e861cdce-a713-40ab-82ac-4d9691788a19","1","1","2","3782","4133","375","1260","769","793","1313","260","278"
"e861cdce-a713-40ab-82ac-4d9691788a19","1","1","3","1717","894","411","1322","635","291","1212","263","260"
"e861cdce-a713-40ab-82ac-4d9691788a19","1","1","4","761","238","339","716","844","552","985","238","198"
"e861cdce-a713-40ab-82ac-4d9691788a19","1","1","5","1524","1011","396","1005","759","664","839","274","392"
"e861cdce-a713-40ab-82ac-4d9691788a19","1","1","6","1809","913","345","972","824","819","1169","269","193"
"e861cdce-a713-40ab-82ac-4d9691788a19","1","1","7","1429","1083","295","920","839","549","803","296","196"
"e861cdce-a713-40ab-82ac-4d9691788a19","1","1","8","1493","534","354","977","800","752","971","255","113"
"e861cdce-a713-40ab-82ac-4d9691788a19","1","1","9","1332","738","345","801","1040","623","776","261","132"
"e861cdce-a713-40ab-82ac-4d9691788a19","1","1","10","1332","738","345","801","1040","623","776","261","132"
"e861cdce-a713-40ab-82ac-4d9691788a19","2","1","0","2069","991","345","1159","1664","712","940","243","422"
"e861cdce-a713-40ab-82ac-4d9691788a19","2","1","1","1526","504","306","647","1037","498","1067","291","379"
"e861cdce-a713-40ab-82ac-4d9691788a19","2","1","2","5095","1586","407","837","517","387","856","244","325"
"e861cdce-a713-40ab-82ac-4d9691788a19","2","1","3","1588","1137","335","1186","778","433","843","230","333"
"e861cdce-a713-40ab-82ac-4d9691788a19","2","1","4","1345","507","293","628","973","705","947","221","144"
"e861cdce-a713-40ab-82ac-4d9691788a19","2","1","5","2073","599","390","677","1031","427","760","255","354"
"e861cdce-a713-40ab-82ac-4d9691788a19","2","1","6","706","1216","322","820","1121","439","947","228","164"
"e861cdce-a713-40ab-82ac-4d9691788a19","2","1","7","1544","801","319","709","936","569","1725","259","145"
"e861cdce-a713-40ab-82ac-4d9691788a19","2","1","8","1551","737","357","450","1117","579","942","267","261"
"e861cdce-a713-40ab-82ac-4d9691788a19","2","1","9","849","475","277","967","695","357","744","257","264"
"e861cdce-a713-40ab-82ac-4d9691788a19","2","1","10","849","475","277","967","695","357","744","257","264"
"ea92f37c-6652-4339-b685-7ae99d5f272f","0","1","0","2001","1857","285","553","424","739","1342","508","942"
"ea92f37c-6652-4339-b685-7ae99d5f272f","0","1","1","2459","372","391","730","1365","179","1760","226","193"
"ea92f37c-6652-4339-b685-7ae99d5f272f","0","1","2","893","231","273","851","1162","170","313","375","1028"
"ea92f37c-6652-4339-b685-7ae99d5f272f","0","1","3","612","419","1487","200","993","2838","228","443","571"
"ea92f37c-6652-4339-b685-7ae99d5f272f","0","1","4","445","302","374","715","476","629","1575","212","217"
"ea92f37c-6652-4339-b685-7ae99d5f272f","0","1","5","545","318","489","1123","307","552","1407","174","239"
"ea92f37c-6652-4339-b685-7ae99d5f272f","0","1","6","894","372","311","696","439","707","836","261","204"
"ea92f37c-6652-4339-b685-7ae99d5f272f","0","1","7","1838","562","545","543","578","494","496","245","879"
"ea92f37c-6652-4339-b685-7ae99d5f272f","0","1","8","572","339","374","467","1215","193","585","342","219"
"ea92f37c-6652-4339-b685-7ae99d5f272f","0","1","9","1521","326","402","360","461","481","541","1390","133"
"ea92f37c-6652-4339-b685-7ae99d5f272f","0","1","10","1521","326","402","360","461","481","541","1390","133"
"ea92f37c-6652-4339-b685-7ae99d5f272f","1","1","0","593","341","293","556","799","700","1746","464","199"
"ea92f37c-6652-4339-b685-7ae99d5f272f","1","1","1","704","231","320","163","1207","339","1064","494","389"
"ea92f37c-6652-4339-b685-7ae99d5f272f","1","1","2","556","426","310","423","532","429","863","320","202"
"ea92f37c-6652-4339-b685-7ae99d5f272f","1","1","3","1514","1075","273","312","424","609","1273","376","136"
"ea92f37c-6652-4339-b685-7ae99d5f272f","1","1","4","1323","423","473","368","826","-615","631","365","270"
"ea92f37c-6652-4339-b685-7ae99d5f272f","1","1","5","498","395","347","308","520","437","550","537","141"
"ea92f37c-6652-4339-b685-7ae99d5f272f","1","1","6","1832","390","437","231","519","420","656","374","180"
"ea92f37c-6652-4339-b685-7ae99d5f272f","1","1","7","508","266","483","257","411","437","511","320","186"
"ea92f37c-6652-4339-b685-7ae99d5f272f","1","1","8","961","745","473","183","595","419","517","265","274"
"ea92f37c-6652-4339-b685-7ae99d5f272f","1","1","9","393","356","359","303","352","383","488","237","122"
"ea92f37c-6652-4339-b685-7ae99d5f272f","1","1","10","393","356","359","303","352","383","488","237","122"
"ea92f37c-6652-4339-b685-7ae99d5f272f","2","1","0","1707","309","320","696","944","489","738","367","212"
"ea92f37c-6652-4339-b685-7ae99d5f272f","2","1","1","409","351","378","840","1239","497","968","264","144"
"ea92f37c-6652-4339-b685-7ae99d5f272f","2","1","2","1646","1419","439","257","737","493","1385","295","226"
"ea92f37c-6652-4339-b685-7ae99d5f272f","2","1","3","519","544","537","332","771","463","521","261","184"
"ea92f37c-6652-4339-b685-7ae99d5f272f","2","1","4","507","338","1390","260","757","573","591","243","181"
"ea92f37c-6652-4339-b685-7ae99d5f272f","2","1","5","1828","244","314","392","394","366","465","209","175"
"ea92f37c-6652-4339-b685-7ae99d5f272f","2","1","6","663","316","314","506","968","132","632","276","183"
"ea92f37c-6652-4339-b685-7ae99d5f272f","2","1","7","2207","288","368","208","336","426","518","216","176"
"ea92f37c-6652-4339-b685-7ae99d5f272f","2","1","8","2207","288","368","208","336","426","518","216","176"
"ea92f37c-6652-4339-b685-7ae99d5f272f","2","1","9","1551","705","520","451","900","497","571","252","144"
"ea92f37c-6652-4339-b685-7ae99d5f272f","2","1","10","420","313","535","551","431","601","505","220","138"
"ea92f37c-6652-4339-b685-7ae99d5f272f","2","1","11","420","313","535","551","431","601","505","220","138"