"user","session","task","iteration","digraph_qu","digraph_u!","digraph_!f","digraph_fa","digraph_aB","digraph_B8","digraph_8*","digraph_*e","digraph_en"
"1060d17b-2e21-4a6b-90f1-f451764a20d0","0","1","0","2383","1479","1695","1423","1006","708","1881","1156","727"
"1060d17b-2e21-4a6b-90f1-f451764a20d0","0","1","1","1199","1016","1487","1423","1118","1286","2355","1233","704"
"1060d17b-2e21-4a6b-90f1-f451764a20d0","0","1","2","1014","3597","4096","1296","1401","894","3859","891","780"
"1060d17b-2e21-4a6b-90f1-f451764a20d0","0","1","3","1975","3091","3989","1845","1262","1691","1854","1074","728"
"1060d17b-2e21-4a6b-90f1-f451764a20d0","0","1","4","1860","799","1348","1353","719","1078","2013","1020","578"
"1060d17b-2e21-4a6b-90f1-f451764a20d0","0","1","5","1513","1563","1792","1124","537","630","1861","469","294"
"1060d17b-2e21-4a6b-90f1-f451764a20d0","0","1","6","1163","2114","1772","546","743","689","1087","592","305"
"1060d17b-2e21-4a6b-90f1-f451764a20d0","0","1","7","1484","1101","1736","1231","1753","991","1098","493","365"
"1060d17b-2e21-4a6b-90f1-f451764a20d0","0","1","8","4105","1146","1705","1061","1697","874","1532","687","395"
"1060d17b-2e21-4a6b-90f1-f451764a20d0","0","1","9","1243","1655","1197","977","937","1413","1832","857","478"
"1060d17b-2e21-4a6b-90f1-f451764a20d0","0","1","10","1243","1655","1197","977","937","1413","1832","857","478"
"1060d17b-2e21-4a6b-90f1-f451764a20d0","1","1","0","912","1683","2396","1126","1559","604","1416","712","380"
"1060d17b-2e21-4a6b-90f1-f451764a20d0","1","1","1","542","1219","1693","843","1353","737","850","925","803"
"1060d17b-2e21-4a6b-90f1-f451764a20d0","1","1","2","583","892","1912","1880","2351","946","1748","1628","842"
"1060d17b-2e21-4a6b-90f1-f451764a20d0","1","1","3","1775","1087","1078","973","1293","1044","789","748","649"
"1060d17b-2e21-4a6b-90f1-f451764a20d0","1","1","4","1488","1476","2042","1393","1500","1157","1847","1027","658"
"1060d17b-2e21-4a6b-90f1-f451764a20d0","1","1","5","1162","1299","1318","775","958","1844","597","1175","1041"
"1060d17b-2e21-4a6b-90f1-f451764a20d0","1","1","6","793","920","912","787","931","757","941","764","656"
"1060d17b-2e21-4a6b-90f1-f451764a20d0","1","1","7","1108","892","1238","1096","913","1066","1386","550","391"
"1060d17b-2e21-4a6b-90f1-f451764a20d0","1","1","8","830","1267","1139","941","799","615","863","1028","785"
"1060d17b-2e21-4a6b-90f1-f451764a20d0","1","1","9","1283","657","1163","1205","1006","718","756","813","750"
"1060d17b-2e21-4a6b-90f1-f451764a20d0","1","1","10","1283","657","1163","1205","1006","718","756","813","750"
"1060d17b-2e21-4a6b-90f1-f451764a20d0","2","1","0","895","617","613","484","740","607","1006","598","334"
"1060d17b-2e21-4a6b-90f1-f451764a20d0","2","1","1","566","1591","1394","502","438","1119","706","643","593"
"1060d17b-2e21-4a6b-90f1-f451764a20d0","2","1","2","814","655","706","702","1868","780","931","568","456"
"1060d17b-2e21-4a6b-90f1-f451764a20d0","2","1","3","754","556","1036","830","1001","866","747","651","530"
"1060d17b-2e21-4a6b-90f1-f451764a20d0","2","1","4","595","628","661","522","1356","864","720","479","362"
"1060d17b-2e21-4a6b-90f1-f451764a20d0","2","1","5","1185","850","966","703","743","1034","1176","525","415"
"1060d17b-2e21-4a6b-90f1-f451764a20d0","2","1","6","1138","662","551","390","655","684","808","484","323"
"1060d17b-2e21-4a6b-90f1-f451764a20d0","2","1","7","1231","629","547","411","631","678","753","446","299"
"1060d17b-2e21-4a6b-90f1-f451764a20d0","2","1","8","588","589","626","472","473","490","668","414","295"
"10f69cd9-1e5d-4e54-93e8-bfbae554d069","0","1","0","2307","740","704","660","432","800","1201","520","295"
"10f69cd9-1e5d-4e54-93e8-bfbae554d069","0","1","1","1720","649","792","586","524","1609","1393","639","391"
"10f69cd9-1e5d-4e54-93e8-bfbae554d069","0","1","2","522","454","716","441","617","1024","947","464","304"
"10f69cd9-1e5d-4e54-93e8-bfbae554d069","0","1","3","2027","381","425","274","536","864","1465","1131","305"
"10f69cd9-1e5d-4e54-93e8-bfbae554d069","0","1","4","1321","319","441","330","353","919","869","400","222"
"10f69cd9-1e5d-4e54-93e8-bfbae554d069","0","1","5","655","521","886","520","457","889","754","368","1297"
"10f69cd9-1e5d-4e54-93e8-bfbae554d069","0","1","6","613","378","479","297","701","744","889","387","279"
"10f69cd9-1e5d-4e54-93e8-bfbae554d069","0","1","7","594","408","377","235","336","873","2556","776","419"
"10f69cd9-1e5d-4e54-93e8-bfbae554d069","0","1","8","625","408","960","1162","801","696","3714","869","352"
"10f69cd9-1e5d-4e54-93e8-bfbae554d069","0","1","9","1290","407","529","355","825","1260","2045","793","413"
"10f69cd9-1e5d-4e54-93e8-bfbae554d069","0","1","10","1290","407","529","355","825","1260","2045","793","413"
"10f69cd9-1e5d-4e54-93e8-bfbae554d069","1","1","0","990","803","760","549","506","919","965","984","586"
"10f69cd9-1e5d-4e54-93e8-bfbae554d069","1","1","1","1001","564","697","539","382","736","712","575","478"
"10f69cd9-1e5d-4e54-93e8-bfbae554d069","1","1","2","5880","502","464","344","674","774","794","611","479"
"10f69cd9-1e5d-4e54-93e8-bfbae554d069","1","1","3","1627","473","936","783","727","745","640","579","397"
"10f69cd9-1e5d-4e54-93e8-bfbae554d069","1","1","4","1340","436","442","374","427","730","1998","828","439"
"10f69cd9-1e5d-4e54-93e8-bfbae554d069","1","1","5","669","505","818","607","758","697","793","716","403"
"10f69cd9-1e5d-4e54-93e8-bfbae554d069","1","1","6","1201","472","644","406","1034","1059","995","668","436"
"10f69cd9-1e5d-4e54-93e8-bfbae554d069","1","1","7","618","404","441","281","407","773","1413","1233","444"
"10f69cd9-1e5d-4e54-93e8-bfbae554d069","1","1","8","617","460","441","257","468","871","721","631","400"
"10f69cd9-1e5d-4e54-93e8-bfbae554d069","1","1","9","1596","531","505","316","680","830","2658","1569","546"
"10f69cd9-1e5d-4e54-93e8-bfbae554d069","1","1","10","1596","531","505","316","680","830","2658","1569","546"
"10f69cd9-1e5d-4e54-93e8-bfbae554d069","2","1","0","834","929","668","504","392","967","502","592","466"
"10f69cd9-1e5d-4e54-93e8-bfbae554d069","2","1","1","1843","494","854","762","431","820","1049","693","289"
"10f69cd9-1e5d-4e54-93e8-bfbae554d069","2","1","2","1033","551","504","367","1016","771","959","646","452"
"10f69cd9-1e5d-4e54-93e8-bfbae554d069","2","1","3","618","552","697","468","600","927","566","552","411"
"10f69cd9-1e5d-4e54-93e8-bfbae554d069","2","1","4","1248","499","991","761","624","664","1930","700","394"
"10f69cd9-1e5d-4e54-93e8-bfbae554d069","2","1","5","1019","472","452","334","579","689","944","429","247"
"10f69cd9-1e5d-4e54-93e8-bfbae554d069","2","1","6","630","536","359","275","527","792","841","464","266"
"10f69cd9-1e5d-4e54-93e8-bfbae554d069","2","1","7","647","358","342","228","742","772","882","465","261"
"10f69cd9-1e5d-4e54-93e8-bfbae554d069","2","1","8","475","447","361","251","808","595","768","431","1300"
"10f69cd9-1e5d-4e54-93e8-bfbae554d069","2","1","9","1253","387","422","323","340","706","970","465","313"
"10f69cd9-1e5d-4e54-93e8-bfbae554d069","2","1","10","1253","387","422","323","340","706","970","465","313"
"183e93f8-2ef0-4250-be77-b2d8a02c1033","0","1","0","1395","394","515","1127","1147","634","1476","1606","171"
"183e93f8-2ef0-4250-be77-b2d8a02c1033","0","1","1","2140","530","1140","821","484","875","1456","806","571"
"183e93f8-2ef0-4250-be77-b2d8a02c1033","0","1","2","1273","558","769","556","326","455","967","685","194"
"183e93f8-2ef0-4250-be77-b2d8a02c1033","0","1","3","660","418","424","219","783","567","1409","786","656"
"183e93f8-2ef0-4250-be77-b2d8a02c1033","0","1","4","630","392","483","265","612","5644","511","459","256"
"183e93f8-2ef0-4250-be77-b2d8a02c1033","0","1","5","1063","418","614","329","749","1145","379","407","708"
"183e93f8-2ef0-4250-be77-b2d8a02c1033","1","1","0","1128","510","388","222","630","332","2252","1344","254"
"183e93f8-2ef0-4250-be77-b2d8a02c1033","1","1","1","668","275","451","236","482","437","497","531","313"
"183e93f8-2ef0-4250-be77-b2d8a02c1033","1","1","2","575","355","422","253","630","362","467","781","187"
"183e93f8-2ef0-4250-be77-b2d8a02c1033","1","1","3","685","1373","705","462","691","306","618","360","274"
"183e93f8-2ef0-4250-be77-b2d8a02c1033","1","1","4","526","377","524","293","536","313","1303","381","163"
"183e93f8-2ef0-4250-be77-b2d8a02c1033","1","1","5","562","377","423","225","846","375","634","683","162"
"183e93f8-2ef0-4250-be77-b2d8a02c1033","1","1","6","530","1469","900","476","553","316","554","605","216"
"183e93f8-2ef0-4250-be77-b2d8a02c1033","1","1","7","448","676","1066","393","674","377","437","534","254"
"183e93f8-2ef0-4250-be77-b2d8a02c1033","1","1","8","527","374","558","392","433","1385","597","517","240"
"183e93f8-2ef0-4250-be77-b2d8a02c1033","2","1","0","515","600","512","243","538","285","799","501","237"
"183e93f8-2ef0-4250-be77-b2d8a02c1033","2","1","1","546","311","299","497","573","2641","434","442","235"
"24404d19-ec5c-4c88-a836-0dbbdd7fc2f6","0","1","0","1155","682","725","361","786","909","1487","1294","584"
"24404d19-ec5c-4c88-a836-0dbbdd7fc2f6","0","1","1","1381","502","736","405","618","919","12645","12699","12437"
"24404d19-ec5c-4c88-a836-0dbbdd7fc2f6","0","1","2","1374","414","576","394","691","716","928","647","329"
"24404d19-ec5c-4c88-a836-0dbbdd7fc2f6","0","1","3","1124","612","706","485","790","700","10831","10764","10306"
"24404d19-ec5c-4c88-a836-0dbbdd7fc2f6","0","1","4","3220","768","605","438","685","757","914","836","520"
"24404d19-ec5c-4c88-a836-0dbbdd7fc2f6","0","1","5","1800","645","600","348","669","773","902","706","412"
"24404d19-ec5c-4c88-a836-0dbbdd7fc2f6","0","1","6","982","373","439","285","777","693","13950","14154","13793"
"24404d19-ec5c-4c88-a836-0dbbdd7fc2f6","0","1","7","982","373","439","285","777","693","13950","14154","13793"
"24404d19-ec5c-4c88-a836-0dbbdd7fc2f6","0","1","8","680","741","806","339","960","1006","642","571","206"
"24404d19-ec5c-4c88-a836-0dbbdd7fc2f6","0","1","9","611","816","1184","472","703","602","553","330","197"
"24404d19-ec5c-4c88-a836-0dbbdd7fc2f6","0","1","10","1204","608","492","238","446","882","1312","782","256"
"24404d19-ec5c-4c88-a836-0dbbdd7fc2f6","0","1","11","1204","608","492","238","446","882","1312","782","256"
"24404d19-ec5c-4c88-a836-0dbbdd7fc2f6","1","1","0","983","474","417","256","681","721","985","828","483"
"24404d19-ec5c-4c88-a836-0dbbdd7fc2f6","1","1","1","562","406","264","192","776","1465","7594","6961","6516"
"24404d19-ec5c-4c88-a836-0dbbdd7fc2f6","1","1","2","866","413","405","243","687","379","593","486","191"
"24404d19-ec5c-4c88-a836-0dbbdd7fc2f6","1","1","3","641","389","464","403","709","462","11287","11905","11463"
"24404d19-ec5c-4c88-a836-0dbbdd7fc2f6","1","1","4","666","981","728","343","709","550","9188","9741","8954"
"24404d19-ec5c-4c88-a836-0dbbdd7fc2f6","1","1","5","688","510","509","317","562","475","6720","7139","6710"
"24404d19-ec5c-4c88-a836-0dbbdd7fc2f6","1","1","6","750","414","556","379","851","414","11109","11291","10880"
"24404d19-ec5c-4c88-a836-0dbbdd7fc2f6","1","1","7","761","392","646","382","653","431","750","956","409"
"24404d19-ec5c-4c88-a836-0dbbdd7fc2f6","1","1","8","815","436","417","262","642","414","8546","8757","8458"
"24404d19-ec5c-4c88-a836-0dbbdd7fc2f6","2","1","0","562","500","365","229","633","465","9463","9645","8950"
"24404d19-ec5c-4c88-a836-0dbbdd7fc2f6","2","1","1","564","409","648","460","539","559","9633","9443","9256"
"24404d19-ec5c-4c88-a836-0dbbdd7fc2f6","2","1","2","848","446","420","235","698","411","594","550","240"
"24404d19-ec5c-4c88-a836-0dbbdd7fc2f6","2","1","3","640","453","333","750","1122","1018","11011","11209","10727"
"24404d19-ec5c-4c88-a836-0dbbdd7fc2f6","2","1","4","978","429","490","331","882","303","10162","10670","10363"
"24404d19-ec5c-4c88-a836-0dbbdd7fc2f6","2","1","5","627","1034","496","265","799","782","8754","8185","8650"
"24404d19-ec5c-4c88-a836-0dbbdd7fc2f6","2","1","6","595","634","404","234","1240","806","668","393","877"
"2e69a799-4e15-43aa-aadb-ef5c0013c6fe","0","1","0","1459","1905","2004","859","814","1248","2347","1531","467"
"2e69a799-4e15-43aa-aadb-ef5c0013c6fe","0","1","1","1373","912","1713","850","984","1395","7659","1254","461"
"2e69a799-4e15-43aa-aadb-ef5c0013c6fe","0","1","2","1286","750","864","457","938","1300","1981","1611","819"
"2e69a799-4e15-43aa-aadb-ef5c0013c6fe","0","1","3","833","485","997","632","499","1391","2727","941","301"
"2e69a799-4e15-43aa-aadb-ef5c0013c6fe","0","1","4","984","529","857","575","764","1226","786","799","380"
"2e69a799-4e15-43aa-aadb-ef5c0013c6fe","0","1","5","616","678","7485","8393","674","1084","982","721","375"
"2e69a799-4e15-43aa-aadb-ef5c0013c6fe","0","1","6","988","1426","1685","427","674","1084","982","721","375"
"2e69a799-4e15-43aa-aadb-ef5c0013c6fe","0","1","7","481","729","706","322","583","852","705","631","374"
"2e69a799-4e15-43aa-aadb-ef5c0013c6fe","0","1","8","683","456","1110","811","768","2156","775","512","292"
"2e69a799-4e15-43aa-aadb-ef5c0013c6fe","0","1","9","1260","503","726","479","1288","672","676","550","282"
"2e69a799-4e15-43aa-aadb-ef5c0013c6fe","0","1","10","1260","503","726","479","1288","672","676","550","282"
"2e69a799-4e15-43aa-aadb-ef5c0013c6fe","1","1","0","-9351","-16426","-16308","-16618","-16700","-14593","-14535","-14936","-15117"
"2e69a799-4e15-43aa-aadb-ef5c0013c6fe","1","1","1","675","555","1275","855","687","982","998","635","509"
"2e69a799-4e15-43aa-aadb-ef5c0013c6fe","1","1","2","1443","2974","930","573","753","799","946","789","469"
"2e69a799-4e15-43aa-aadb-ef5c0013c6fe","1","1","3","770","2525","857","394","614","2257","3072","875","413"
"2e69a799-4e15-43aa-aadb-ef5c0013c6fe","1","1","4","589","587","716","399","1132","682","673","630","404"
"2e69a799-4e15-43aa-aadb-ef5c0013c6fe","1","1","5","544","930","886","338","687","687","1026","481","234"
"2e69a799-4e15-43aa-aadb-ef5c0013c6fe","1","1","6","529","793","876","439","528","966","919","533","335"
"2e69a799-4e15-43aa-aadb-ef5c0013c6fe","1","1","7","1102","614","1054","736","655","1198","1173","475","263"
"2e69a799-4e15-43aa-aadb-ef5c0013c6fe","1","1","8","465","1519","873","346","688","1192","912","483","291"
"2e69a799-4e15-43aa-aadb-ef5c0013c6fe","1","1","9","482","699","886","536","711","761","979","562","357"
"2e69a799-4e15-43aa-aadb-ef5c0013c6fe","1","1","10","482","699","886","536","711","761","979","562","357"
"2e69a799-4e15-43aa-aadb-ef5c0013c6fe","2","1","0","613","569","550","339","328","4229","1149","583","245"
"2e69a799-4e15-43aa-aadb-ef5c0013c6fe","2","1","1","491","960","728","375","568","7207","10658","1085","376"
"2e69a799-4e15-43aa-aadb-ef5c0013c6fe","2","1","2","298","561","868","564","711","826","702","543","376"
"2e69a799-4e15-43aa-aadb-ef5c0013c6fe","2","1","3","1158","518","566","322","382","7331","6661","1065","269"
"2e69a799-4e15-43aa-aadb-ef5c0013c6fe","2","1","4","537","618","610","350","340","1897","571","659","269"
"2e69a799-4e15-43aa-aadb-ef5c0013c6fe","2","1","5","532","668","640","345","660","676","702","424","2146"
"2e69a799-4e15-43aa-aadb-ef5c0013c6fe","2","1","6","500","797","734","415","510","845","1857","1189","267"
"2e69a799-4e15-43aa-aadb-ef5c0013c6fe","2","1","7","16571","1346","570","331","925","1230","1350","590","259"
"2e69a799-4e15-43aa-aadb-ef5c0013c6fe","2","1","8","454","711","729","469","583","1098","936","641","1550"
"2e69a799-4e15-43aa-aadb-ef5c0013c6fe","2","1","9","450","665","661","334","782","616","721","742","298"
"2e69a799-4e15-43aa-aadb-ef5c0013c6fe","2","1","10","450","665","661","334","782","616","721","742","298"
"43a2b7d3-9d57-4a08-a564-db94470b0320","0","1","0","2588","1661","1422","1481","1566","1145","3549","1508","1114"
"43a2b7d3-9d57-4a08-a564-db94470b0320","0","1","1","2434","1411","1544","1088","1125","932","2346","1168","864"
"43a2b7d3-9d57-4a08-a564-db94470b0320","0","1","2","2161","1213","1383","868","1126","707","2151","1132","422"
"43a2b7d3-9d57-4a08-a564-db94470b0320","0","1","3","2220","924","807","608","1032","776","1840","610","505"
"43a2b7d3-9d57-4a08-a564-db94470b0320","0","1","4","1755","821","840","713","1112","910","1632","1172","1192"
"43a2b7d3-9d57-4a08-a564-db94470b0320","0","1","5","1713","891","1029","1345","1537","664","771","761","606"
"43a2b7d3-9d57-4a08-a564-db94470b0320","0","1","6","2123","893","700","568","1187","1224","4497","963","814"
"43a2b7d3-9d57-4a08-a564-db94470b0320","0","1","7","1874","1061","681","533","1151","602","897","565","418"
"43a2b7d3-9d57-4a08-a564-db94470b0320","0","1","8","1976","980","840","593","1129","770","1393","860","727"
"43a2b7d3-9d57-4a08-a564-db94470b0320","0","1","9","2575","740","748","560","968","784","888","792","649"
"43a2b7d3-9d57-4a08-a564-db94470b0320","0","1","10","2575","740","748","560","968","784","888","792","649"
"43a2b7d3-9d57-4a08-a564-db94470b0320","1","1","0","2083","968","856","745","1093","691","1615","669","390"
"43a2b7d3-9d57-4a08-a564-db94470b0320","1","1","1","670","937","879","577","1040","672","1614","1214","829"
"43a2b7d3-9d57-4a08-a564-db94470b0320","1","1","2","733","865","821","561","920","496","1422","632","334"
"43a2b7d3-9d57-4a08-a564-db94470b0320","1","1","3","1358","922","1477","1425","869","1100","1375","872","622"
"43a2b7d3-9d57-4a08-a564-db94470b0320","1","1","4","2246","989","938","557","991","624","874","592","478"
"43a2b7d3-9d57-4a08-a564-db94470b0320","1","1","5","1958","954","816","529","1064","712","1830","1328","694"
"43a2b7d3-9d57-4a08-a564-db94470b0320","1","1","6","1676","1041","745","498","1199","1810","2561","1005","800"
"43a2b7d3-9d57-4a08-a564-db94470b0320","1","1","7","1345","1445","1064","527","1120","1654","2233","1261","810"
"43a2b7d3-9d57-4a08-a564-db94470b0320","1","1","8","1383","1205","1379","1020","790","3284","3556","624","502"
"43a2b7d3-9d57-4a08-a564-db94470b0320","1","1","9","2460","901","805","385","1588","694","974","824","666"
"43a2b7d3-9d57-4a08-a564-db94470b0320","1","1","10","2460","901","805","385","1588","694","974","824","666"
"43a2b7d3-9d57-4a08-a564-db94470b0320","2","1","0","2505","827","862","568","1032","893","2893","2409","1151"
"43a2b7d3-9d57-4a08-a564-db94470b0320","2","1","1","1988","1077","997","669","1084","1481","2316","1379","746"
"43a2b7d3-9d57-4a08-a564-db94470b0320","2","1","2","2068","1102","1317","1053","906","839","1405","723","492"
"43a2b7d3-9d57-4a08-a564-db94470b0320","2","1","3","2049","995","1043","741","1077","763","946","590","482"
"43a2b7d3-9d57-4a08-a564-db94470b0320","2","1","4","1440","874","962","648","793","873","1220","734","404"
"43a2b7d3-9d57-4a08-a564-db94470b0320","2","1","5","2066","1048","1058","578","942","625","907","743","605"
"43a2b7d3-9d57-4a08-a564-db94470b0320","2","1","6","647","627","704","553","889","823","1149","1225","679"
"43a2b7d3-9d57-4a08-a564-db94470b0320","2","1","7","1729","732","930","608","961","577","1349","510","358"
"43a2b7d3-9d57-4a08-a564-db94470b0320","2","1","8","1689","595","1429","1032","942","677","1258","578","401"
"43a2b7d3-9d57-4a08-a564-db94470b0320","2","1","9","5254","649","820","609","840","840","576","482","376"
"43a2b7d3-9d57-4a08-a564-db94470b0320","2","1","10","5254","649","820","609","840","840","576","482","376"
"4dfc506d-5928-4039-b257-1767b88d3276","0","1","0","515","393","1277","1047","1024","593","1432","359","201"
"4dfc506d-5928-4039-b257-1767b88d3276","0","1","1","537","330","643","410","701","356","1255","588","248"
"4dfc506d-5928-4039-b257-1767b88d3276","0","1","2","450","447","2536","277","522","399","785","409","214"
"4dfc506d-5928-4039-b257-1767b88d3276","0","1","3","509","395","2015","143","924","688","741","456","156"
"4dfc506d-5928-4039-b257-1767b88d3276","0","1","4","469","696","1317","982","323","245","9816","9927","9797"
"4dfc506d-5928-4039-b257-1767b88d3276","0","1","5","444","530","540","320","439","321","8214","8582","8395"
"4dfc506d-5928-4039-b257-1767b88d3276","1","1","0","491","332","753","489","368","343","943","295","190"
"4dfc506d-5928-4039-b257-1767b88d3276","1","1","1","486","463","530","286","377","477","8074","8275","8017"
"4dfc506d-5928-4039-b257-1767b88d3276","1","1","2","455","350","495","269","474","481","11968","12940","12807"
"4dfc506d-5928-4039-b257-1767b88d3276","1","1","3","451","303","607","2650","631","355","546","1180","978"
"4dfc506d-5928-4039-b257-1767b88d3276","1","1","4","467","351","459","260","590","1681","641","646","189"
"4dfc506d-5928-4039-b257-1767b88d3276","1","1","5","478","323","467","242","383","288","6686","6908","6823"
"4dfc506d-5928-4039-b257-1767b88d3276","1","1","6","598","278","587","392","331","298","5884","827","262"
"4dfc506d-5928-4039-b257-1767b88d3276","1","1","7","462","407","479","227","296","253","11178","13402","13388"
"4dfc506d-5928-4039-b257-1767b88d3276","1","1","8","447","358","538","216","311","506","693","2355","170"
"5b834c47-8cef-4bdb-af3a-0fb64c36ff07","0","1","0","476","689","1012","916","930","1575","1583","616","564"
"5b834c47-8cef-4bdb-af3a-0fb64c36ff07","0","1","1","496","714","1012","894","1420","1659","1200","661","549"
"5b834c47-8cef-4bdb-af3a-0fb64c36ff07","0","1","2","845","1283","1772","1650","2105","1001","1281","468","436"
"5b834c47-8cef-4bdb-af3a-0fb64c36ff07","0","1","3","516","766","1988","1877","899","894","1136","472","386"
"5b834c47-8cef-4bdb-af3a-0fb64c36ff07","0","1","4","483","697","1761","1662","1092","1313","2072","566","372"
"5b834c47-8cef-4bdb-af3a-0fb64c36ff07","0","1","5","924","909","1381","1086","914","1307","1335","581","499"
"5b834c47-8cef-4bdb-af3a-0fb64c36ff07","0","1","6","505","741","1049","908","858","1465","1534","916","700"
"5b834c47-8cef-4bdb-af3a-0fb64c36ff07","0","1","7","499","834","1093","931","839","1069","1362","554","533"
"5b834c47-8cef-4bdb-af3a-0fb64c36ff07","0","1","8","472","686","950","882","918","1227","1283","611","553"
"5b834c47-8cef-4bdb-af3a-0fb64c36ff07","0","1","9","495","611","616","536","885","652","722","531","465"
"5b834c47-8cef-4bdb-af3a-0fb64c36ff07","0","1","10","495","611","616","536","885","652","722","531","465"
"5b834c47-8cef-4bdb-af3a-0fb64c36ff07","1","1","0","656","716","1050","903","1062","1174","1019","819","667"
"5b834c47-8cef-4bdb-af3a-0fb64c36ff07","1","1","1","454","725","1110","880","909","1284","1144","670","592"
"5b834c47-8cef-4bdb-af3a-0fb64c36ff07","1","1","2","549","732","1191","933","1078","1108","1127","488","422"
"5b834c47-8cef-4bdb-af3a-0fb64c36ff07","1","1","3","451","886","1035","883","1408","1284","1314","806","682"
"5b834c47-8cef-4bdb-af3a-0fb64c36ff07","1","1","4","446","811","741","598","827","793","1649","600","548"
"5b834c47-8cef-4bdb-af3a-0fb64c36ff07","1","1","5","501","708","841","700","1062","1012","877","659","600"
"5b834c47-8cef-4bdb-af3a-0fb64c36ff07","1","1","6","459","656","782","588","809","1024","1121","643","546"
"5b834c47-8cef-4bdb-af3a-0fb64c36ff07","1","1","7","1006","855","1962","1807","1003","1561","1739","594","544"
"5b834c47-8cef-4bdb-af3a-0fb64c36ff07","1","1","8","704","742","898","743","699","1093","1056","709","594"
"5b834c47-8cef-4bdb-af3a-0fb64c36ff07","1","1","9","455","784","1564","1373","728","1018","948","462","398"
"5b834c47-8cef-4bdb-af3a-0fb64c36ff07","1","1","10","455","784","1564","1373","728","1018","948","462","398"
"5b834c47-8cef-4bdb-af3a-0fb64c36ff07","2","1","0","508","1028","984","841","876","847","810","551","466"
"5b834c47-8cef-4bdb-af3a-0fb64c36ff07","2","1","1","386","1028","1032","855","885","771","935","454","391"
"5b834c47-8cef-4bdb-af3a-0fb64c36ff07","2","1","2","401","1913","968","337","2562","729","1227","532","484"
"5b834c47-8cef-4bdb-af3a-0fb64c36ff07","2","1","3","531","793","1026","887","995","1602","1711","725","631"
"5b834c47-8cef-4bdb-af3a-0fb64c36ff07","2","1","4","472","712","1386","1368","999","1469","1504","493","384"
"5b834c47-8cef-4bdb-af3a-0fb64c36ff07","2","1","5","471","982","999","853","894","1813","1931","434","377"
"5b834c47-8cef-4bdb-af3a-0fb64c36ff07","2","1","6","427","779","1149","1087","766","1391","1540","505","390"
"5b834c47-8cef-4bdb-af3a-0fb64c36ff07","2","1","7","421","747","1028","921","828","3942","2020","541","328"
"5b834c47-8cef-4bdb-af3a-0fb64c36ff07","2","1","8","383","1260","942","620","994","1474","1433","691","618"
"5b834c47-8cef-4bdb-af3a-0fb64c36ff07","2","1","9","409","724","795","712","841","1203","936","415","355"
"5b834c47-8cef-4bdb-af3a-0fb64c36ff07","2","1","10","409","724","795","712","841","1203","936","415","355"
"5bb2e225-97b1-4e34-ad76-4fe1249d664c","0","1","0","748","602","508","340","634","540","602","1050","814"
"5bb2e225-97b1-4e34-ad76-4fe1249d664c","0","1","1","748","602","508","340","634","540","602","1050","814"
"5bb2e225-97b1-4e34-ad76-4fe1249d664c","0","1","2","799","482","478","359","363","1111","10187","10530","10577"
"5bb2e225-97b1-4e34-ad76-4fe1249d664c","0","1","3","897","511","510","479","467","1113","9076","9362","9331"
"5bb2e225-97b1-4e34-ad76-4fe1249d664c","0","1","4","888","542","601","451","374","357","17777","17999","17898"
"5bb2e225-97b1-4e34-ad76-4fe1249d664c","0","1","5","652","617","508","373","346","1022","10262","9839","9783"
"5bb2e225-97b1-4e34-ad76-4fe1249d664c","0","1","6","867","421","422","391","601","376","10579","10772","10718"
"5bb2e225-97b1-4e34-ad76-4fe1249d664c","0","1","7","740","617","449","418","482","392","8056","8401","8375"
"5bb2e225-97b1-4e34-ad76-4fe1249d664c","0","1","8","863","560","482","437","389","360","8985","8914","8871"
"5bb2e225-97b1-4e34-ad76-4fe1249d664c","1","1","0","582","343","376","300","344","720","2205","1049","188"
"5bb2e225-97b1-4e34-ad76-4fe1249d664c","1","1","1","412","330","360","285","390","1110","8028","7890","7863"
"5bb2e225-97b1-4e34-ad76-4fe1249d664c","1","1","2","608","435","539","465","496","1408","1038","721","225"
"5bb2e225-97b1-4e34-ad76-4fe1249d664c","2","1","0","611","390","657","526","241","331","9240","9138","9104"
"5bb2e225-97b1-4e34-ad76-4fe1249d664c","2","1","1","537","421","392","299","316","360","11595","9885","9842"
"5bb2e225-97b1-4e34-ad76-4fe1249d664c","2","1","2","592","390","419","361","511","632","8537","8429","8342"
"5bb2e225-97b1-4e34-ad76-4fe1249d664c","2","1","3","605","1275","362","586","613","362","6225","6432","6395"
"5bb2e225-97b1-4e34-ad76-4fe1249d664c","2","1","4","575","401","558","449","375","361","8836","8968","8929"
"5bb2e225-97b1-4e34-ad76-4fe1249d664c","2","1","5","642","421","481","373","361","392","9329","9359","9529"
"5bb2e225-97b1-4e34-ad76-4fe1249d664c","2","1","6","572","378","539","419","331","480","9331","9450","9367"
"5bb2e225-97b1-4e34-ad76-4fe1249d664c","2","1","7","676","814","375","268","692","481","6286","6255","6243"
"5bb2e225-97b1-4e34-ad76-4fe1249d664c","2","1","8","713","855","387","299","721","690","5564","5460","5435"
"64d50c85-15cf-4c7f-a23e-29347123ef5f","0","1","0","66439","3062","1501","1888","1591","1814","23336","22344","22282"
"64d50c85-15cf-4c7f-a23e-29347123ef5f","0","1","1","3462","2831","1964","2565","1797","1931","23314","22945","22896"
"64d50c85-15cf-4c7f-a23e-29347123ef5f","0","1","2","2998","2641","1190","1263","4438","4697","19986","16484","16361"
"64d50c85-15cf-4c7f-a23e-29347123ef5f","0","1","3","2962","2016","1449","1568","1838","1688","17684","16661","16643"
"64d50c85-15cf-4c7f-a23e-29347123ef5f","0","1","4","1463","2641","1373","908","1459","1144","31689","32007","31974"
"64d50c85-15cf-4c7f-a23e-29347123ef5f","0","1","5","1860","2185","1161","1505","1706","1688","16864","16258","16246"
"64d50c85-15cf-4c7f-a23e-29347123ef5f","0","1","6","2037","1802","1334","1247","1720","1122","17216","16840","16872"
"64d50c85-15cf-4c7f-a23e-29347123ef5f","0","1","7","2630","1868","1657","1631","1153","1082","19895","19599","19560"
"64d50c85-15cf-4c7f-a23e-29347123ef5f","0","1","8","1826","5938","1061","1448","2020","1955","16729","16124","16147"
"64d50c85-15cf-4c7f-a23e-29347123ef5f","0","1","9","3722","2752","1301","1266","1329","1623","81198272","81199131","81199270"
"64d50c85-15cf-4c7f-a23e-29347123ef5f","0","1","10","3722","2752","1301","1266","1329","1623","81198272","81199131","81199270"
"64d50c85-15cf-4c7f-a23e-29347123ef5f","0","1","11","2678","3011","1146","1380","2122","1777","3129","1688","1639"
"64d50c85-15cf-4c7f-a23e-29347123ef5f","0","1","12","3261","2392","1156","1127","1359","1382","16982","15559","15520"
"64d50c85-15cf-4c7f-a23e-29347123ef5f","0","1","13","2597","2023","1363","1075","1279","1226","12908","13131","13000"
"64d50c85-15cf-4c7f-a23e-29347123ef5f","0","1","14","2147","1296","1513","1304","1015","1104","18274","17852","17838"
"64d50c85-15cf-4c7f-a23e-29347123ef5f","0","1","15","2481","1856","1086","1015","1108","1606","21612","21541","21594"
"64d50c85-15cf-4c7f-a23e-29347123ef5f","0","1","16","1301","2364","895","770","906","5162","22999","21881","21887"
"64d50c85-15cf-4c7f-a23e-29347123ef5f","0","1","17","2024","1650","1278","2743","3007","1638","13115","12927","12878"
"64d50c85-15cf-4c7f-a23e-29347123ef5f","0","1","18","2579","1584","767","703","1671","925","17998","18790","18782"
"64d50c85-15cf-4c7f-a23e-29347123ef5f","0","1","19","2316","1970","1239","1062","1132","2159","19469","17734","17741"
"64d50c85-15cf-4c7f-a23e-29347123ef5f","1","1","0","4061","4687","1191","1121","1582","1976","23076","23220","23139"
"64d50c85-15cf-4c7f-a23e-29347123ef5f","1","1","1","2205","2931","2636","1253","1475","1936","22824","18504","18584"
"64d50c85-15cf-4c7f-a23e-29347123ef5f","1","1","2","2874","1994","1458","1576","1703","1667","15288","15153","15334"
"64d50c85-15cf-4c7f-a23e-29347123ef5f","1","1","3","2126","1882","1106","926","1103","1206","1958","841","987"
"64d50c85-15cf-4c7f-a23e-29347123ef5f","1","1","4","2880","1387","1078","1463","1587","1291","13271","13325","13411"
"64d50c85-15cf-4c7f-a23e-29347123ef5f","1","1","5","2549","1813","1380","1045","1282","832","13205","12887","12934"
"64d50c85-15cf-4c7f-a23e-29347123ef5f","1","1","6","2160","1628","884","919","1204","1277","15045","14595","14718"
"64d50c85-15cf-4c7f-a23e-29347123ef5f","1","1","7","3213","1870","735","700","1536","1626","14939","14985","15108"
"6f2e2139-b4e8-4092-8b40-a79c691b9e4d","0","1","0","5944","2440","18873","24195","1154","1017","1353","1513","679"
"6f2e2139-b4e8-4092-8b40-a79c691b9e4d","0","1","1","2277","872","1720","1583","1154","1017","1353","1513","679"
"6f2e2139-b4e8-4092-8b40-a79c691b9e4d","0","1","2","2042","575","1438","1170","1295","1282","1477","1014","513"
"6f2e2139-b4e8-4092-8b40-a79c691b9e4d","0","1","3","1787","1177","1939","1701","1018","1505","2348","1682","626"
"6f2e2139-b4e8-4092-8b40-a79c691b9e4d","0","1","4","1541","673","1517","1548","1149","876","802","1461","1050"
"6f2e2139-b4e8-4092-8b40-a79c691b9e4d","0","1","5","839","1095","1872","1598","769","1394","1640","1060","563"
"6f2e2139-b4e8-4092-8b40-a79c691b9e4d","0","1","6","1667","514","1190","1132","1348","783","570","928","836"
"6f2e2139-b4e8-4092-8b40-a79c691b9e4d","0","1","7","746","971","1947","1666","770","564","496","571","477"
"6f2e2139-b4e8-4092-8b40-a79c691b9e4d","0","1","8","385","766","1229","776","1621","924","867","562","461"
"6f2e2139-b4e8-4092-8b40-a79c691b9e4d","0","1","9","2165","592","1650","1378","1116","1569","1616","813","450"
"6f2e2139-b4e8-4092-8b40-a79c691b9e4d","0","1","10","2165","592","1650","1378","1116","1569","1616","813","450"
"6f2e2139-b4e8-4092-8b40-a79c691b9e4d","1","1","0","2851","1972","2001","1694","1240","8551","4733","2568","1597"
"6f2e2139-b4e8-4092-8b40-a79c691b9e4d","1","1","1","568","844","1109","844","2558","999","1455","1755","1104"
"6f2e2139-b4e8-4092-8b40-a79c691b9e4d","1","1","2","580","1115","916","597","1345","1055","729","1322","992"
"6f2e2139-b4e8-4092-8b40-a79c691b9e4d","1","1","3","795","821","1462","1333","547","540","1304","2331","2404"
"6f2e2139-b4e8-4092-8b40-a79c691b9e4d","1","1","4","695","1118","908","622","1493","475","490","787","14172"
"6f2e2139-b4e8-4092-8b40-a79c691b9e4d","1","1","5","1685","469","1396","1151","1145","979","693","1322","1127"
"6f2e2139-b4e8-4092-8b40-a79c691b9e4d","1","1","6","15123","610","1540","1397","552","926","742","809","625"
"6f2e2139-b4e8-4092-8b40-a79c691b9e4d","1","1","7","522","688","764","566","817","1017","646","524","1846"
"6f2e2139-b4e8-4092-8b40-a79c691b9e4d","1","1","8","570","767","1422","1105","817","2004","1652","1012","12410"
"6f2e2139-b4e8-4092-8b40-a79c691b9e4d","1","1","9","630","761","833","590","943","1078","806","628","415"
"6f2e2139-b4e8-4092-8b40-a79c691b9e4d","1","1","10","630","761","833","590","943","1078","806","628","415"
"6f2e2139-b4e8-4092-8b40-a79c691b9e4d","2","1","0","12446","3254","2474","2304","1325","1108","1651","2046","1114"
"6f2e2139-b4e8-4092-8b40-a79c691b9e4d","2","1","1","5774","1627","1970","1832","1435","1399","1262","2293","2122"
"6f2e2139-b4e8-4092-8b40-a79c691b9e4d","2","1","2","3189","931","3587","3228","1177","1570","1741","2116","1346"
"6f2e2139-b4e8-4092-8b40-a79c691b9e4d","2","1","3","2045","573","1720","1789","1244","748","2164","2427","590"
"6f2e2139-b4e8-4092-8b40-a79c691b9e4d","2","1","4","1957","803","1218","1080","927","1992","1671","754","590"
"6f2e2139-b4e8-4092-8b40-a79c691b9e4d","2","1","5","2466","624","2284","1849","848","962","646","848","693"
"6f2e2139-b4e8-4092-8b40-a79c691b9e4d","2","1","6","1794","718","1743","1346","820","723","443","769","599"
"6f2e2139-b4e8-4092-8b40-a79c691b9e4d","2","1","7","1694","626","2631","2358","896","1072","615","701","565"
"6f2e2139-b4e8-4092-8b40-a79c691b9e4d","2","1","8","948","819","1912","1419","1047","1096","615","673","550"
"6f2e2139-b4e8-4092-8b40-a79c691b9e4d","2","1","9","1434","553","1941","1444","1876","2726","2563","1175","1043"
"6f2e2139-b4e8-4092-8b40-a79c691b9e4d","2","1","10","1434","553","1941","1444","1876","2726","2563","1175","1043"
"74b61803-d2f8-4edc-8f94-6699f321d3a8","0","1","0","2415","2473","1862","1576","1148","2950","4445","2481","1228"
"74b61803-d2f8-4edc-8f94-6699f321d3a8","0","1","1","4619","2643","43531","11484","12118","1187","1650","1332","1324"
"74b61803-d2f8-4edc-8f94-6699f321d3a8","0","1","2","2303","2124","1533","1869","1755","1187","1650","1332","1324"
"74b61803-d2f8-4edc-8f94-6699f321d3a8","0","1","3","15785","2946","2213","1064","1091","1162","10906","16504","903"
"74b61803-d2f8-4edc-8f94-6699f321d3a8","1","1","0","776","1751","1769","1523","1764","1222","1445","1577","4507"
"74b61803-d2f8-4edc-8f94-6699f321d3a8","1","1","1","4853","3225","3018","1433","929","1353","1170","1053","906"
"74b61803-d2f8-4edc-8f94-6699f321d3a8","1","1","2","4773","68456","2152","985","1199","1012","1071","856","831"
"74b61803-d2f8-4edc-8f94-6699f321d3a8","1","1","3","782","1359","1594","1123","1532","1930","2469","1438","1053"
"74b61803-d2f8-4edc-8f94-6699f321d3a8","1","1","4","1721","2130","1892","1293","1257","1026","1156","1014","636"
"74b61803-d2f8-4edc-8f94-6699f321d3a8","1","1","5","2398","3806","3039","704","595","1233","2033","1528","1062"
"74b61803-d2f8-4edc-8f94-6699f321d3a8","1","1","6","9070","1717","1699","868","1460","1783","6178","1883","1047"
"74b61803-d2f8-4edc-8f94-6699f321d3a8","1","1","7","2239","1573","1859","1093","1280","9430","541","1173","980"
"76ceee13-0c73-46a3-9d3c-936d65b65283","0","1","0","577","763","871","614","1134","1314","1713","2050","1174"
"76ceee13-0c73-46a3-9d3c-936d65b65283","0","1","1","586","767","942","632","1276","858","1479","1044","418"
"76ceee13-0c73-46a3-9d3c-936d65b65283","0","1","2","792","610","744","585","949","599","1355","967","303"
"76ceee13-0c73-46a3-9d3c-936d65b65283","0","1","3","577","555","966","762","544","621","1009","900","410"
"76ceee13-0c73-46a3-9d3c-936d65b65283","0","1","4","590","524","618","466","1159","1198","735","1587","1289"
"76ceee13-0c73-46a3-9d3c-936d65b65283","0","1","5","697","855","743","500","908","926","1447","1305","401"
"76ceee13-0c73-46a3-9d3c-936d65b65283","0","1","6","476","659","896","741","1105","1049","872","979","342"
"76ceee13-0c73-46a3-9d3c-936d65b65283","0","1","7","611","768","1223","797","964","2654","808","571","374"
"76ceee13-0c73-46a3-9d3c-936d65b65283","0","1","8","710","744","626","427","858","1194","1422","957","354"
"76ceee13-0c73-46a3-9d3c-936d65b65283","0","1","9","1331","879","1024","658","456","474","740","856","423"
"76ceee13-0c73-46a3-9d3c-936d65b65283","0","1","10","1331","879","1024","658","456","474","740","856","423"
"76ceee13-0c73-46a3-9d3c-936d65b65283","1","1","0","578","764","1271","1129","541","611","1391","1277","479"
"76ceee13-0c73-46a3-9d3c-936d65b65283","1","1","1","1378","781","749","849","1080","1232","1828","530","371"
"76ceee13-0c73-46a3-9d3c-936d65b65283","1","1","2","595","729","854","633","762","898","1210","984","373"
"76ceee13-0c73-46a3-9d3c-936d65b65283","1","1","3","459","682","808","669","967","1088","1337","881","388"
"76ceee13-0c73-46a3-9d3c-936d65b65283","1","1","4","571","814","813","701","973","994","1048","598","313"
"76ceee13-0c73-46a3-9d3c-936d65b65283","1","1","5","529","705","709","587","553","480","626","500","250"
"76ceee13-0c73-46a3-9d3c-936d65b65283","1","1","6","1003","515","756","629","633","610","734","661","343"
"76ceee13-0c73-46a3-9d3c-936d65b65283","1","1","7","506","638","1369","992","752","584","1142","553","322"
"76ceee13-0c73-46a3-9d3c-936d65b65283","1","1","8","1175","527","882","722","620","660","624","512","332"
"76ceee13-0c73-46a3-9d3c-936d65b65283","2","1","0","466","606","946","695","490","1607","1524","1251","390"
"76ceee13-0c73-46a3-9d3c-936d65b65283","2","1","1","505","604","959","704","1212","1210","1245","665","342"
"76ceee13-0c73-46a3-9d3c-936d65b65283","2","1","2","691","590","1503","1338","559","641","548","449","257"
"76ceee13-0c73-46a3-9d3c-936d65b65283","2","1","3","1875","1053","927","751","563","470","465","575","293"
"76ceee13-0c73-46a3-9d3c-936d65b65283","2","1","4","752","684","1052","747","1418","678","606","700","512"
"76ceee13-0c73-46a3-9d3c-936d65b65283","2","1","5","1285","881","936","607","991","959","1572","660","424"
"76ceee13-0c73-46a3-9d3c-936d65b65283","2","1","6","3067","738","710","456","659","981","705","363","200"
"76ceee13-0c73-46a3-9d3c-936d65b65283","2","1","7","468","782","1092","772","562","634","564","525","383"
"76ceee13-0c73-46a3-9d3c-936d65b65283","2","1","8","798","537","1340","1145","1312","1352","9544","9644","9525"
"76ceee13-0c73-46a3-9d3c-936d65b65283","2","1","9","704","636","747","580","1469","2304","1189","402","252"
"76ceee13-0c73-46a3-9d3c-936d65b65283","2","1","10","704","636","747","580","1469","2304","1189","402","252"
"78274e72-031c-4168-bb19-ef98352003a6","0","1","0","2802","4513","1458","1343","1425","768","1712","2625","1621"
"78274e72-031c-4168-bb19-ef98352003a6","0","1","1","1342","1136","926","831","800","770","1168","1058","533"
"78274e72-031c-4168-bb19-ef98352003a6","0","1","2","808","992","959","816","1376","606","1440","1264","773"
"78274e72-031c-4168-bb19-ef98352003a6","0","1","3","1958","1123","1327","960","1027","912","1632","1520","630"
"78274e72-031c-4168-bb19-ef98352003a6","0","1","4","2125","1073","1055","945","1281","688","815","897","723"
"78274e72-031c-4168-bb19-ef98352003a6","0","1","5","2573","1071","1072","911","1199","657","705","897","818"
"78274e72-031c-4168-bb19-ef98352003a6","0","1","6","1818","1007","1375","1215","1025","815","689","768","709"
"78274e72-031c-4168-bb19-ef98352003a6","0","1","7","2864","1344","866","784","929","701","1040","1024","531"
"78274e72-031c-4168-bb19-ef98352003a6","0","1","8","1678","1728","1040","960","1136","752","625","752","916"
"78274e72-031c-4168-bb19-ef98352003a6","0","1","9","2945","769","943","719","1007","753","609","785","710"
"78274e72-031c-4168-bb19-ef98352003a6","0","1","10","2945","769","943","719","1007","753","609","785","710"
"78274e72-031c-4168-bb19-ef98352003a6","1","1","0","2243","4976","1488","1296","1056","1072","720","1280","1241"
"78274e72-031c-4168-bb19-ef98352003a6","1","1","1","1426","2896","1680","1471","801","848","1487","1441","596"
"78274e72-031c-4168-bb19-ef98352003a6","1","1","2","1705","832","895","656","1056","465","1137","1632","884"
"78274e72-031c-4168-bb19-ef98352003a6","1","1","3","919","1217","1055","911","816","912","1216","1056","562"
"78274e72-031c-4168-bb19-ef98352003a6","1","1","4","3003","2016","656","576","929","544","528","720","723"
"78274e72-031c-4168-bb19-ef98352003a6","1","1","5","1908","480","1024","944","976","576","1872","688","450"
"78274e72-031c-4168-bb19-ef98352003a6","1","1","6","996","1200","2928","720","1248","896","1183","960","515"
"78274e72-031c-4168-bb19-ef98352003a6","1","1","7","2304","784","1040","927","1456","1664","1599","560","515"
"78274e72-031c-4168-bb19-ef98352003a6","1","1","8","1762","1200","1008","912","1056","544","800","832","563"
"78274e72-031c-4168-bb19-ef98352003a6","1","1","9","6946","832","976","704","912","848","1553","1520","706"
"78274e72-031c-4168-bb19-ef98352003a6","1","1","10","6946","832","976","704","912","848","1553","1520","706"
"78274e72-031c-4168-bb19-ef98352003a6","2","1","0","2919","5025","1040","1551","1329","768","2494","705","427"
"78274e72-031c-4168-bb19-ef98352003a6","2","1","1","1504","1631","929","656","993","688","1263","1138","531"
"78274e72-031c-4168-bb19-ef98352003a6","2","1","2","894","675","638","543","1456","1023","1058","898","501"
"78274e72-031c-4168-bb19-ef98352003a6","2","1","3","1049","912","1297","929","801","845","1394","1266","515"
"78274e72-031c-4168-bb19-ef98352003a6","2","1","4","1931","976","1409","1249","1456","637","1295","1120","466"
"78274e72-031c-4168-bb19-ef98352003a6","2","1","5","1278","449","896","833","1072","476","751","819","614"
"78274e72-031c-4168-bb19-ef98352003a6","2","1","6","1806","1601","3296","704","1104","993","1488","1249","517"
"78274e72-031c-4168-bb19-ef98352003a6","2","1","7","1044","898","896","559","752","669","528","577","516"
"78274e72-031c-4168-bb19-ef98352003a6","2","1","8","1171","1360","864","767","880","638","559","576","498"
"78274e72-031c-4168-bb19-ef98352003a6","2","1","9","3309","1329","688","607","656","752","640","464","437"
"78274e72-031c-4168-bb19-ef98352003a6","2","1","10","3309","1329","688","607","656","752","640","464","437"
"78274e72-031c-4168-bb19-ef98352003a6","2","1","11","3309","1329","688","607","656","752","640","464","437"
"7f51dfb9-2994-446b-b18f-be0095e0e0a8","0","1","0","-801","889","926","633","1344","1225","1375","1583","688"
"7f51dfb9-2994-446b-b18f-be0095e0e0a8","0","1","1","610","915","1432","1032","918","1258","1359","872","596"
"7f51dfb9-2994-446b-b18f-be0095e0e0a8","0","1","2","600","628","874","653","1046","1389","1462","622","435"
"7f51dfb9-2994-446b-b18f-be0095e0e0a8","0","1","3","549","701","683","478","598","524","889","520","270"
"7f51dfb9-2994-446b-b18f-be0095e0e0a8","0","1","4","532","453","923","636","578","665","1302","1150","571"
"7f51dfb9-2994-446b-b18f-be0095e0e0a8","0","1","5","877","376","475","357","836","643","1007","902","328"
"7f51dfb9-2994-446b-b18f-be0095e0e0a8","0","1","6","1407","402","1266","1182","741","685","1420","924","490"
"7f51dfb9-2994-446b-b18f-be0095e0e0a8","0","1","7","1257","1827","886","579","554","1021","1334","741","317"
"7f51dfb9-2994-446b-b18f-be0095e0e0a8","0","1","8","215","643","574","491","1101","674","7960","8242","7916"
"7f51dfb9-2994-446b-b18f-be0095e0e0a8","0","1","9","498","451","622","497","693","499","673","430","203"
"7f51dfb9-2994-446b-b18f-be0095e0e0a8","0","1","10","498","451","622","497","693","499","673","430","203"
"7f51dfb9-2994-446b-b18f-be0095e0e0a8","1","1","0","339","757","1028","780","655","1028","1250","628","303"
"7f51dfb9-2994-446b-b18f-be0095e0e0a8","1","1","1","568","520","924","611","627","668","967","811","507"
"7f51dfb9-2994-446b-b18f-be0095e0e0a8","1","1","2","500","708","748","643","421","2656","1538","722","226"
"7f51dfb9-2994-446b-b18f-be0095e0e0a8","1","1","3","538","640","1037","870","1011","3071","1201","491","451"
"7f51dfb9-2994-446b-b18f-be0095e0e0a8","1","1","4","748","703","633","462","721","767","906","431","302"
"7f51dfb9-2994-446b-b18f-be0095e0e0a8","1","1","5","447","593","545","397","1035","618","1332","745","313"
"7f51dfb9-2994-446b-b18f-be0095e0e0a8","1","1","6","443","684","520","409","638","1726","11525","11387","11163"
"7f51dfb9-2994-446b-b18f-be0095e0e0a8","1","1","7","494","451","642","443","547","682","1208","946","418"
"7f51dfb9-2994-446b-b18f-be0095e0e0a8","1","1","8","970","483","625","459","770","1473","1759","2009","242"
"9a28ea73-1f26-4647-a236-ccf56a82f33b","0","1","0","583","452","651","375","624","1346","2941","1194","632"
"9a28ea73-1f26-4647-a236-ccf56a82f33b","0","1","1","493","411","499","330","444","748","1531","633","462"
"9a28ea73-1f26-4647-a236-ccf56a82f33b","0","1","2","490","392","629","417","654","895","1290","487","360"
"9a28ea73-1f26-4647-a236-ccf56a82f33b","0","1","3","10095","412","516","373","417","939","1937","509","284"
"9a28ea73-1f26-4647-a236-ccf56a82f33b","0","1","4","487","324","460","302","582","583","893","376","239"
"9a28ea73-1f26-4647-a236-ccf56a82f33b","0","1","5","461","326","483","306","568","798","897","465","290"
"9a28ea73-1f26-4647-a236-ccf56a82f33b","0","1","6","542","330","411","306","595","380","418","352","192"
"9a28ea73-1f26-4647-a236-ccf56a82f33b","0","1","7","2123","282","411","254","364","799","15276","356","226"
"9a28ea73-1f26-4647-a236-ccf56a82f33b","0","1","8","580","259","388","235","358","1358","1714","527","418"
"9a28ea73-1f26-4647-a236-ccf56a82f33b","0","1","9","557","279","395","251","410","1155","1295","406","262"
"9a28ea73-1f26-4647-a236-ccf56a82f33b","0","1","10","557","279","395","251","410","1155","1295","406","262"
"9a28ea73-1f26-4647-a236-ccf56a82f33b","0","1","11","588","276","427","254","310","990","1031","435","310"
"9a28ea73-1f26-4647-a236-ccf56a82f33b","0","1","12","474","278","411","302","602","1026","1005","410","11130"
"9a28ea73-1f26-4647-a236-ccf56a82f33b","0","1","13","631","313","415","283","402","652","627","302","186"
"9a28ea73-1f26-4647-a236-ccf56a82f33b","0","1","14","410","244","354","279","479","463","866","308","193"
"9a28ea73-1f26-4647-a236-ccf56a82f33b","0","1","15","563","276","506","331","546","447","457","287","182"
"9a28ea73-1f26-4647-a236-ccf56a82f33b","0","1","16","431","260","449","252","323","689","650","278","214"
"9a28ea73-1f26-4647-a236-ccf56a82f33b","0","1","17","444","343","394","253","367","615","651","281","197"
"9a28ea73-1f26-4647-a236-ccf56a82f33b","0","1","18","692","227","445","302","404","623","776","412","289"
"9a28ea73-1f26-4647-a236-ccf56a82f33b","0","1","19","504","247","399","264","504","364","385","310","201"
"9a28ea73-1f26-4647-a236-ccf56a82f33b","0","1","20","483","267","382","237","379","544","523","293","182"
"9a28ea73-1f26-4647-a236-ccf56a82f33b","0","1","21","483","267","382","237","379","544","523","293","182"
"9a28ea73-1f26-4647-a236-ccf56a82f33b","1","1","0","520","222","806","629","1047","574","557","325","190"
"9a28ea73-1f26-4647-a236-ccf56a82f33b","1","1","1","737","266","445","262","351","396","400","330","203"
"9a28ea73-1f26-4647-a236-ccf56a82f33b","1","1","2","486","286","404","232","276","652","579","359","227"
"9a28ea73-1f26-4647-a236-ccf56a82f33b","1","1","3","762","208","750","635","328","327","364","437","260"
"9a28ea73-1f26-4647-a236-ccf56a82f33b","1","1","4","433","299","407","241","282","1037","1060","353","199"
"9a28ea73-1f26-4647-a236-ccf56a82f33b","1","1","5","511","317","516","339","314","591","535","345","216"
"9a28ea73-1f26-4647-a236-ccf56a82f33b","1","1","6","421","273","425","244","378","605","606","340","212"
"9a28ea73-1f26-4647-a236-ccf56a82f33b","1","1","7","461","264","397","237","342","579","521","272","186"
"9a28ea73-1f26-4647-a236-ccf56a82f33b","1","1","8","465","251","363","206","383","340","384","302","184"
"9a28ea73-1f26-4647-a236-ccf56a82f33b","1","1","9","439","283","402","266","239","2315","1161","299","197"
"9a28ea73-1f26-4647-a236-ccf56a82f33b","1","1","10","439","283","402","266","239","2315","1161","299","197"
"9a28ea73-1f26-4647-a236-ccf56a82f33b","2","1","0","515","681","502","342","340","734","735","316","170"
"9a28ea73-1f26-4647-a236-ccf56a82f33b","2","1","1","349","251","387","223","280","657","612","361","274"
"9a28ea73-1f26-4647-a236-ccf56a82f33b","2","1","2","373","210","394","239","368","434","403","396","243"
"9a28ea73-1f26-4647-a236-ccf56a82f33b","2","1","3","407","267","729","357","332","748","701","501","278"
"9a28ea73-1f26-4647-a236-ccf56a82f33b","2","1","4","442","292","375","227","371","449","594","347","204"
"9a28ea73-1f26-4647-a236-ccf56a82f33b","2","1","5","529","239","365","226","364","396","378","291","216"
"9a28ea73-1f26-4647-a236-ccf56a82f33b","2","1","6","348","466","454","357","359","860","940","316","221"
"9a28ea73-1f26-4647-a236-ccf56a82f33b","2","1","7","473","302","391","253","415","606","569","310","203"
"9a28ea73-1f26-4647-a236-ccf56a82f33b","2","1","8","593","286","406","271","431","428","464","434","283"
"9a28ea73-1f26-4647-a236-ccf56a82f33b","2","1","9","437","277","344","206","242","963","983","347","239"
"9a28ea73-1f26-4647-a236-ccf56a82f33b","2","1","10","437","277","344","206","242","963","983","347","239"
"a11b642e-75bc-4ae8-bb00-cbff9c3b2e88","1","1","0","5853","5184","1748","1486","2147","2112","3492","3745","2510"
"a11b642e-75bc-4ae8-bb00-cbff9c3b2e88","1","1","1","2745","2078","1230","897","1819","1464","2373","1905","979"
"a11b642e-75bc-4ae8-bb00-cbff9c3b2e88","1","1","2","1718","1764","1962","1537","1408","1252","1336","1521","1662"
"a11b642e-75bc-4ae8-bb00-cbff9c3b2e88","1","1","3","1897","2156","1588","1354","1338","1473","1948","1650","1264"
"a11b642e-75bc-4ae8-bb00-cbff9c3b2e88","1","1","4","1615","1734","1840","1539","1667","1334","2735","2363","1105"
"a11b642e-75bc-4ae8-bb00-cbff9c3b2e88","1","1","5","1498","1528","1409","1183","1207","1225","1524","1163","944"
"a11b642e-75bc-4ae8-bb00-cbff9c3b2e88","1","1","6","1596","1506","1339","896","1891","1507","1601","1135","1192"
"a11b642e-75bc-4ae8-bb00-cbff9c3b2e88","1","1","7","1618","1636","1211","937","1369","1688","1817","1133","1171"
"a11b642e-75bc-4ae8-bb00-cbff9c3b2e88","1","1","8","1755","1957","1828","1382","1642","885","1422","1344","985"
"a11b642e-75bc-4ae8-bb00-cbff9c3b2e88","1","1","9","1505","1328","1087","821","1294","1060","1050","860","1059"
"a11b642e-75bc-4ae8-bb00-cbff9c3b2e88","1","1","10","1505","1328","1087","821","1294","1060","1050","860","1059"
"a11b642e-75bc-4ae8-bb00-cbff9c3b2e88","2","1","0","2676","2475","2654","540","2370","919","3249","3245","1037"
"a11b642e-75bc-4ae8-bb00-cbff9c3b2e88","2","1","1","3022","2190","1702","1229","1683","2072","2226","1111","1153"
"a11b642e-75bc-4ae8-bb00-cbff9c3b2e88","2","1","2","1970","1917","1025","876","1899","1245","1656","1358","1074"
"a11b642e-75bc-4ae8-bb00-cbff9c3b2e88","2","1","3","2244","1960","1502","1095","1669","1022","974","1232","1415"
"a11b642e-75bc-4ae8-bb00-cbff9c3b2e88","2","1","4","1860","2052","1580","1082","1354","1801","1899","1088","1104"
"a11b642e-75bc-4ae8-bb00-cbff9c3b2e88","2","1","5","2340","2094","1333","979","1146","1688","1651","901","1027"
"a11b642e-75bc-4ae8-bb00-cbff9c3b2e88","2","1","6","3037","1662","1209","874","1813","1856","1648","997","1086"
"a11b642e-75bc-4ae8-bb00-cbff9c3b2e88","2","1","7","2338","1521","1025","750","1272","1730","2019","1220","1055"
"a11b642e-75bc-4ae8-bb00-cbff9c3b2e88","2","1","8","1624","1645","947","850","1455","1648","1701","1132","981"
"a11b642e-75bc-4ae8-bb00-cbff9c3b2e88","2","1","9","1689","1511","1408","1076","1105","1542","1399","932","1052"
"a11b642e-75bc-4ae8-bb00-cbff9c3b2e88","2","1","10","1689","1511","1408","1076","1105","1542","1399","932","1052"
"a6507dfb-3bf3-4007-bc5f-0e74cb0809d5","0","1","0","1160","683","563","761","1243","1517","1585","1024","734"
"a6507dfb-3bf3-4007-bc5f-0e74cb0809d5","0","1","1","1526","1330","410","417","601","658","1187","478","389"
"a6507dfb-3bf3-4007-bc5f-0e74cb0809d5","0","1","2","1324","540","645","867","867","610","1241","483","341"
"a6507dfb-3bf3-4007-bc5f-0e74cb0809d5","0","1","3","1242","846","765","814","1158","1242","3604","335","253"
"a6507dfb-3bf3-4007-bc5f-0e74cb0809d5","0","1","4","1405","460","858","864","698","760","1149","627","550"
"a6507dfb-3bf3-4007-bc5f-0e74cb0809d5","0","1","5","1704","368","681","383","513","10463","648","474","254"
"a6507dfb-3bf3-4007-bc5f-0e74cb0809d5","0","1","6","1547","729","725","639","1387","1165","1361","402","327"
"a6507dfb-3bf3-4007-bc5f-0e74cb0809d5","0","1","7","1005","587","447","585","806","560","906","604","435"
"a6507dfb-3bf3-4007-bc5f-0e74cb0809d5","0","1","8","1612","924","393","628","948","649","1168","591","410"
"a6507dfb-3bf3-4007-bc5f-0e74cb0809d5","0","1","9","1375","909","493","544","672","529","814","510","386"
"a6507dfb-3bf3-4007-bc5f-0e74cb0809d5","0","1","10","1375","909","493","544","672","529","814","510","386"
"a6507dfb-3bf3-4007-bc5f-0e74cb0809d5","1","1","0","1266","753","678","619","854","1159","1400","625","738"
"a6507dfb-3bf3-4007-bc5f-0e74cb0809d5","1","1","1","890","709","654","760","1034","902","1897","704","478"
"a6507dfb-3bf3-4007-bc5f-0e74cb0809d5","1","1","2","1071","559","571","625","976","517","1329","412","384"
"a6507dfb-3bf3-4007-bc5f-0e74cb0809d5","1","1","3","918","1240","885","504","882","664","1456","656","432"
"a6507dfb-3bf3-4007-bc5f-0e74cb0809d5","1","1","4","1504","1081","585","377","632","481","1033","600","738"
"a6507dfb-3bf3-4007-bc5f-0e74cb0809d5","1","1","5","892","533","449","365","718","1455","1080","992","305"
"a6507dfb-3bf3-4007-bc5f-0e74cb0809d5","1","1","6","792","481","329","327","936","809","1009","377","331"
"a6507dfb-3bf3-4007-bc5f-0e74cb0809d5","1","1","7","701","306","428","706","1219","737","664","396","300"
"a6507dfb-3bf3-4007-bc5f-0e74cb0809d5","1","1","8","905","557","456","370","753","2513","793","432","372"
"a6507dfb-3bf3-4007-bc5f-0e74cb0809d5","1","1","9","829","520","504","473","409","1273","953","568","497"
"a6507dfb-3bf3-4007-bc5f-0e74cb0809d5","1","1","10","829","520","504","473","409","1273","953","568","497"
"a6507dfb-3bf3-4007-bc5f-0e74cb0809d5","2","1","0","204","434","976","957","617","409","3784","677","492"
"b5efef81-d69e-4e71-8b5e-6e4b1aaa82cc","0","1","0","958","1923","1621","1418","930","854","1792","522","377"
"b5efef81-d69e-4e71-8b5e-6e4b1aaa82cc","0","1","1","1081","11176","11380","11464","11463","11249","11168","10853","10718"
"b5efef81-d69e-4e71-8b5e-6e4b1aaa82cc","0","1","2","1430","721","983","850","1086","662","583","546","471"
"b5efef81-d69e-4e71-8b5e-6e4b1aaa82cc","0","1","3","903","10875","10873","10812","10815","10910","11195","10014","9926"
"b5efef81-d69e-4e71-8b5e-6e4b1aaa82cc","0","1","4","1611","1219","890","670","1001","883","961","465","343"
"b5efef81-d69e-4e71-8b5e-6e4b1aaa82cc","0","1","5","1635","1174","523","706","871","810","859","565","293"
"b5efef81-d69e-4e71-8b5e-6e4b1aaa82cc","0","1","6","1131","627","1438","1344","437","639","773","381","250"
"b5efef81-d69e-4e71-8b5e-6e4b1aaa82cc","0","1","7","670","395","697","651","595","1055","1660","841","333"
"b5efef81-d69e-4e71-8b5e-6e4b1aaa82cc","0","1","8","670","395","697","651","595","1055","1660","841","333"
"b5efef81-d69e-4e71-8b5e-6e4b1aaa82cc","0","1","9","1361","807","910","530","796","649","630","452","305"
"b5efef81-d69e-4e71-8b5e-6e4b1aaa82cc","0","1","10","1015","419","596","434","414","599","714","331","233"
"b5efef81-d69e-4e71-8b5e-6e4b1aaa82cc","0","1","11","1015","419","596","434","414","599","714","331","233"
"b5efef81-d69e-4e71-8b5e-6e4b1aaa82cc","1","1","0","655","12541","12918","12901","12568","12591","12587","12148","12061"
"b5efef81-d69e-4e71-8b5e-6e4b1aaa82cc","1","1","1","558","710","1304","1123","577","834","889","539","488"
"b5efef81-d69e-4e71-8b5e-6e4b1aaa82cc","1","1","2","1794","13118","13845","13822","14077","14232","14203","11997","11843"
"b5efef81-d69e-4e71-8b5e-6e4b1aaa82cc","1","1","3","575","598","1347","1171","646","727","784","487","360"
"b5efef81-d69e-4e71-8b5e-6e4b1aaa82cc","1","1","4","1098","397","1071","937","823","1749","443","504","248"
"b5efef81-d69e-4e71-8b5e-6e4b1aaa82cc","1","1","5","1234","507","560","539","796","711","604","427","307"
"b5efef81-d69e-4e71-8b5e-6e4b1aaa82cc","1","1","6","711","493","480","482","1256","864","592","409","207"
"b5efef81-d69e-4e71-8b5e-6e4b1aaa82cc","1","1","7","1332","670","782","746","629","793","775","391","321"
"b5efef81-d69e-4e71-8b5e-6e4b1aaa82cc","1","1","8","519","9342","9719","9828","9421","9789","9723","9453","9213"
"b5efef81-d69e-4e71-8b5e-6e4b1aaa82cc","1","1","9","1060","580","1136","1078","571","858","792","528","298"
"b5efef81-d69e-4e71-8b5e-6e4b1aaa82cc","1","1","10","1060","580","1136","1078","571","858","792","528","298"
"b5efef81-d69e-4e71-8b5e-6e4b1aaa82cc","2","1","0","1208","955","816","879","717","1166","1650","628","302"
"b5efef81-d69e-4e71-8b5e-6e4b1aaa82cc","2","1","1","509","734","664","471","622","1816","528","1152","869"
"b5efef81-d69e-4e71-8b5e-6e4b1aaa82cc","2","1","2","485","786","947","642","1037","986","1338","562","285"
"b5efef81-d69e-4e71-8b5e-6e4b1aaa82cc","2","1","3","552","565","1066","1039","696","895","807","533","291"
"b5efef81-d69e-4e71-8b5e-6e4b1aaa82cc","2","1","4","531","656","1077","971","964","690","678","409","532"
"b5efef81-d69e-4e71-8b5e-6e4b1aaa82cc","2","1","5","534","855","626","423","549","778","792","374","259"
"b5efef81-d69e-4e71-8b5e-6e4b1aaa82cc","2","1","6","830","747","1817","1604","505","10358","10360","10205","9933"
"b5efef81-d69e-4e71-8b5e-6e4b1aaa82cc","2","1","7","571","776","720","555","414","711","664","508","256"
"b5efef81-d69e-4e71-8b5e-6e4b1aaa82cc","2","1","8","558","929","413","787","1453","783","764","351","223"
"b5efef81-d69e-4e71-8b5e-6e4b1aaa82cc","2","1","9","590","758","491","447","759","781","591","458","347"
"b5efef81-d69e-4e71-8b5e-6e4b1aaa82cc","2","1","10","590","758","491","447","759","781","591","458","347"
"bafdabe2-8b49-434a-aaf3-b06d61906024","0","1","0","2239","1096","1624","1392","3760","1392","1176","968","855"
"bafdabe2-8b49-434a-aaf3-b06d61906024","0","1","1","979","1024","1400","1024","1768","3512","856","752","652"
"bafdabe2-8b49-434a-aaf3-b06d61906024","0","1","2","1526","888","1631","1320","872","1488","1304","944","859"
"bafdabe2-8b49-434a-aaf3-b06d61906024","0","1","3","1938","1489","1960","1655","1496","2840","696","600","509"
"bafdabe2-8b49-434a-aaf3-b06d61906024","0","1","4","1671","2161","1048","735","1264","2664","2480","896","683"
"bafdabe2-8b49-434a-aaf3-b06d61906024","0","1","5","1467","1497","1432","1094","1296","1089","984","912","563"
"bafdabe2-8b49-434a-aaf3-b06d61906024","0","1","6","689","2112","1848","1655","1424","1096","928","976","901"
"bafdabe2-8b49-434a-aaf3-b06d61906024","0","1","7","1169","816","1208","1040","2680","2569","711","951","858"
"bafdabe2-8b49-434a-aaf3-b06d61906024","0","1","8","1685","1560","9473","4124","9720","1017","840","969","934"
"bafdabe2-8b49-434a-aaf3-b06d61906024","0","1","9","1189","1985","1848","1399","768","1017","840","969","934"
"bafdabe2-8b49-434a-aaf3-b06d61906024","0","1","10","1189","1985","1848","1399","768","1017","840","969","934"
"bafdabe2-8b49-434a-aaf3-b06d61906024","1","1","0","1984","1512","2249","2022","2007","2000","1656","904","855"
"bafdabe2-8b49-434a-aaf3-b06d61906024","1","1","1","1652","1832","1407","1097","1560","1055","951","1775","1716"
"bafdabe2-8b49-434a-aaf3-b06d61906024","1","1","2","1658","1393","1840","1607","1800","815","723","825","747"
"bafdabe2-8b49-434a-aaf3-b06d61906024","1","1","3","2825","1887","1480","1310","1745","1416","1417","937","771"
"bafdabe2-8b49-434a-aaf3-b06d61906024","1","1","4","1136","1625","1424","1174","1263","1831","1727","960","899"
"bafdabe2-8b49-434a-aaf3-b06d61906024","1","1","5","900","1913","1161","950","1305","1472","1440","1056","972"
"bafdabe2-8b49-434a-aaf3-b06d61906024","1","1","6","1137","920","1622","1310","1122","1761","1686","728","596"
"bafdabe2-8b49-434a-aaf3-b06d61906024","1","1","7","1232","1416","807","449","1232","791","783","584","526"
"bafdabe2-8b49-434a-aaf3-b06d61906024","1","1","8","1328","746","1415","1167","1041","1089","976","759","669"
"bafdabe2-8b49-434a-aaf3-b06d61906024","1","1","9","1329","1321","1167","966","1072","793","784","560","587"
"bafdabe2-8b49-434a-aaf3-b06d61906024","1","1","10","1329","1321","1167","966","1072","793","784","560","587"
"e41db89e-c7b4-4c6c-9016-d89e258bf28b","0","1","0","1600","945","663","317","1189","316","674","461","290"
"e41db89e-c7b4-4c6c-9016-d89e258bf28b","0","1","1","922","606","557","293","900","462","16739","16495","16288"
"e41db89e-c7b4-4c6c-9016-d89e258bf28b","0","1","2","657","350","487","302","1181","278","8448","8240","8005"
"e41db89e-c7b4-4c6c-9016-d89e258bf28b","0","1","3","807","353","599","333","704","1119","885","440","202"
"e41db89e-c7b4-4c6c-9016-d89e258bf28b","0","1","4","584","360","533","250","452","259","918","314","207"
"e41db89e-c7b4-4c6c-9016-d89e258bf28b","0","1","5","689","354","487","269","426","245","973","478","221"
"e41db89e-c7b4-4c6c-9016-d89e258bf28b","0","1","6","1152","279","665","427","403","968","9870","9807","9495"
"e41db89e-c7b4-4c6c-9016-d89e258bf28b","0","1","7","560","276","1027","133","499","438","725","297","214"
"e41db89e-c7b4-4c6c-9016-d89e258bf28b","0","1","8","537","292","508","296","525","875","1162","565","240"
"e41db89e-c7b4-4c6c-9016-d89e258bf28b","0","1","9","609","383","548","319","571","309","540","603","251"
"e41db89e-c7b4-4c6c-9016-d89e258bf28b","0","1","10","609","383","548","319","571","309","540","603","251"
"e41db89e-c7b4-4c6c-9016-d89e258bf28b","1","1","0","727","431","1783","199","635","661","947","684","301"
"e41db89e-c7b4-4c6c-9016-d89e258bf28b","1","1","1","847","368","516","399","728","1035","1203","364","256"
"e41db89e-c7b4-4c6c-9016-d89e258bf28b","1","1","2","696","334","1062","1045","684","499","695","431","358"
"e41db89e-c7b4-4c6c-9016-d89e258bf28b","1","1","3","1010","281","921","759","492","1054","1620","324","245"
"e41db89e-c7b4-4c6c-9016-d89e258bf28b","1","1","4","882","408","764","731","485","1161","1465","740","369"
"e41db89e-c7b4-4c6c-9016-d89e258bf28b","1","1","5","3367","396","924","830","408","651","925","580","279"
"e41db89e-c7b4-4c6c-9016-d89e258bf28b","1","1","6","687","386","768","721","376","700","1057","563","295"
"e41db89e-c7b4-4c6c-9016-d89e258bf28b","1","1","7","1266","477","681","438","611","657","953","734","304"
"e41db89e-c7b4-4c6c-9016-d89e258bf28b","1","1","8","1166","406","356","277","365","1007","8325","7926","7682"
"e6404804-9a54-418a-a8f0-775592877cfe","0","1","0","675","506","459","480","460","351","2963","2384","688"
"e6404804-9a54-418a-a8f0-775592877cfe","0","1","1","868","436","405","372","373","793","2550","1012","563"
"e6404804-9a54-418a-a8f0-775592877cfe","0","1","2","786","297","474","245","369","461","1794","788","626"
"e6404804-9a54-418a-a8f0-775592877cfe","0","1","3","554","372","841","540","525","483","2425","790","637"
"e6404804-9a54-418a-a8f0-775592877cfe","0","1","4","703","329","7432","8312","471","534","2227","917","513"
"e6404804-9a54-418a-a8f0-775592877cfe","0","1","5","544","295","448","332","471","534","2227","917","513"
"e6404804-9a54-418a-a8f0-775592877cfe","0","1","6","875","328","422","273","428","483","1122","955","487"
"e6404804-9a54-418a-a8f0-775592877cfe","0","1","7","707","246","467","254","367","334","1105","869","192"
"e6404804-9a54-418a-a8f0-775592877cfe","0","1","8","910","382","532","289","402","339","1034","379","236"
"e6404804-9a54-418a-a8f0-775592877cfe","0","1","9","718","318","482","259","306","311","929","384","268"
"e6404804-9a54-418a-a8f0-775592877cfe","0","1","10","718","318","482","259","306","311","929","384","268"
"e6404804-9a54-418a-a8f0-775592877cfe","1","1","0","866","262","533","307","441","406","1673","358","214"
"e6404804-9a54-418a-a8f0-775592877cfe","1","1","1","511","214","479","278","372","977","507","549","355"
"e6404804-9a54-418a-a8f0-775592877cfe","1","1","2","699","268","1171","952","679","568","840","769","286"
"e6404804-9a54-418a-a8f0-775592877cfe","1","1","3","631","256","475","272","368","373","1011","365","239"
"e6404804-9a54-418a-a8f0-775592877cfe","1","1","4","658","323","479","210","358","413","841","355","208"
"e6404804-9a54-418a-a8f0-775592877cfe","1","1","5","3086","280","451","214","319","238","559","563","220"
"e6404804-9a54-418a-a8f0-775592877cfe","1","1","6","727","418","506","215","294","262","813","418","645"
"e6404804-9a54-418a-a8f0-775592877cfe","1","1","7","751","252","868","623","321","371","569","461","216"
"e6404804-9a54-418a-a8f0-775592877cfe","1","1","8","606","223","465","220","360","317","886","214","922"
"e6404804-9a54-418a-a8f0-775592877cfe","1","1","9","631","244","424","201","278","248","460","393","234"
"e6404804-9a54-418a-a8f0-775592877cfe","1","1","10","631","244","424","201","278","248","460","393","234"
"e6404804-9a54-418a-a8f0-775592877cfe","2","1","0","599","249","482","267","508","2853","495","569","342"
"e6404804-9a54-418a-a8f0-775592877cfe","2","1","1","788","217","443","261","457","1586","363","380","249"
"e861cdce-a713-40ab-82ac-4d9691788a19","0","1","0","464","2023","1471","1304","1112","1343","28176","23549","21233"
"e861cdce-a713-40ab-82ac-4d9691788a19","0","1","1","3235","2079","1895","1655","1392","842","1704","844","595"
"e861cdce-a713-40ab-82ac-4d9691788a19","0","1","2","1741","1344","1233","1001","1544","792","1468","504","410"
"e861cdce-a713-40ab-82ac-4d9691788a19","0","1","3","2519","783","1505","1336","873","849","2369","895","784"
"e861cdce-a713-40ab-82ac-4d9691788a19","0","1","4","1805","1102","1392","1241","1216","832","1057","601","375"
"e861cdce-a713-40ab-82ac-4d9691788a19","0","1","5","2144","712","1438","1288","1320","1768","1263","536","417"
"e861cdce-a713-40ab-82ac-4d9691788a19","0","1","6","5240","1056","848","552","1794","801","1215","691","457"
"e861cdce-a713-40ab-82ac-4d9691788a19","0","1","7","1804","1997","1425","1106","1280","760","1441","612","361"
"e861cdce-a713-40ab-82ac-4d9691788a19","0","1","8","2232","1655","1104","791","1137","835","1297","392","316"
"e861cdce-a713-40ab-82ac-4d9691788a19","0","1","9","1804","3957","1990","1760","1127","713","1168","464","338"
"e861cdce-a713-40ab-82ac-4d9691788a19","0","1","10","1804","3957","1990","1760","1127","713","1168","464","338"
"e861cdce-a713-40ab-82ac-4d9691788a19","1","1","0","3144","3026","2714","2562","869","796","4890","2111","1820"
"e861cdce-a713-40ab-82ac-4d9691788a19","1","1","1","2581","1921","1730","1421","1229","838","22032","21398","21197"
"e861cdce-a713-40ab-82ac-4d9691788a19","1","1","2","3801","4306","1524","1288","1027","1196","1452","654","460"
"e861cdce-a713-40ab-82ac-4d9691788a19","1","1","3","1793","1111","1585","1328","822","586","1350","647","444"
"e861cdce-a713-40ab-82ac-4d9691788a19","1","1","4","805","547","1150","866","1045","725","1101","552","353"
"e861cdce-a713-40ab-82ac-4d9691788a19","1","1","5","1702","1211","1487","1140","966","748","14037","13658","13407"
"e861cdce-a713-40ab-82ac-4d9691788a19","1","1","6","1851","1244","1197","1022","1170","1334","1318","609","363"
"e861cdce-a713-40ab-82ac-4d9691788a19","1","1","7","1584","1195","1317","1050","1041","596","949","637","372"
"e861cdce-a713-40ab-82ac-4d9691788a19","1","1","8","1537","886","1476","1131","1081","1065","12911","12362","12129"
"e861cdce-a713-40ab-82ac-4d9691788a19","1","1","9","1503","900","1263","969","1218","732","907","553","314"
"e861cdce-a713-40ab-82ac-4d9691788a19","1","1","10","1503","900","1263","969","1218","732","907","553","314"
"e861cdce-a713-40ab-82ac-4d9691788a19","2","1","0","2230","1325","1602","1295","1949","915","1056","525","458"
"e861cdce-a713-40ab-82ac-4d9691788a19","2","1","1","1550","651","1051","752","1216","657","1218","516","397"
"e861cdce-a713-40ab-82ac-4d9691788a19","2","1","2","5141","1795","1158","850","665","489","954","431","331"
"e861cdce-a713-40ab-82ac-4d9691788a19","2","1","3","1591","1262","1433","1212","950","642","940","693","491"
"e861cdce-a713-40ab-82ac-4d9691788a19","2","1","4","1510","786","1020","758","1258","952","1034","491","290"
"e861cdce-a713-40ab-82ac-4d9691788a19","2","1","5","2231","852","1161","786","1143","551","869","455","516"
"e861cdce-a713-40ab-82ac-4d9691788a19","2","1","6","742","1351","1209","920","1291","633","1049","536","332"
"e861cdce-a713-40ab-82ac-4d9691788a19","2","1","7","1737","963","1113","802","1102","1496","1834","562","315"
"e861cdce-a713-40ab-82ac-4d9691788a19","2","1","8","1690","941","919","583","1317","721","1078","383","286"
"e861cdce-a713-40ab-82ac-4d9691788a19","2","1","9","997","747","1311","1079","816","466","877","361","277"
"e861cdce-a713-40ab-82ac-4d9691788a19","2","1","10","997","747","1311","1079","816","466","877","361","277"
"ea92f37c-6652-4339-b685-7ae99d5f272f","0","1","0","2299","1869","936","694","915","1567","1630","1346","983"
"ea92f37c-6652-4339-b685-7ae99d5f272f","0","1","1","2476","583","1215","869","1380","634","1799","341","519"
"ea92f37c-6652-4339-b685-7ae99d5f272f","0","1","2","921","400","982","876","1176","310","473","1328","1197"
"ea92f37c-6652-4339-b685-7ae99d5f272f","0","1","3","629","555","1599","272","1291","2923","482","937","590"
"ea92f37c-6652-4339-b685-7ae99d5f272f","0","1","4","547","455","1194","861","826","1002","1608","349","438"
"ea92f37c-6652-4339-b685-7ae99d5f272f","0","1","5","687","535","1476","1227","696","819","1423","359","266"
"ea92f37c-6652-4339-b685-7ae99d5f272f","0","1","6","1032","546","1098","820","898","1136","936","378","226"
"ea92f37c-6652-4339-b685-7ae99d5f272f","0","1","7","1864","975","1161","660","926","668","584","1013","1013"
"ea92f37c-6652-4339-b685-7ae99d5f272f","0","1","8","644","485","903","592","1219","480","713","479","237"
"ea92f37c-6652-4339-b685-7ae99d5f272f","0","1","9","1547","583","604","382","777","728","754","1422","176"
"ea92f37c-6652-4339-b685-7ae99d5f272f","0","1","10","1547","583","604","382","777","728","754","1422","176"
"ea92f37c-6652-4339-b685-7ae99d5f272f","1","1","0","613","486","715","623","1280","2056","2066","602","238"
"ea92f37c-6652-4339-b685-7ae99d5f272f","1","1","1","745","412","561","286","1353","938","1185","794","495"
"ea92f37c-6652-4339-b685-7ae99d5f272f","1","1","2","579","453","828","545","824","1081","1020","433","240"
"ea92f37c-6652-4339-b685-7ae99d5f272f","1","1","3","1548","1101","689","452","860","1643","1421","638","263"
"ea92f37c-6652-4339-b685-7ae99d5f272f","1","1","4","1458","712","918","490","1035","-215","816","556","298"
"ea92f37c-6652-4339-b685-7ae99d5f272f","1","1","5","579","594","715","449","821","784","916","767","231"
"ea92f37c-6652-4339-b685-7ae99d5f272f","1","1","6","1928","657","764","353","792","712","895","465","200"
"ea92f37c-6652-4339-b685-7ae99d5f272f","1","1","7","553","502","800","371","684","734","605","435","204"
"ea92f37c-6652-4339-b685-7ae99d5f272f","1","1","8","1059","1025","734","296","859","691","611","451","294"
"ea92f37c-6652-4339-b685-7ae99d5f272f","1","1","9","500","520","718","403","580","644","540","278","156"
"ea92f37c-6652-4339-b685-7ae99d5f272f","1","1","10","500","520","718","403","580","644","540","278","156"
"ea92f37c-6652-4339-b685-7ae99d5f272f","2","1","0","1798","446","1096","841","950","888","848","645","292"
"ea92f37c-6652-4339-b685-7ae99d5f272f","2","1","1","550","481","1338","972","1328","1320","1049","500","253"
"ea92f37c-6652-4339-b685-7ae99d5f272f","2","1","2","1709","1687","743","366","1065","1624","1538","440","274"
"ea92f37c-6652-4339-b685-7ae99d5f272f","2","1","3","647","903","983","496","1003","679","618","349","211"
"ea92f37c-6652-4339-b685-7ae99d5f272f","2","1","4","557","533","1730","369","1168","900","687","344","237"
"ea92f37c-6652-4339-b685-7ae99d5f272f","2","1","5","1849","417","779","510","543","544","522","306","195"
"ea92f37c-6652-4339-b685-7ae99d5f272f","2","1","6","734","493","920","630","968","511","699","365","235"
"ea92f37c-6652-4339-b685-7ae99d5f272f","2","1","7","2271","512","640","336","528","768","614","296","271"
"ea92f37c-6652-4339-b685-7ae99d5f272f","2","1","8","2271","512","640","336","528","768","614","296","271"
"ea92f37c-6652-4339-b685-7ae99d5f272f","2","1","9","1599","914","1074","599","1137","851","666","327","180"
"ea92f37c-6652-4339-b685-7ae99d5f272f","2","1","10","433","656","932","680","822","811","583","278","186"
"ea92f37c-6652-4339-b685-7ae99d5f272f","2","1","11","433","656","932","680","822","811","583","278","186"