"user","session","task","iteration","DU_q","DU_u","DU_!","DU_f","DU_a","DU_B","DU_8","DU_*","DU_e","DU_n"
"1060d17b-2e21-4a6b-90f1-f451764a20d0","0","1","0","1904","356","396","1064","275","186","414","426","536","96"
"1060d17b-2e21-4a6b-90f1-f451764a20d0","0","1","1","983","100","225","1143","200","473","685","646","473","124"
"1060d17b-2e21-4a6b-90f1-f451764a20d0","0","1","2","760","146","2924","980","265","324","430","197","588","97"
"1060d17b-2e21-4a6b-90f1-f451764a20d0","0","1","3","1766","91","2317","1469","289","706","814","537","431","188"
"1060d17b-2e21-4a6b-90f1-f451764a20d0","0","1","4","1605","155","169","1060","238","281","398","497","404","59"
"1060d17b-2e21-4a6b-90f1-f451764a20d0","0","1","5","1275","134","634","1012","41","206","310","178","184","11"
"1060d17b-2e21-4a6b-90f1-f451764a20d0","0","1","6","858","178","1205","432","43","272","376","348","157","60"
"1060d17b-2e21-4a6b-90f1-f451764a20d0","0","1","7","1252","124","582","964","200","460","508","268","201","73"
"1060d17b-2e21-4a6b-90f1-f451764a20d0","0","1","8","3851","150","650","877","108","304","454","476","207","73"
"1060d17b-2e21-4a6b-90f1-f451764a20d0","0","1","9","1008","130","395","770","139","465","837","501","253","117"
"1060d17b-2e21-4a6b-90f1-f451764a20d0","0","1","10","1008","130","395","770","139","465","837","501","253","117"
"1060d17b-2e21-4a6b-90f1-f451764a20d0","1","1","0","788","26","1336","910","149","211","365","435","265","28"
"1060d17b-2e21-4a6b-90f1-f451764a20d0","1","1","1","421","8","850","701","63","192","386","234","532","168"
"1060d17b-2e21-4a6b-90f1-f451764a20d0","1","1","2","567","116","311","1577","216","142","646","649","836","94"
"1060d17b-2e21-4a6b-90f1-f451764a20d0","1","1","3","1583","81","221","747","150","473","489","137","488","49"
"1060d17b-2e21-4a6b-90f1-f451764a20d0","1","1","4","1325","50","726","1207","106","506","562","445","496","63"
"1060d17b-2e21-4a6b-90f1-f451764a20d0","1","1","5","1012","45","605","586","122","226","199","174","919","51"
"1060d17b-2e21-4a6b-90f1-f451764a20d0","1","1","6","594","97","261","520","187","230","437","162","528","53"
"1060d17b-2e21-4a6b-90f1-f451764a20d0","1","1","7","953","62","428","799","194","227","807","209","243","44"
"1060d17b-2e21-4a6b-90f1-f451764a20d0","1","1","8","590","128","218","796","58","234","340","288","629","65"
"1060d17b-2e21-4a6b-90f1-f451764a20d0","1","1","9","1132","48","296","855","259","241","453","125","577","99"
"1060d17b-2e21-4a6b-90f1-f451764a20d0","1","1","10","1132","48","296","855","259","241","453","125","577","99"
"1060d17b-2e21-4a6b-90f1-f451764a20d0","2","1","0","812","3","243","365","36","231","347","383","194","53"
"1060d17b-2e21-4a6b-90f1-f451764a20d0","2","1","1","562","121","987","395","31","201","206","221","416","82"
"1060d17b-2e21-4a6b-90f1-f451764a20d0","2","1","2","720","8","181","426","185","125","460","256","304","65"
"1060d17b-2e21-4a6b-90f1-f451764a20d0","2","1","3","603","32","170","744","7","503","359","181","403","55"
"1060d17b-2e21-4a6b-90f1-f451764a20d0","2","1","4","417","90","146","417","36","524","316","165","220","62"
"1060d17b-2e21-4a6b-90f1-f451764a20d0","2","1","5","1043","52","380","575","53","352","658","252","261","55"
"1060d17b-2e21-4a6b-90f1-f451764a20d0","2","1","6","977","48","239","291","19","284","337","256","216","24"
"1060d17b-2e21-4a6b-90f1-f451764a20d0","2","1","7","1079","28","233","298","37","356","318","216","207","8"
"1060d17b-2e21-4a6b-90f1-f451764a20d0","2","1","8","478","15","231","367","17","216","266","154","189","11"
"10f69cd9-1e5d-4e54-93e8-bfbae554d069","0","1","0","2072","152","97","412","97","143","481","336","182","25"
"10f69cd9-1e5d-4e54-93e8-bfbae554d069","0","1","1","1497","128","168","450","41","244","977","176","273","13"
"10f69cd9-1e5d-4e54-93e8-bfbae554d069","0","1","2","439","1","121","405","152","145","547","224","97","104"
"10f69cd9-1e5d-4e54-93e8-bfbae554d069","0","1","3","1913","1","69","236","112","96","608","664","285","127"
"10f69cd9-1e5d-4e54-93e8-bfbae554d069","0","1","4","1224","0","104","225","2","103","561","148","113","14"
"10f69cd9-1e5d-4e54-93e8-bfbae554d069","0","1","5","545","31","185","486","120","153","441","154","88","88"
"10f69cd9-1e5d-4e54-93e8-bfbae554d069","0","1","6","575","120","104","273","99","121","497","242","144","26"
"10f69cd9-1e5d-4e54-93e8-bfbae554d069","0","1","7","579","104","80","162","2","136","601","500","276","63"
"10f69cd9-1e5d-4e54-93e8-bfbae554d069","0","1","8","603","107","89","114","88","64","449","630","237","26"
"10f69cd9-1e5d-4e54-93e8-bfbae554d069","0","1","9","1251","95","56","332","111","85","1046","400","391","86"
"10f69cd9-1e5d-4e54-93e8-bfbae554d069","0","1","10","1251","95","56","332","111","85","1046","400","391","86"
"10f69cd9-1e5d-4e54-93e8-bfbae554d069","1","1","0","942","123","96","517","162","144","523","305","473","44"
"10f69cd9-1e5d-4e54-93e8-bfbae554d069","1","1","1","873","27","113","419","1","102","465","103","328","74"
"10f69cd9-1e5d-4e54-93e8-bfbae554d069","1","1","2","5856","112","71","313","144","105","555","121","346","44"
"10f69cd9-1e5d-4e54-93e8-bfbae554d069","1","1","3","1475","25","72","746","148","233","392","81","379","75"
"10f69cd9-1e5d-4e54-93e8-bfbae554d069","1","1","4","1211","2","86","234","0","160","419","293","436","86"
"10f69cd9-1e5d-4e54-93e8-bfbae554d069","1","1","5","563","2","89","586","118","111","458","195","305","4"
"10f69cd9-1e5d-4e54-93e8-bfbae554d069","1","1","6","1078","1","129","389","114","144","779","112","413","107"
"10f69cd9-1e5d-4e54-93e8-bfbae554d069","1","1","7","497","20","57","242","136","79","554","745","353","10"
"10f69cd9-1e5d-4e54-93e8-bfbae554d069","1","1","8","589","128","50","249","133","103","513","80","391","103"
"10f69cd9-1e5d-4e54-93e8-bfbae554d069","1","1","9","1572","123","98","291","128","145","574","128","449","9"
"10f69cd9-1e5d-4e54-93e8-bfbae554d069","1","1","10","1572","123","98","291","128","145","574","128","449","9"
"10f69cd9-1e5d-4e54-93e8-bfbae554d069","2","1","0","642","97","284","383","1","96","256","119","348","26"
"10f69cd9-1e5d-4e54-93e8-bfbae554d069","2","1","1","1713","42","86","622","17","191","461","252","259","103"
"10f69cd9-1e5d-4e54-93e8-bfbae554d069","2","1","2","919","1","55","329","134","115","538","181","354","10"
"10f69cd9-1e5d-4e54-93e8-bfbae554d069","2","1","3","481","24","104","447","118","305","384","96","337","3"
"10f69cd9-1e5d-4e54-93e8-bfbae554d069","2","1","4","1076","53","94","737","128","143","418","260","290","8"
"10f69cd9-1e5d-4e54-93e8-bfbae554d069","2","1","5","891","0","124","201","0","121","432","184","134","32"
"10f69cd9-1e5d-4e54-93e8-bfbae554d069","2","1","6","615","147","60","184","1","136","521","152","169","2"
"10f69cd9-1e5d-4e54-93e8-bfbae554d069","2","1","7","521","1","64","128","2","182","422","185","177","7"
"10f69cd9-1e5d-4e54-93e8-bfbae554d069","2","1","8","420","123","64","146","2","203","245","284","146","80"
"10f69cd9-1e5d-4e54-93e8-bfbae554d069","2","1","9","1153","0","80","189","31","114","441","266","198","12"
"10f69cd9-1e5d-4e54-93e8-bfbae554d069","2","1","10","1153","0","80","189","31","114","441","266","198","12"
"183e93f8-2ef0-4250-be77-b2d8a02c1033","0","1","0","1173","93","139","197","876","94","369","497","146","83"
"183e93f8-2ef0-4250-be77-b2d8a02c1033","0","1","1","1720","289","94","767","161","170","243","90","539","98"
"183e93f8-2ef0-4250-be77-b2d8a02c1033","0","1","2","871","288","93","456","203","78","185","275","177","56"
"183e93f8-2ef0-4250-be77-b2d8a02c1033","0","1","3","650","99","211","197","96","170","252","77","606","113"
"183e93f8-2ef0-4250-be77-b2d8a02c1033","0","1","4","455","4","209","259","108","185","153","93","232","85"
"183e93f8-2ef0-4250-be77-b2d8a02c1033","0","1","5","1038","126","123","304","130","107","111","93","168","454"
"183e93f8-2ef0-4250-be77-b2d8a02c1033","1","1","0","861","135","179","195","101","197","123","133","252","117"
"183e93f8-2ef0-4250-be77-b2d8a02c1033","1","1","1","551","18","90","213","114","198","136","109","306","67"
"183e93f8-2ef0-4250-be77-b2d8a02c1033","1","1","2","564","145","72","213","116","210","126","149","106","20"
"183e93f8-2ef0-4250-be77-b2d8a02c1033","1","1","3","615","170","254","451","116","170","126","88","184","34"
"183e93f8-2ef0-4250-be77-b2d8a02c1033","1","1","4","376","3","105","253","129","174","123","88","156","116"
"183e93f8-2ef0-4250-be77-b2d8a02c1033","1","1","5","544","103","93","202","89","137","123","332","158","117"
"183e93f8-2ef0-4250-be77-b2d8a02c1033","1","1","6","506","142","137","450","176","195","120","269","187","109"
"183e93f8-2ef0-4250-be77-b2d8a02c1033","1","1","7","423","113","380","361","166","242","124","149","249","103"
"183e93f8-2ef0-4250-be77-b2d8a02c1033","1","1","8","491","129","76","275","283","107","285","137","201","129"
"183e93f8-2ef0-4250-be77-b2d8a02c1033","2","1","0","506","129","169","184","119","179","93","195","218","69"
"183e93f8-2ef0-4250-be77-b2d8a02c1033","2","1","1","522","97","58","93","269","110","91","179","230","99"
"24404d19-ec5c-4c88-a836-0dbbdd7fc2f6","0","1","0","1108","110","252","320","135","319","585","383","582","84"
"24404d19-ec5c-4c88-a836-0dbbdd7fc2f6","0","1","1","1344","78","192","359","130","277","611","11781","12318","12263"
"24404d19-ec5c-4c88-a836-0dbbdd7fc2f6","0","1","2","1321","117","98","377","131","153","391","266","210","39"
"24404d19-ec5c-4c88-a836-0dbbdd7fc2f6","0","1","3","1105","84","307","397","148","418","231","10143","10271","10123"
"24404d19-ec5c-4c88-a836-0dbbdd7fc2f6","0","1","4","3127","13","225","378","124","288","420","215","485","93"
"24404d19-ec5c-4c88-a836-0dbbdd7fc2f6","0","1","5","1765","89","304","285","139","315","394","200","371","105"
"24404d19-ec5c-4c88-a836-0dbbdd7fc2f6","0","1","6","953","106","101","219","165","394","236","13337","13784","13605"
"24404d19-ec5c-4c88-a836-0dbbdd7fc2f6","0","1","7","953","106","101","219","165","394","236","13337","13784","13605"
"24404d19-ec5c-4c88-a836-0dbbdd7fc2f6","0","1","8","636","112","371","292","113","647","159","237","197","77"
"24404d19-ec5c-4c88-a836-0dbbdd7fc2f6","0","1","9","596","86","562","412","139","369","176","164","52","43"
"24404d19-ec5c-4c88-a836-0dbbdd7fc2f6","0","1","10","1194","93","311","179","154","200","167","425","223","91"
"24404d19-ec5c-4c88-a836-0dbbdd7fc2f6","0","1","11","1194","93","311","179","154","200","167","425","223","91"
"24404d19-ec5c-4c88-a836-0dbbdd7fc2f6","1","1","0","959","114","178","234","151","257","429","280","377","35"
"24404d19-ec5c-4c88-a836-0dbbdd7fc2f6","1","1","1","527","104","141","82","6","255","285","6704","6441","6353"
"24404d19-ec5c-4c88-a836-0dbbdd7fc2f6","1","1","2","861","78","160","218","118","252","87","229","116","11"
"24404d19-ec5c-4c88-a836-0dbbdd7fc2f6","1","1","3","613","104","113","217","62","247","168","10620","11462","11296"
"24404d19-ec5c-4c88-a836-0dbbdd7fc2f6","1","1","4","657","66","336","281","149","331","158","8791","8865","8862"
"24404d19-ec5c-4c88-a836-0dbbdd7fc2f6","1","1","5","684","78","236","268","132","226","190","6195","6707","6466"
"24404d19-ec5c-4c88-a836-0dbbdd7fc2f6","1","1","6","732","119","129","308","159","191","153","10700","10878","10675"
"24404d19-ec5c-4c88-a836-0dbbdd7fc2f6","1","1","7","755","96","116","339","130","204","150","365","407","72"
"24404d19-ec5c-4c88-a836-0dbbdd7fc2f6","1","1","8","790","110","185","227","143","217","128","8196","8294","8253"
"24404d19-ec5c-4c88-a836-0dbbdd7fc2f6","2","1","0","531","103","163","194","132","205","214","9018","8817","8542"
"24404d19-ec5c-4c88-a836-0dbbdd7fc2f6","2","1","1","552","85","123","411","138","192","289","9093","9142","9092"
"24404d19-ec5c-4c88-a836-0dbbdd7fc2f6","2","1","2","825","103","189","226","106","259","118","200","126","14"
"24404d19-ec5c-4c88-a836-0dbbdd7fc2f6","2","1","3","621","108","187","131","475","218","170","10539","10620","10517"
"24404d19-ec5c-4c88-a836-0dbbdd7fc2f6","2","1","4","871","18","196","280","131","162","92","9830","10354","10195"
"24404d19-ec5c-4c88-a836-0dbbdd7fc2f6","2","1","5","523","16","239","238","125","261","465","7975","7864","8519"
"24404d19-ec5c-4c88-a836-0dbbdd7fc2f6","2","1","6","490","7","188","206","117","507","267","183","91","148"
"2e69a799-4e15-43aa-aadb-ef5c0013c6fe","0","1","0","1280","92","941","767","18","327","657","857","465","143"
"2e69a799-4e15-43aa-aadb-ef5c0013c6fe","0","1","1","1196","46","668","838","82","234","890","679","281","58"
"2e69a799-4e15-43aa-aadb-ef5c0013c6fe","0","1","2","1267","157","313","311","46","212","818","806","593","86"
"2e69a799-4e15-43aa-aadb-ef5c0013c6fe","0","1","3","667","37","213","530","32","213","872","541","155","26"
"2e69a799-4e15-43aa-aadb-ef5c0013c6fe","0","1","4","783","83","253","369","122","300","184","258","249","24"
"2e69a799-4e15-43aa-aadb-ef5c0013c6fe","0","1","5","458","24","322","92","45","300","585","257","213","50"
"2e69a799-4e15-43aa-aadb-ef5c0013c6fe","0","1","6","803","63","1182","289","45","300","585","257","213","50"
"2e69a799-4e15-43aa-aadb-ef5c0013c6fe","0","1","7","441","131","278","224","36","263","377","171","231","34"
"2e69a799-4e15-43aa-aadb-ef5c0013c6fe","0","1","8","509","50","204","707","2","157","501","153","127","22"
"2e69a799-4e15-43aa-aadb-ef5c0013c6fe","0","1","9","1094","64","201","345","34","127","259","171","161","36"
"2e69a799-4e15-43aa-aadb-ef5c0013c6fe","0","1","10","1094","64","201","345","34","127","259","171","161","36"
"2e69a799-4e15-43aa-aadb-ef5c0013c6fe","1","1","0","390","52","230","843","108","191","560","197","278","113"
"2e69a799-4e15-43aa-aadb-ef5c0013c6fe","1","1","1","480","52","230","843","108","191","560","197","278","113"
"2e69a799-4e15-43aa-aadb-ef5c0013c6fe","1","1","2","1023","305","293","410","60","212","368","165","296","46"
"2e69a799-4e15-43aa-aadb-ef5c0013c6fe","1","1","3","568","85","380","278","32","448","514","474","247","63"
"2e69a799-4e15-43aa-aadb-ef5c0013c6fe","1","1","4","445","2","270","259","63","236","214","191","221","63"
"2e69a799-4e15-43aa-aadb-ef5c0013c6fe","1","1","5","533","163","448","228","22","208","251","115","105","22"
"2e69a799-4e15-43aa-aadb-ef5c0013c6fe","1","1","6","495","182","374","313","18","150","561","171","165","45"
"2e69a799-4e15-43aa-aadb-ef5c0013c6fe","1","1","7","774","179","212","631","2","217","740","157","97","8"
"2e69a799-4e15-43aa-aadb-ef5c0013c6fe","1","1","8","453","149","447","184","39","392","541","104","154","7"
"2e69a799-4e15-43aa-aadb-ef5c0013c6fe","1","1","9","448","144","248","424","15","230","274","228","153","67"
"2e69a799-4e15-43aa-aadb-ef5c0013c6fe","1","1","10","448","144","248","424","15","230","274","228","153","67"
"2e69a799-4e15-43aa-aadb-ef5c0013c6fe","2","1","0","545","135","169","205","55","149","601","137","242","128"
"2e69a799-4e15-43aa-aadb-ef5c0013c6fe","2","1","1","340","12","274","251","43","252","4696","-247","191","31"
"2e69a799-4e15-43aa-aadb-ef5c0013c6fe","2","1","2","161","1","258","433","38","341","295","160","191","31"
"2e69a799-4e15-43aa-aadb-ef5c0013c6fe","2","1","3","913","108","193","218","22","229","486","222","256","128"
"2e69a799-4e15-43aa-aadb-ef5c0013c6fe","2","1","4","526","138","192","242","27","186","222","165","256","128"
"2e69a799-4e15-43aa-aadb-ef5c0013c6fe","2","1","5","445","166","229","210","66","208","247","150","39","430"
"2e69a799-4e15-43aa-aadb-ef5c0013c6fe","2","1","6","489","155","304","255","70","119","507","149","246","164"
"2e69a799-4e15-43aa-aadb-ef5c0013c6fe","2","1","7","16002","474","136","195","45","581","387","207","249","136"
"2e69a799-4e15-43aa-aadb-ef5c0013c6fe","2","1","8","411","147","268","282","103","203","389","177","268","434"
"2e69a799-4e15-43aa-aadb-ef5c0013c6fe","2","1","9","412","160","236","251","2","175","256","164","288","133"
"2e69a799-4e15-43aa-aadb-ef5c0013c6fe","2","1","10","412","160","236","251","2","175","256","164","288","133"
"43a2b7d3-9d57-4a08-a564-db94470b0320","0","1","0","1882","605","417","830","573","418","569","409","917","85"
"43a2b7d3-9d57-4a08-a564-db94470b0320","0","1","1","1866","459","432","936","72","273","517","325","662","123"
"43a2b7d3-9d57-4a08-a564-db94470b0320","0","1","2","1932","104","513","719","89","241","339","767","232","118"
"43a2b7d3-9d57-4a08-a564-db94470b0320","0","1","3","2030","73","263","400","120","208","464","160","346","79"
"43a2b7d3-9d57-4a08-a564-db94470b0320","0","1","4","1555","73","192","521","96","176","638","152","877","211"
"43a2b7d3-9d57-4a08-a564-db94470b0320","0","1","5","1426","151","309","577","641","241","280","179","349","194"
"43a2b7d3-9d57-4a08-a564-db94470b0320","0","1","6","1742","280","157","376","128","170","926","175","605","137"
"43a2b7d3-9d57-4a08-a564-db94470b0320","0","1","7","1668","81","224","306","147","144","315","157","257","89"
"43a2b7d3-9d57-4a08-a564-db94470b0320","0","1","8","1971","165","232","441","65","281","354","161","564","51"
"43a2b7d3-9d57-4a08-a564-db94470b0320","0","1","9","2400","32","236","376","120","192","448","112","488","81"
"43a2b7d3-9d57-4a08-a564-db94470b0320","0","1","10","2400","32","236","376","120","192","448","112","488","81"
"43a2b7d3-9d57-4a08-a564-db94470b0320","1","1","0","2030","145","312","393","224","235","356","288","261","43"
"43a2b7d3-9d57-4a08-a564-db94470b0320","1","1","1","624","156","311","425","32","192","217","289","807","136"
"43a2b7d3-9d57-4a08-a564-db94470b0320","1","1","2","718","148","245","433","32","128","249","281","217","46"
"43a2b7d3-9d57-4a08-a564-db94470b0320","1","1","3","1352","131","309","1161","176","169","806","233","477","57"
"43a2b7d3-9d57-4a08-a564-db94470b0320","1","1","4","2089","16","376","427","51","208","321","125","314","29"
"43a2b7d3-9d57-4a08-a564-db94470b0320","1","1","5","1903","172","264","409","40","184","433","509","589","17"
"43a2b7d3-9d57-4a08-a564-db94470b0320","1","1","6","1654","107","200","410","16","224","1491","192","670","59"
"43a2b7d3-9d57-4a08-a564-db94470b0320","1","1","7","1209","6","497","439","8","144","1439","421","673","74"
"43a2b7d3-9d57-4a08-a564-db94470b0320","1","1","8","1274","48","280","964","129","207","3077","104","401","25"
"43a2b7d3-9d57-4a08-a564-db94470b0320","1","1","9","2349","31","389","281","40","144","400","96","601","1"
"43a2b7d3-9d57-4a08-a564-db94470b0320","1","1","10","2349","31","389","281","40","144","400","96","601","1"
"43a2b7d3-9d57-4a08-a564-db94470b0320","2","1","0","2319","14","308","403","48","200","525","1221","972","52"
"43a2b7d3-9d57-4a08-a564-db94470b0320","2","1","1","1806","26","368","467","75","184","1153","435","700","153"
"43a2b7d3-9d57-4a08-a564-db94470b0320","2","1","2","2048","146","280","885","47","342","345","234","305","49"
"43a2b7d3-9d57-4a08-a564-db94470b0320","2","1","3","2018","150","290","602","17","199","358","158","274","122"
"43a2b7d3-9d57-4a08-a564-db94470b0320","2","1","4","1429","163","274","529","32","241","177","308","265","55"
"43a2b7d3-9d57-4a08-a564-db94470b0320","2","1","5","2053","145","461","422","63","201","281","191","390","122"
"43a2b7d3-9d57-4a08-a564-db94470b0320","2","1","6","463","5","192","353","73","177","235","337","673","162"
"43a2b7d3-9d57-4a08-a564-db94470b0320","2","1","7","1560","0","321","458","32","137","289","140","203","50"
"43a2b7d3-9d57-4a08-a564-db94470b0320","2","1","8","1541","5","221","1009","135","211","274","169","250","48"
"43a2b7d3-9d57-4a08-a564-db94470b0320","2","1","9","5090","2","213","449","48","208","152","128","217","88"
"43a2b7d3-9d57-4a08-a564-db94470b0320","2","1","10","5090","2","213","449","48","208","152","128","217","88"
"4dfc506d-5928-4039-b257-1767b88d3276","0","1","0","483","120","123","1018","110","158","295","31","169","94"
"4dfc506d-5928-4039-b257-1767b88d3276","0","1","1","508","102","117","392","128","163","122","270","202","94"
"4dfc506d-5928-4039-b257-1767b88d3276","0","1","2","368","127","121","239","119","78","183","87","210","92"
"4dfc506d-5928-4039-b257-1767b88d3276","0","1","3","435","142","113","21","40","309","238","203","128","116"
"4dfc506d-5928-4039-b257-1767b88d3276","0","1","4","417","117","366","949","111","58","62","9449","9694","9571"
"4dfc506d-5928-4039-b257-1767b88d3276","0","1","5","380","130","220","314","105","102","110","7867","8383","8252"
"4dfc506d-5928-4039-b257-1767b88d3276","1","1","0","446","104","125","438","121","95","153","17","180","87"
"4dfc506d-5928-4039-b257-1767b88d3276","1","1","1","432","104","239","164","6","158","202","7748","7995","7956"
"4dfc506d-5928-4039-b257-1767b88d3276","1","1","2","414","118","144","221","131","176","215","11540","12746","12761"
"4dfc506d-5928-4039-b257-1767b88d3276","1","1","3","406","107","124","79","111","114","159","167","917","107"
"4dfc506d-5928-4039-b257-1767b88d3276","1","1","4","446","125","108","221","126","261","242","325","175","86"
"4dfc506d-5928-4039-b257-1767b88d3276","1","1","5","441","103","137","215","101","108","81","6387","6765","6691"
"4dfc506d-5928-4039-b257-1767b88d3276","1","1","6","551","99","136","328","115","41","59","-218","236","95"
"4dfc506d-5928-4039-b257-1767b88d3276","1","1","7","409","107","223","207","99","46","58","10863","13220","13333"
"4dfc506d-5928-4039-b257-1767b88d3276","1","1","8","402","103","178","199","99","117","271","238","2","71"
"5b834c47-8cef-4bdb-af3a-0fb64c36ff07","0","1","0","354","48","131","818","32","206","1284","127","427","79"
"5b834c47-8cef-4bdb-af3a-0fb64c36ff07","0","1","1","372","51","134","797","42","819","743","224","428","80"
"5b834c47-8cef-4bdb-af3a-0fb64c36ff07","0","1","2","725","69","135","1556","41","174","742","73","323","54"
"5b834c47-8cef-4bdb-af3a-0fb64c36ff07","0","1","3","405","48","118","1787","40","127","683","106","294","17"
"5b834c47-8cef-4bdb-af3a-0fb64c36ff07","0","1","4","383","31","115","1582","26","213","1007","206","268","46"
"5b834c47-8cef-4bdb-af3a-0fb64c36ff07","0","1","5","818","68","276","997","42","171","1047","146","362","61"
"5b834c47-8cef-4bdb-af3a-0fb64c36ff07","0","1","6","422","18","140","836","22","241","1118","229","601","49"
"5b834c47-8cef-4bdb-af3a-0fb64c36ff07","0","1","7","396","20","150","862","17","142","841","92","401","50"
"5b834c47-8cef-4bdb-af3a-0fb64c36ff07","0","1","8","377","7","101","773","56","153","984","102","453","46"
"5b834c47-8cef-4bdb-af3a-0fb64c36ff07","0","1","9","411","7","86","453","24","160","407","109","366","48"
"5b834c47-8cef-4bdb-af3a-0fb64c36ff07","0","1","10","411","7","86","453","24","160","407","109","366","48"
"5b834c47-8cef-4bdb-af3a-0fb64c36ff07","1","1","0","523","29","181","792","60","455","593","173","553","77"
"5b834c47-8cef-4bdb-af3a-0fb64c36ff07","1","1","1","352","16","188","794","30","343","816","111","459","58"
"5b834c47-8cef-4bdb-af3a-0fb64c36ff07","1","1","2","439","28","200","840","46","183","831","101","280","79"
"5b834c47-8cef-4bdb-af3a-0fb64c36ff07","1","1","3","435","109","136","792","35","222","954","154","561","65"
"5b834c47-8cef-4bdb-af3a-0fb64c36ff07","1","1","4","439","68","125","512","35","139","586","85","437","49"
"5b834c47-8cef-4bdb-af3a-0fb64c36ff07","1","1","5","411","16","146","586","64","310","578","108","452","51"
"5b834c47-8cef-4bdb-af3a-0fb64c36ff07","1","1","6","370","4","177","495","39","210","720","134","420","68"
"5b834c47-8cef-4bdb-af3a-0fb64c36ff07","1","1","7","838","73","157","1703","53","157","1289","108","412","64"
"5b834c47-8cef-4bdb-af3a-0fb64c36ff07","1","1","8","595","10","130","654","36","254","737","154","467","68"
"5b834c47-8cef-4bdb-af3a-0fb64c36ff07","1","1","9","354","9","182","1269","45","265","660","129","268","67"
"5b834c47-8cef-4bdb-af3a-0fb64c36ff07","1","1","10","354","9","182","1269","45","265","660","129","268","67"
"5b834c47-8cef-4bdb-af3a-0fb64c36ff07","2","1","0","476","93","153","752","45","223","523","126","344","59"
"5b834c47-8cef-4bdb-af3a-0fb64c36ff07","2","1","1","430","9459","10414","10908","10240","11871","12243","12206","12424","12181"
"5b834c47-8cef-4bdb-af3a-0fb64c36ff07","2","1","2","393","119","226","176","156","183","449","134","390","41"
"5b834c47-8cef-4bdb-af3a-0fb64c36ff07","2","1","3","446","8","122","827","11","182","1323","193","524","53"
"5b834c47-8cef-4bdb-af3a-0fb64c36ff07","2","1","4","465","69","85","1200","120","143","1223","166","269","60"
"5b834c47-8cef-4bdb-af3a-0fb64c36ff07","2","1","5","464","91","128","766","42","150","1563","153","276","53"
"5b834c47-8cef-4bdb-af3a-0fb64c36ff07","2","1","6","420","69","108","976","65","97","1208","175","272","71"
"5b834c47-8cef-4bdb-af3a-0fb64c36ff07","2","1","7","390","131","101","824","42","297","1132","240","229","53"
"5b834c47-8cef-4bdb-af3a-0fb64c36ff07","2","1","8","377","80","264","549","40","202","1162","126","518","50"
"5b834c47-8cef-4bdb-af3a-0fb64c36ff07","2","1","9","361","82","72","633","35","381","666","130","235","72"
"5b834c47-8cef-4bdb-af3a-0fb64c36ff07","2","1","10","361","82","72","633","35","381","666","130","235","72"
"5bb2e225-97b1-4e34-ad76-4fe1249d664c","0","1","0","392","270","118","150","106","240","121","181","705","22"
"5bb2e225-97b1-4e34-ad76-4fe1249d664c","0","1","1","392","270","118","150","106","240","121","181","705","22"
"5bb2e225-97b1-4e34-ad76-4fe1249d664c","0","1","2","559","136","104","210","30","91","138","9811","10361","10237"
"5bb2e225-97b1-4e34-ad76-4fe1249d664c","0","1","3","568","178","60","286","90","154","138","8671","9211","9016"
"5bb2e225-97b1-4e34-ad76-4fe1249d664c","0","1","4","709","91","120","318","44","73","165","17312","17803","17628"
"5bb2e225-97b1-4e34-ad76-4fe1249d664c","0","1","5","471","77","240","254","44","211","152","9152","9688","9663"
"5bb2e225-97b1-4e34-ad76-4fe1249d664c","0","1","6","628","121","62","196","106","105","167","10114","10563","10477"
"5bb2e225-97b1-4e34-ad76-4fe1249d664c","0","1","7","414","241","103","240","136","104","167","7593","8221","8152"
"5bb2e225-97b1-4e34-ad76-4fe1249d664c","0","1","8","504","257","78","287","60","89","137","8341","8734","8677"
"5bb2e225-97b1-4e34-ad76-4fe1249d664c","1","1","0","463","43","89","134","76","119","405","373","60","70"
"5bb2e225-97b1-4e34-ad76-4fe1249d664c","1","1","1","321","31","88","151","60","74","137","7651","7741","7710"
"5bb2e225-97b1-4e34-ad76-4fe1249d664c","1","1","2","491","59","150","193","181","133","137","482","103","64"
"5bb2e225-97b1-4e34-ad76-4fe1249d664c","2","1","0","445","93","73","420","16","60","150","8610","8942","8926"
"5bb2e225-97b1-4e34-ad76-4fe1249d664c","2","1","1","342","109","90","182","44","90","164","9346","9734","9725"
"5bb2e225-97b1-4e34-ad76-4fe1249d664c","2","1","2","489","89","75","223","62","76","437","7892","8262","8118"
"5bb2e225-97b1-4e34-ad76-4fe1249d664c","2","1","3","469","75","107","167","328","76","165","5819","6285","6201"
"5bb2e225-97b1-4e34-ad76-4fe1249d664c","2","1","4","442","41","136","316","61","89","166","8370","8805","8718"
"5bb2e225-97b1-4e34-ad76-4fe1249d664c","2","1","5","555","30","151","239","45","91","181","8849","9195","9335"
"5bb2e225-97b1-4e34-ad76-4fe1249d664c","2","1","6","465","33","121","297","47","106","270","8821","9301","9184"
"5bb2e225-97b1-4e34-ad76-4fe1249d664c","2","1","7","590","46","93","178","31","211","196","5819","6135","5974"
"5bb2e225-97b1-4e34-ad76-4fe1249d664c","2","1","8","563","60","89","208","30","240","435","4919","5327","5285"
"64d50c85-15cf-4c7f-a23e-29347123ef5f","0","1","0","65064","1232","252","1093","723","212","1488","20391","22101","20966"
"64d50c85-15cf-4c7f-a23e-29347123ef5f","0","1","1","2380","909","228","1606","880","220","1604","20727","22741","22015"
"64d50c85-15cf-4c7f-a23e-29347123ef5f","0","1","2","2190","664","312","850","327","161","4435","14525","16164","15381"
"64d50c85-15cf-4c7f-a23e-29347123ef5f","0","1","3","1954","881","297","1150","335","287","1295","15465","16498","15652"
"64d50c85-15cf-4c7f-a23e-29347123ef5f","0","1","4","327","1099","518","667","175","249","779","30450","31780","31350"
"64d50c85-15cf-4c7f-a23e-29347123ef5f","0","1","5","1471","282","257","886","531","464","1086","14888","16079","15651"
"64d50c85-15cf-4c7f-a23e-29347123ef5f","0","1","6","1557","369","284","1022","150","236","879","15400","16669","16502"
"64d50c85-15cf-4c7f-a23e-29347123ef5f","0","1","7","1832","684","284","1371","173","220","755","18316","19367","19056"
"64d50c85-15cf-4c7f-a23e-29347123ef5f","0","1","8","1432","288","198","839","531","440","1400","14440","15961","15825"
"64d50c85-15cf-4c7f-a23e-29347123ef5f","0","1","9","2801","810","328","972","198","316","1300","81195961","81198939","81198686"
"64d50c85-15cf-4c7f-a23e-29347123ef5f","0","1","10","2801","810","328","972","198","316","1300","81195961","81198939","81198686"
"64d50c85-15cf-4c7f-a23e-29347123ef5f","0","1","11","2013","571","411","543","761","244","1382","265","1308","232"
"64d50c85-15cf-4c7f-a23e-29347123ef5f","0","1","12","2376","790","327","805","279","288","1093","13764","15312","14705"
"64d50c85-15cf-4c7f-a23e-29347123ef5f","0","1","13","2090","400","464","759","241","304","922","11309","12828","12080"
"64d50c85-15cf-4c7f-a23e-29347123ef5f","0","1","14","1650","402","285","1093","136","239","849","16441","17649","17107"
"64d50c85-15cf-4c7f-a23e-29347123ef5f","0","1","15","1858","515","312","773","171","239","1255","19535","21354","21097"
"64d50c85-15cf-4c7f-a23e-29347123ef5f","0","1","16","284","1014","167","584","107","188","910","20695","21654","21423"
"64d50c85-15cf-4c7f-a23e-29347123ef5f","0","1","17","1323","593","289","814","1858","296","1127","11322","12691","12486"
"64d50c85-15cf-4c7f-a23e-29347123ef5f","0","1","18","2078","394","276","369","262","195","598","16734","18618","17919"
"64d50c85-15cf-4c7f-a23e-29347123ef5f","0","1","19","1660","561","264","828","154","220","1799","16145","17527","17310"
"64d50c85-15cf-4c7f-a23e-29347123ef5f","1","1","0","2350","1576","292","727","335","240","1585","17585","22945","21622"
"64d50c85-15cf-4c7f-a23e-29347123ef5f","1","1","1","1619","486","1636","856","330","225","1588","16939","18213","17433"
"64d50c85-15cf-4c7f-a23e-29347123ef5f","1","1","2","1851","927","149","1222","282","237","1299","13432","14901","14483"
"64d50c85-15cf-4c7f-a23e-29347123ef5f","1","1","3","1527","517","368","626","233","197","918","160","554","361"
"64d50c85-15cf-4c7f-a23e-29347123ef5f","1","1","4","2199","607","236","722","661","347","815","11705","13084","12383"
"64d50c85-15cf-4c7f-a23e-29347123ef5f","1","1","5","1868","591","465","744","248","225","496","11447","12576","12784"
"64d50c85-15cf-4c7f-a23e-29347123ef5f","1","1","6","1561","513","204","592","251","288","986","13418","14343","14087"
"64d50c85-15cf-4c7f-a23e-29347123ef5f","1","1","7","1983","1176","308","420","200","323","1302","12840","14721","14908"
"6f2e2139-b4e8-4092-8b40-a79c691b9e4d","0","1","0","5111","652","383","11864","50","441","553","677","669","100"
"6f2e2139-b4e8-4092-8b40-a79c691b9e4d","0","1","1","2243","127","106","1455","50","441","553","677","669","100"
"6f2e2139-b4e8-4092-8b40-a79c691b9e4d","0","1","2","1720","205","298","905","131","383","649","633","295","86"
"6f2e2139-b4e8-4092-8b40-a79c691b9e4d","0","1","3","1734","120","355","1408","192","157","1144","992","596","121"
"6f2e2139-b4e8-4092-8b40-a79c691b9e4d","0","1","4","1527","124","298","1026","407","316","389","266","1003","148"
"6f2e2139-b4e8-4092-8b40-a79c691b9e4d","0","1","5","806","144","469","1234","274","179","1052","392","550","165"
"6f2e2139-b4e8-4092-8b40-a79c691b9e4d","0","1","6","1643","118","220","787","248","348","300","115","645","38"
"6f2e2139-b4e8-4092-8b40-a79c691b9e4d","0","1","7","700","120","420","1345","244","162","218","133","297","48"
"6f2e2139-b4e8-4092-8b40-a79c691b9e4d","0","1","8","27","266","328","620","70","156","584","159","269","38"
"6f2e2139-b4e8-4092-8b40-a79c691b9e4d","0","1","9","2146","126","165","1291","11","154","1239","245","438","88"
"6f2e2139-b4e8-4092-8b40-a79c691b9e4d","0","1","10","2146","126","165","1291","11","154","1239","245","438","88"
"6f2e2139-b4e8-4092-8b40-a79c691b9e4d","1","1","0","2825","154","159","1582","193","268","3828","781","1547","149"
"6f2e2139-b4e8-4092-8b40-a79c691b9e4d","1","1","1","516","125","219","744","222","268","576","626","1015","158"
"6f2e2139-b4e8-4092-8b40-a79c691b9e4d","1","1","2","556","118","286","499","199","384","445","197","973","154"
"6f2e2139-b4e8-4092-8b40-a79c691b9e4d","1","1","3","456","192","109","1188","34","163","184","929","1306","209"
"6f2e2139-b4e8-4092-8b40-a79c691b9e4d","1","1","4","656","138","243","520","15","4","259","145","562","13736"
"6f2e2139-b4e8-4092-8b40-a79c691b9e4d","1","1","5","1611","145","157","1065","4","392","404","165","1090","111"
"6f2e2139-b4e8-4092-8b40-a79c691b9e4d","1","1","6","14817","207","138","1248","7","229","489","111","554","136"
"6f2e2139-b4e8-4092-8b40-a79c691b9e4d","1","1","7","469","125","115","523","140","286","556","172","275","1423"
"6f2e2139-b4e8-4092-8b40-a79c691b9e4d","1","1","8","542","108","172","1096","93","215","1585","120","843","11674"
"6f2e2139-b4e8-4092-8b40-a79c691b9e4d","1","1","9","600","129","110","539","192","153","726","178","402","146"
"6f2e2139-b4e8-4092-8b40-a79c691b9e4d","1","1","10","600","129","110","539","192","153","726","178","402","146"
"6f2e2139-b4e8-4092-8b40-a79c691b9e4d","2","1","0","12441","106","144","2171","45","355","589","933","949","28"
"6f2e2139-b4e8-4092-8b40-a79c691b9e4d","2","1","1","5742","124","95","1745","197","9","1177","187","2058","137"
"6f2e2139-b4e8-4092-8b40-a79c691b9e4d","2","1","2","2757","285","212","3179","153","393","993","595","1345","126"
"6f2e2139-b4e8-4092-8b40-a79c691b9e4d","2","1","3","1994","124","173","1360","333","373","201","1807","536","120"
"6f2e2139-b4e8-4092-8b40-a79c691b9e4d","2","1","4","1928","111","3","1006","180","240","1584","150","560","122"
"6f2e2139-b4e8-4092-8b40-a79c691b9e4d","2","1","5","2151","186","280","1782","190","248","551","164","642","137"
"6f2e2139-b4e8-4092-8b40-a79c691b9e4d","2","1","6","1633","36","335","1251","210","333","351","168","547","151"
"6f2e2139-b4e8-4092-8b40-a79c691b9e4d","2","1","7","1665","118","238","2249","220","507","527","166","488","150"
"6f2e2139-b4e8-4092-8b40-a79c691b9e4d","2","1","8","894","120","357","1342","174","359","532","159","466","154"
"6f2e2139-b4e8-4092-8b40-a79c691b9e4d","2","1","9","1433","113","309","1371","182","18","2504","126","992","121"
"6f2e2139-b4e8-4092-8b40-a79c691b9e4d","2","1","10","1433","113","309","1371","182","18","2504","126","992","121"
"74b61803-d2f8-4edc-8f94-6699f321d3a8","0","1","0","1058","1233","447","1070","441","273","2292","1050","936","207"
"74b61803-d2f8-4edc-8f94-6699f321d3a8","0","1","1","3150","1369","584","6560","97","153","735","472","686","587"
"74b61803-d2f8-4edc-8f94-6699f321d3a8","0","1","2","1878","308","521","658","1141","153","735","472","686","587"
"74b61803-d2f8-4edc-8f94-6699f321d3a8","0","1","3","1655","711","1038","752","232","477","385","627","525","294"
"74b61803-d2f8-4edc-8f94-6699f321d3a8","1","1","0","390","237","424","1020","427","423","720","160","974","198"
"74b61803-d2f8-4edc-8f94-6699f321d3a8","1","1","1","3896","861","1601","993","379","188","720","248","550","270"
"74b61803-d2f8-4edc-8f94-6699f321d3a8","1","1","2","4304","364","1097","714","206","284","452","193","466","283"
"74b61803-d2f8-4edc-8f94-6699f321d3a8","1","1","3","467","181","397","831","195","260","1382","599","792","175"
"74b61803-d2f8-4edc-8f94-6699f321d3a8","1","1","4","882","756","429","1036","174","307","446","357","399","148"
"74b61803-d2f8-4edc-8f94-6699f321d3a8","1","1","5","2116","195","2207","496","119","93","846","652","823","157"
"74b61803-d2f8-4edc-8f94-6699f321d3a8","1","1","6","8850","123","624","669","126","320","1150","1025","820","144"
"74b61803-d2f8-4edc-8f94-6699f321d3a8","1","1","7","2000","140","596","896","95","204","95","219","759","154"
"76ceee13-0c73-46a3-9d3c-936d65b65283","0","1","0","435","19","251","447","60","533","495","683","1050","38"
"76ceee13-0c73-46a3-9d3c-936d65b65283","0","1","1","557","113","206","436","136","294","339","522","398","99"
"76ceee13-0c73-46a3-9d3c-936d65b65283","0","1","2","706","14","212","333","172","184","294","560","212","24"
"76ceee13-0c73-46a3-9d3c-936d65b65283","0","1","3","449","7","117","526","178","157","308","389","388","109"
"76ceee13-0c73-46a3-9d3c-936d65b65283","0","1","4","442","29","143","291","80","661","322","162","1264","78"
"76ceee13-0c73-46a3-9d3c-936d65b65283","0","1","5","588","23","325","220","207","438","328","740","378","137"
"76ceee13-0c73-46a3-9d3c-936d65b65283","0","1","6","344","29","185","467","209","624","204","465","325","96"
"76ceee13-0c73-46a3-9d3c-936d65b65283","0","1","7","473","52","245","487","243","707","6","175","275","18"
"76ceee13-0c73-46a3-9d3c-936d65b65283","0","1","8","630","31","250","198","159","426","607","532","247","15"
"76ceee13-0c73-46a3-9d3c-936d65b65283","0","1","9","1168","56","321","454","127","100","168","337","327","26"
"76ceee13-0c73-46a3-9d3c-936d65b65283","0","1","10","1168","56","321","454","127","100","168","337","327","26"
"76ceee13-0c73-46a3-9d3c-936d65b65283","1","1","0","534","109","194","881","169","123","272","616","449","101"
"76ceee13-0c73-46a3-9d3c-936d65b65283","1","1","1","1325","131","161","245","515","318","570","146","245","27"
"76ceee13-0c73-46a3-9d3c-936d65b65283","1","1","2","453","34","314","357","179","252","408","509","324","135"
"76ceee13-0c73-46a3-9d3c-936d65b65283","1","1","3","361","3","228","375","226","524","384","419","292","11"
"76ceee13-0c73-46a3-9d3c-936d65b65283","1","1","4","538","98","193","410","222","501","304","180","294","104"
"76ceee13-0c73-46a3-9d3c-936d65b65283","1","1","5","484","118","180","341","186","142","170","184","156","17"
"76ceee13-0c73-46a3-9d3c-936d65b65283","1","1","6","904","22","146","398","175","151","166","220","317","72"
"76ceee13-0c73-46a3-9d3c-936d65b65283","1","1","7","466","100","207","725","166","162","237","129","295","99"
"76ceee13-0c73-46a3-9d3c-936d65b65283","1","1","8","1113","12","128","426","219","126","325","161","214","12"
"76ceee13-0c73-46a3-9d3c-936d65b65283","2","1","0","367","6","240","493","129","200","1215","100","363","112"
"76ceee13-0c73-46a3-9d3c-936d65b65283","2","1","1","402","2","201","520","118","757","279","290","210","35"
"76ceee13-0c73-46a3-9d3c-936d65b65283","2","1","2","552","11","173","1089","190","175","270","125","140","38"
"76ceee13-0c73-46a3-9d3c-936d65b65283","2","1","3","301","584","173","456","186","114","182","159","272","92"
"76ceee13-0c73-46a3-9d3c-936d65b65283","2","1","4","659","9","261","561","134","150","315","134","410","28"
"76ceee13-0c73-46a3-9d3c-936d65b65283","2","1","5","1192","2","310","402","145","184","599","355","181","144"
"76ceee13-0c73-46a3-9d3c-936d65b65283","2","1","6","2936","74","324","235","150","321","508","109","107","9"
"76ceee13-0c73-46a3-9d3c-936d65b65283","2","1","7","449","114","218","639","53","222","276","134","207","81"
"76ceee13-0c73-46a3-9d3c-936d65b65283","2","1","8","712","2","179","932","143","955","288","9147","9420","9331"
"76ceee13-0c73-46a3-9d3c-936d65b65283","2","1","9","573","34","224","392","109","1160","972","122","147","9"
"76ceee13-0c73-46a3-9d3c-936d65b65283","2","1","10","573","34","224","392","109","1160","972","122","147","9"
"78274e72-031c-4168-bb19-ef98352003a6","0","1","0","2513","243","256","1201","81","240","528","1121","1424","149"
"78274e72-031c-4168-bb19-ef98352003a6","0","1","1","1167","96","222","703","64","192","466","641","353","102"
"78274e72-031c-4168-bb19-ef98352003a6","0","1","2","648","64","144","687","49","14","496","879","321","356"
"78274e72-031c-4168-bb19-ef98352003a6","0","1","3","1799","113","353","832","65","291","575","976","480","102"
"78274e72-031c-4168-bb19-ef98352003a6","0","1","4","1965","113","160","784","97","192","495","257","528","132"
"78274e72-031c-4168-bb19-ef98352003a6","0","1","5","2449","63","288","784","63","143","450","193","641","114"
"78274e72-031c-4168-bb19-ef98352003a6","0","1","6","1675","79","223","1071","80","320","480","145","528","133"
"78274e72-031c-4168-bb19-ef98352003a6","0","1","7","2722","64","127","659","64","318","367","560","400","68"
"78274e72-031c-4168-bb19-ef98352003a6","0","1","8","529","1072","96","848","48","320","417","128","545","275"
"78274e72-031c-4168-bb19-ef98352003a6","0","1","9","2786","96","255","576","79","335","386","145","545","102"
"78274e72-031c-4168-bb19-ef98352003a6","0","1","10","2786","96","255","576","79","335","386","145","545","102"
"78274e72-031c-4168-bb19-ef98352003a6","1","1","0","1940","224","223","1185","32","560","512","160","1073","88"
"78274e72-031c-4168-bb19-ef98352003a6","1","1","1","1281","81","208","1360","48","368","480","927","402","67"
"78274e72-031c-4168-bb19-ef98352003a6","1","1","2","1577","48","208","559","32","192","242","800","721","100"
"78274e72-031c-4168-bb19-ef98352003a6","1","1","3","680","175","161","751","79","288","528","577","415","66"
"78274e72-031c-4168-bb19-ef98352003a6","1","1","4","2828","96","160","480","16","177","336","128","528","115"
"78274e72-031c-4168-bb19-ef98352003a6","1","1","5","1765","80","64","848","32","224","320","256","320","50"
"78274e72-031c-4168-bb19-ef98352003a6","1","1","6","900","32","224","592","64","352","543","576","320","115"
"78274e72-031c-4168-bb19-ef98352003a6","1","1","7","2129","64","144","799","48","240","1423","128","384","67"
"78274e72-031c-4168-bb19-ef98352003a6","1","1","8","1586","112","96","800","48","208","320","368","416","67"
"78274e72-031c-4168-bb19-ef98352003a6","1","1","9","6803","80","224","592","48","288","544","897","528","98"
"78274e72-031c-4168-bb19-ef98352003a6","1","1","10","6803","80","224","592","48","288","544","897","528","98"
"78274e72-031c-4168-bb19-ef98352003a6","2","1","0","2797","81","97","847","624","304","463","400","241","107"
"78274e72-031c-4168-bb19-ef98352003a6","2","1","1","819","592","272","561","16","209","479","704","354","115"
"78274e72-031c-4168-bb19-ef98352003a6","2","1","2","721","113","81","447","16","431","480","498","354","69"
"78274e72-031c-4168-bb19-ef98352003a6","2","1","3","920","82","368","785","65","270","496","834","354","83"
"78274e72-031c-4168-bb19-ef98352003a6","2","1","4","1771","97","272","1040","129","46","511","720","319","35"
"78274e72-031c-4168-bb19-ef98352003a6","2","1","5","1168","48","79","706","49","28","351","304","386","135"
"78274e72-031c-4168-bb19-ef98352003a6","2","1","6","1647","112","177","624","16","288","625","800","369","51"
"78274e72-031c-4168-bb19-ef98352003a6","2","1","7","917","64","354","431","48","285","303","129","385","36"
"78274e72-031c-4168-bb19-ef98352003a6","2","1","8","930","194","111","672","16","334","303","144","352","34"
"78274e72-031c-4168-bb19-ef98352003a6","2","1","9","3230","64","49","527","16","288","463","113","289","68"
"78274e72-031c-4168-bb19-ef98352003a6","2","1","10","3230","64","49","527","16","288","463","113","289","68"
"78274e72-031c-4168-bb19-ef98352003a6","2","1","11","3230","64","49","527","16","288","463","113","289","68"
"7f51dfb9-2994-446b-b18f-be0095e0e0a8","0","1","0","951","26","322","322","207","689","409","512","684","93"
"7f51dfb9-2994-446b-b18f-be0095e0e0a8","0","1","1","313","188","401","820","109","520","539","431","204","288"
"7f51dfb9-2994-446b-b18f-be0095e0e0a8","0","1","2","357","145","209","436","101","564","598","165","253","83"
"7f51dfb9-2994-446b-b18f-be0095e0e0a8","0","1","3","511","129","160","288","93","214","177","211","155","26"
"7f51dfb9-2994-446b-b18f-be0095e0e0a8","0","1","4","527","98","191","437","97","160","408","458","557","89"
"7f51dfb9-2994-446b-b18f-be0095e0e0a8","0","1","5","790","29","102","185","75","520","108","472","198","59"
"7f51dfb9-2994-446b-b18f-be0095e0e0a8","0","1","6","1289","41","108","961","126","362","321","450","291","98"
"7f51dfb9-2994-446b-b18f-be0095e0e0a8","0","1","7","1155","14","271","342","141","179","606","369","189","37"
"7f51dfb9-2994-446b-b18f-be0095e0e0a8","0","1","8","115","19","137","199","216","209","150","7518","7764","7682"
"7f51dfb9-2994-446b-b18f-be0095e0e0a8","0","1","9","471","114","111","185","204","180","151","228","51","59"
"7f51dfb9-2994-446b-b18f-be0095e0e0a8","0","1","10","471","114","111","185","204","180","151","228","51","59"
"7f51dfb9-2994-446b-b18f-be0095e0e0a8","1","1","0","237","48","223","594","111","319","571","232","202","26"
"7f51dfb9-2994-446b-b18f-be0095e0e0a8","1","1","1","542","120","225","421","97","213","293","324","358","73"
"7f51dfb9-2994-446b-b18f-be0095e0e0a8","1","1","2","490","91","99","436","131","87","470","399","134","21"
"7f51dfb9-2994-446b-b18f-be0095e0e0a8","1","1","3","529","111","165","193","126","267","412","133","182","200"
"7f51dfb9-2994-446b-b18f-be0095e0e0a8","1","1","4","437","213","144","254","140","403","170","126","159","74"
"7f51dfb9-2994-446b-b18f-be0095e0e0a8","1","1","5","314","40","142","156","127","165","314","352","200","7"
"7f51dfb9-2994-446b-b18f-be0095e0e0a8","1","1","6","320","13","139","159","124","174","938","10056","10999","10932"
"7f51dfb9-2994-446b-b18f-be0095e0e0a8","1","1","7","481","117","139","242","108","213","310","513","254","77"
"7f51dfb9-2994-446b-b18f-be0095e0e0a8","1","1","8","852","58","130","299","84","577","273","-1009","107","41"
"9a28ea73-1f26-4647-a236-ccf56a82f33b","0","1","0","519","120","184","327","97","82","1153","405","631","76"
"9a28ea73-1f26-4647-a236-ccf56a82f33b","0","1","1","446","111","115","259","126","201","544","91","433","94"
"9a28ea73-1f26-4647-a236-ccf56a82f33b","0","1","2","473","91","114","377","102","126","751","84","303","93"
"9a28ea73-1f26-4647-a236-ccf56a82f33b","0","1","3","10077","76","74","309","117","159","747","168","220","110"
"9a28ea73-1f26-4647-a236-ccf56a82f33b","0","1","4","469","89","95","240","114","54","402","68","204","86"
"9a28ea73-1f26-4647-a236-ccf56a82f33b","0","1","5","437","86","108","244","104","156","628","75","268","93"
"9a28ea73-1f26-4647-a236-ccf56a82f33b","0","1","6","485","123","81","225","146","144","230","73","153","111"
"9a28ea73-1f26-4647-a236-ccf56a82f33b","0","1","7","2111","90","39","203","122","68","585","102","166","115"
"9a28ea73-1f26-4647-a236-ccf56a82f33b","0","1","8","558","98","68","172","128","132","242","57","369","89"
"9a28ea73-1f26-4647-a236-ccf56a82f33b","0","1","9","534","77","56","205","113","155","-2615","75","217","83"
"9a28ea73-1f26-4647-a236-ccf56a82f33b","0","1","10","534","77","56","205","113","155","-2615","75","217","83"
"9a28ea73-1f26-4647-a236-ccf56a82f33b","0","1","11","571","69","70","236","86","88","785","47","282","92"
"9a28ea73-1f26-4647-a236-ccf56a82f33b","0","1","12","468","76","21","266","106","48","820","69","239","11000"
"9a28ea73-1f26-4647-a236-ccf56a82f33b","0","1","13","626","93","83","224","107","165","459","71","156","91"
"9a28ea73-1f26-4647-a236-ccf56a82f33b","0","1","14","387","96","16","214","127","56","295","35","189","83"
"9a28ea73-1f26-4647-a236-ccf56a82f33b","0","1","15","531","101","78","308","110","170","266","35","152","82"
"9a28ea73-1f26-4647-a236-ccf56a82f33b","0","1","16","403","101","70","221","120","77","490","56","144","131"
"9a28ea73-1f26-4647-a236-ccf56a82f33b","0","1","17","430","125","60","206","111","163","423","143","138","112"
"9a28ea73-1f26-4647-a236-ccf56a82f33b","0","1","18","588","162","55","256","109","161","442","81","255","88"
"9a28ea73-1f26-4647-a236-ccf56a82f33b","0","1","19","410","169","77","203","119","158","193","61","161","108"
"9a28ea73-1f26-4647-a236-ccf56a82f33b","0","1","20","447","90","58","191","116","157","345","48","153","111"
"9a28ea73-1f26-4647-a236-ccf56a82f33b","0","1","21","447","90","58","191","116","157","345","48","153","111"
"9a28ea73-1f26-4647-a236-ccf56a82f33b","1","1","0","451","8","105","588","104","88","344","61","155","105"
"9a28ea73-1f26-4647-a236-ccf56a82f33b","1","1","1","720","86","93","199","107","150","242","63","177","109"
"9a28ea73-1f26-4647-a236-ccf56a82f33b","1","1","2","440","116","66","174","104","68","423","60","193","87"
"9a28ea73-1f26-4647-a236-ccf56a82f33b","1","1","3","680","126","35","590","89","123","172","72","232","72"
"9a28ea73-1f26-4647-a236-ccf56a82f33b","1","1","4","368","130","79","191","96","48","884","77","167","91"
"9a28ea73-1f26-4647-a236-ccf56a82f33b","1","1","5","471","104","88","246","139","57","399","62","174","103"
"9a28ea73-1f26-4647-a236-ccf56a82f33b","1","1","6","393","86","89","207","92","144","458","44","153","114"
"9a28ea73-1f26-4647-a236-ccf56a82f33b","1","1","7","455","96","88","188","100","141","387","51","144","114"
"9a28ea73-1f26-4647-a236-ccf56a82f33b","1","1","8","416","98","69","173","91","137","166","139","162","82"
"9a28ea73-1f26-4647-a236-ccf56a82f33b","1","1","9","380","115","78","211","126","70","431","47","185","70"
"9a28ea73-1f26-4647-a236-ccf56a82f33b","1","1","10","380","115","78","211","126","70","431","47","185","70"
"9a28ea73-1f26-4647-a236-ccf56a82f33b","2","1","0","399","197","70","297","92","67","474","75","116","90"
"9a28ea73-1f26-4647-a236-ccf56a82f33b","2","1","1","347","91","55","187","107","64","476","58","226","113"
"9a28ea73-1f26-4647-a236-ccf56a82f33b","2","1","2","298","1","76","202","104","162","254","50","214","103"
"9a28ea73-1f26-4647-a236-ccf56a82f33b","2","1","3","381","97","91","306","85","93","526","74","244","93"
"9a28ea73-1f26-4647-a236-ccf56a82f33b","2","1","4","440","103","44","185","89","181","245","166","178","112"
"9a28ea73-1f26-4647-a236-ccf56a82f33b","2","1","5","437","172","61","182","100","159","224","32","177","113"
"9a28ea73-1f26-4647-a236-ccf56a82f33b","2","1","6","291","114","67","290","110","150","702","136","168","124"
"9a28ea73-1f26-4647-a236-ccf56a82f33b","2","1","7","418","107","73","199","129","177","410","43","162","105"
"9a28ea73-1f26-4647-a236-ccf56a82f33b","2","1","8","578","91","88","225","135","169","226","86","236","95"
"9a28ea73-1f26-4647-a236-ccf56a82f33b","2","1","9","396","114","57","156","89","82","789","63","185","124"
"9a28ea73-1f26-4647-a236-ccf56a82f33b","2","1","10","396","114","57","156","89","82","789","63","185","124"
"a11b642e-75bc-4ae8-bb00-cbff9c3b2e88","1","1","0","394","504","21","1309","52","341","1459","1947","1680","733"
"a11b642e-75bc-4ae8-bb00-cbff9c3b2e88","1","1","1","2348","297","235","659","132","254","966","1335","466","417"
"a11b642e-75bc-4ae8-bb00-cbff9c3b2e88","1","1","2","1225","422","426","1344","92","153","924","320","1108","488"
"a11b642e-75bc-4ae8-bb00-cbff9c3b2e88","1","1","3","1402","395","245","1146","103","231","1058","822","740","435"
"a11b642e-75bc-4ae8-bb00-cbff9c3b2e88","1","1","4","1201","302","287","1359","74","186","912","1724","534","480"
"a11b642e-75bc-4ae8-bb00-cbff9c3b2e88","1","1","5","962","420","176","1015","58","197","849","605","461","388"
"a11b642e-75bc-4ae8-bb00-cbff9c3b2e88","1","1","6","1202","303","327","723","71","153","1132","381","644","448"
"a11b642e-75bc-4ae8-bb00-cbff9c3b2e88","1","1","7","1128","378","274","736","101","158","1337","393","651","414"
"a11b642e-75bc-4ae8-bb00-cbff9c3b2e88","1","1","8","1380","281","312","1226","50","136","550","789","465","440"
"a11b642e-75bc-4ae8-bb00-cbff9c3b2e88","1","1","9","1115","275","198","633","60","155","725","238","526","427"
"a11b642e-75bc-4ae8-bb00-cbff9c3b2e88","1","1","10","1115","275","198","633","60","155","725","238","526","427"
"a11b642e-75bc-4ae8-bb00-cbff9c3b2e88","2","1","0","1360","1181","414","284","165","286","453","2690","481","470"
"a11b642e-75bc-4ae8-bb00-cbff9c3b2e88","2","1","1","1464","353","388","1100","26","224","1721","424","591","462"
"a11b642e-75bc-4ae8-bb00-cbff9c3b2e88","2","1","2","1425","446","9","759","17","198","893","675","562","435"
"a11b642e-75bc-4ae8-bb00-cbff9c3b2e88","2","1","3","1608","508","326","988","30","212","609","253","869","455"
"a11b642e-75bc-4ae8-bb00-cbff9c3b2e88","2","1","4","1345","410","448","902","66","240","1431","377","609","417"
"a11b642e-75bc-4ae8-bb00-cbff9c3b2e88","2","1","5","1855","356","263","809","55","221","1225","325","475","465"
"a11b642e-75bc-4ae8-bb00-cbff9c3b2e88","2","1","6","2440","511","292","722","56","447","1168","394","517","489"
"a11b642e-75bc-4ae8-bb00-cbff9c3b2e88","2","1","7","1850","382","274","553","105","242","1305","627","500","459"
"a11b642e-75bc-4ae8-bb00-cbff9c3b2e88","2","1","8","1092","431","4","735","16","406","1034","571","459","424"
"a11b642e-75bc-4ae8-bb00-cbff9c3b2e88","2","1","9","1269","295","279","922","67","316","994","329","516","453"
"a11b642e-75bc-4ae8-bb00-cbff9c3b2e88","2","1","10","1269","295","279","922","67","316","994","329","516","453"
"a6507dfb-3bf3-4007-bc5f-0e74cb0809d5","0","1","0","834","186","140","300","336","480","940","211","590","46"
"a6507dfb-3bf3-4007-bc5f-0e74cb0809d5","0","1","1","550","879","104","216","121","128","353","212","256","45"
"a6507dfb-3bf3-4007-bc5f-0e74cb0809d5","0","1","2","1014","238","75","456","294","247","360","181","182","65"
"a6507dfb-3bf3-4007-bc5f-0e74cb0809d5","0","1","3","750","380","224","532","181","536","533","190","133","8"
"a6507dfb-3bf3-4007-bc5f-0e74cb0809d5","0","1","4","1127","137","116","602","120","248","508","208","385","48"
"a6507dfb-3bf3-4007-bc5f-0e74cb0809d5","0","1","5","1504","81","115","193","160","223","210","168","141","9"
"a6507dfb-3bf3-4007-bc5f-0e74cb0809d5","0","1","6","1323","86","169","435","74","341","797","119","180","72"
"a6507dfb-3bf3-4007-bc5f-0e74cb0809d5","0","1","7","766","134","108","222","265","198","351","200","270","73"
"a6507dfb-3bf3-4007-bc5f-0e74cb0809d5","0","1","8","874","615","81","208","318","258","388","251","308","5"
"a6507dfb-3bf3-4007-bc5f-0e74cb0809d5","0","1","9","797","444","86","271","139","228","285","234","239","37"
"a6507dfb-3bf3-4007-bc5f-0e74cb0809d5","0","1","10","797","444","86","271","139","228","285","234","239","37"
"a6507dfb-3bf3-4007-bc5f-0e74cb0809d5","1","1","0","978","137","192","304","186","237","728","215","362","334"
"a6507dfb-3bf3-4007-bc5f-0e74cb0809d5","1","1","1","574","192","302","343","290","298","418","209","288","71"
"a6507dfb-3bf3-4007-bc5f-0e74cb0809d5","1","1","2","787","180","131","276","225","320","182","203","194","75"
"a6507dfb-3bf3-4007-bc5f-0e74cb0809d5","1","1","3","598","193","452","240","138","201","328","431","223","154"
"a6507dfb-3bf3-4007-bc5f-0e74cb0809d5","1","1","4","312","64","201","201","49","224","242","120","352","298"
"a6507dfb-3bf3-4007-bc5f-0e74cb0809d5","1","1","5","637","148","137","173","63","144","-1585","623","177","25"
"a6507dfb-3bf3-4007-bc5f-0e74cb0809d5","1","1","6","571","113","200","128","65","240","561","200","177","44"
"a6507dfb-3bf3-4007-bc5f-0e74cb0809d5","1","1","7","501","81","97","173","437","496","225","239","133","44"
"a6507dfb-3bf3-4007-bc5f-0e74cb0809d5","1","1","8","653","117","136","193","74","177","297","121","240","28"
"a6507dfb-3bf3-4007-bc5f-0e74cb0809d5","1","1","9","599","120","224","264","81","200","482","136","321","56"
"a6507dfb-3bf3-4007-bc5f-0e74cb0809d5","1","1","10","599","120","224","264","81","200","482","136","321","56"
"a6507dfb-3bf3-4007-bc5f-0e74cb0809d5","2","1","0","198","97","199","774","65","216","186","131","354","36"
"b5efef81-d69e-4e71-8b5e-6e4b1aaa82cc","0","1","0","648","190","352","1082","222","270","472","179","215","48"
"b5efef81-d69e-4e71-8b5e-6e4b1aaa82cc","0","1","1","812","122","10624","11197","10533","10917","10897","10439","10521","10163"
"b5efef81-d69e-4e71-8b5e-6e4b1aaa82cc","0","1","2","1095","208","227","583","156","330","312","132","274","60"
"b5efef81-d69e-4e71-8b5e-6e4b1aaa82cc","0","1","3","657","134","10485","10486","10035","10452","10645","9825","9756","9663"
"b5efef81-d69e-4e71-8b5e-6e4b1aaa82cc","0","1","4","1357","141","502","344","221","425","411","276","173","49"
"b5efef81-d69e-4e71-8b5e-6e4b1aaa82cc","0","1","5","1359","136","152","340","249","384","408","271","288","150"
"b5efef81-d69e-4e71-8b5e-6e4b1aaa82cc","0","1","6","944","56","262","1171","68","132","382","251","126","20"
"b5efef81-d69e-4e71-8b5e-6e4b1aaa82cc","0","1","7","622","41","130","403","128","219","660","517","314","149"
"b5efef81-d69e-4e71-8b5e-6e4b1aaa82cc","0","1","8","622","41","130","403","128","219","660","517","314","149"
"b5efef81-d69e-4e71-8b5e-6e4b1aaa82cc","0","1","9","1175","35","391","364","46","322","315","168","176","7"
"b5efef81-d69e-4e71-8b5e-6e4b1aaa82cc","0","1","10","800","64","139","293","39","109","350","236","89","28"
"b5efef81-d69e-4e71-8b5e-6e4b1aaa82cc","0","1","11","800","64","139","293","39","109","350","236","89","28"
"b5efef81-d69e-4e71-8b5e-6e4b1aaa82cc","1","1","0","611","38","11902","12763","12028","11902","12262","11747","11824","11775"
"b5efef81-d69e-4e71-8b5e-6e4b1aaa82cc","1","1","1","535","132","288","985","37","145","564","138","251","90"
"b5efef81-d69e-4e71-8b5e-6e4b1aaa82cc","1","1","2","1576","102","12625","13699","13458","13715","13816","11641","11677","11470"
"b5efef81-d69e-4e71-8b5e-6e4b1aaa82cc","1","1","3","560","130","127","1048","27","210","397","131","194","45"
"b5efef81-d69e-4e71-8b5e-6e4b1aaa82cc","1","1","4","917","67","140","792","39","298","138","114","228","136"
"b5efef81-d69e-4e71-8b5e-6e4b1aaa82cc","1","1","5","1138","92","132","417","31","386","307","142","132","59"
"b5efef81-d69e-4e71-8b5e-6e4b1aaa82cc","1","1","6","562","3","118","350","36","444","280","148","99","26"
"b5efef81-d69e-4e71-8b5e-6e4b1aaa82cc","1","1","7","1155","171","162","608","51","146","496","137","122","66"
"b5efef81-d69e-4e71-8b5e-6e4b1aaa82cc","1","1","8","515","131","8875","9579","9003","9136","9482","9034","9211","9001"
"b5efef81-d69e-4e71-8b5e-6e4b1aaa82cc","1","1","9","908","34","292","829","153","205","551","109","296","139"
"b5efef81-d69e-4e71-8b5e-6e4b1aaa82cc","1","1","10","908","34","292","829","153","205","551","109","296","139"
"b5efef81-d69e-4e71-8b5e-6e4b1aaa82cc","2","1","0","853","234","182","623","133","366","615","354","138","29"
"b5efef81-d69e-4e71-8b5e-6e4b1aaa82cc","2","1","1","364","14","307","324","31","171","221","89","864","125"
"b5efef81-d69e-4e71-8b5e-6e4b1aaa82cc","2","1","2","469","154","239","501","19","271","536","173","237","142"
"b5efef81-d69e-4e71-8b5e-6e4b1aaa82cc","2","1","3","413","3","166","720","185","214","524","142","254","120"
"b5efef81-d69e-4e71-8b5e-6e4b1aaa82cc","2","1","4","526","150","184","696","142","136","420","133","119","286"
"b5efef81-d69e-4e71-8b5e-6e4b1aaa82cc","2","1","5","477","163","169","418","112","133","516","124","119","28"
"b5efef81-d69e-4e71-8b5e-6e4b1aaa82cc","2","1","6","684","12","182","1599","113","106","10120","9815","9931","9699"
"b5efef81-d69e-4e71-8b5e-6e4b1aaa82cc","2","1","7","530","161","425","279","153","137","424","118","254","128"
"b5efef81-d69e-4e71-8b5e-6e4b1aaa82cc","2","1","8","517","171","162","228","424","177","472","113","95","7"
"b5efef81-d69e-4e71-8b5e-6e4b1aaa82cc","2","1","9","583","178","162","316","25","263","352","115","189","9"
"b5efef81-d69e-4e71-8b5e-6e4b1aaa82cc","2","1","10","583","178","162","316","25","263","352","115","189","9"
"bafdabe2-8b49-434a-aaf3-b06d61906024","0","1","0","1839","304","296","1288","24","224","936","176","736","55"
"bafdabe2-8b49-434a-aaf3-b06d61906024","0","1","1","803","96","384","920","24","264","656","152","536","53"
"bafdabe2-8b49-434a-aaf3-b06d61906024","0","1","2","1390","64","407","1208","40","248","1008","192","680","123"
"bafdabe2-8b49-434a-aaf3-b06d61906024","0","1","3","1810","56","425","1535","64","392","472","152","368","77"
"bafdabe2-8b49-434a-aaf3-b06d61906024","0","1","4","1543","56","401","647","32","232","2120","224","576","27"
"bafdabe2-8b49-434a-aaf3-b06d61906024","0","1","5","1323","64","465","966","64","408","569","328","440","67"
"bafdabe2-8b49-434a-aaf3-b06d61906024","0","1","6","537","88","352","1495","72","120","696","152","760","77"
"bafdabe2-8b49-434a-aaf3-b06d61906024","0","1","7","1049","56","296","912","65","1824","488","151","727","66"
"bafdabe2-8b49-434a-aaf3-b06d61906024","0","1","8","1550","71","505","3985","83","153","624","153","760","110"
"bafdabe2-8b49-434a-aaf3-b06d61906024","0","1","9","700","425","545","1302","32","153","624","153","760","110"
"bafdabe2-8b49-434a-aaf3-b06d61906024","0","1","10","700","425","545","1302","32","153","624","153","760","110"
"bafdabe2-8b49-434a-aaf3-b06d61906024","1","1","0","1777","127","361","1887","79","447","1416","160","672","128"
"bafdabe2-8b49-434a-aaf3-b06d61906024","1","1","1","1524","40","359","1024","1","312","742","152","1567","68"
"bafdabe2-8b49-434a-aaf3-b06d61906024","1","1","2","1474","113","336","1503","40","248","463","196","576","107"
"bafdabe2-8b49-434a-aaf3-b06d61906024","1","1","3","1610","367","297","1182","64","216","1105","241","640","58"
"bafdabe2-8b49-434a-aaf3-b06d61906024","1","1","4","1008","65","337","1086","31","319","1407","240","663","164"
"bafdabe2-8b49-434a-aaf3-b06d61906024","1","1","5","517","328","296","864","24","193","1176","184","808","108"
"bafdabe2-8b49-434a-aaf3-b06d61906024","1","1","6","1001","64","414","1182","56","361","1400","224","448","68"
"bafdabe2-8b49-434a-aaf3-b06d61906024","1","1","7","1128","40","439","336","41","151","527","184","335","127"
"bafdabe2-8b49-434a-aaf3-b06d61906024","1","1","8","1232","24","353","1062","49","281","729","175","528","61"
"bafdabe2-8b49-434a-aaf3-b06d61906024","1","1","9","1208","41","320","846","40","201","520","184","312","211"
"bafdabe2-8b49-434a-aaf3-b06d61906024","1","1","10","1208","41","320","846","40","201","520","184","312","211"
"e41db89e-c7b4-4c6c-9016-d89e258bf28b","0","1","0","900","566","173","315","49","89","154","118","153","67"
"e41db89e-c7b4-4c6c-9016-d89e258bf28b","0","1","1","622","210","126","277","75","152","213","16150","16287","16088"
"e41db89e-c7b4-4c6c-9016-d89e258bf28b","0","1","2","502","59","123","218","40","65","142","7895","8004","7818"
"e41db89e-c7b4-4c6c-9016-d89e258bf28b","0","1","3","654","87","154","307","119","70","126","95","201","78"
"e41db89e-c7b4-4c6c-9016-d89e258bf28b","0","1","4","456","33","155","241","96","44","134","81","111","21"
"e41db89e-c7b4-4c6c-9016-d89e258bf28b","0","1","5","531","69","130","251","114","21","150","88","104","23"
"e41db89e-c7b4-4c6c-9016-d89e258bf28b","0","1","6","1012","51","126","403","119","204","123","9588","9400","9265"
"e41db89e-c7b4-4c6c-9016-d89e258bf28b","0","1","7","433","31","124","115","77","102","255","78","119","20"
"e41db89e-c7b4-4c6c-9016-d89e258bf28b","0","1","8","415","30","139","277","107","110","674","177","110","39"
"e41db89e-c7b4-4c6c-9016-d89e258bf28b","0","1","9","465","25","231","314","132","53","175","167","105","64"
"e41db89e-c7b4-4c6c-9016-d89e258bf28b","0","1","10","465","25","231","314","132","53","175","167","105","64"
"e41db89e-c7b4-4c6c-9016-d89e258bf28b","1","1","0","530","92","181","187","76","124","462","168","169","42"
"e41db89e-c7b4-4c6c-9016-d89e258bf28b","1","1","1","641","87","164","248","64","256","683","93","142","9"
"e41db89e-c7b4-4c6c-9016-d89e258bf28b","1","1","2","551","41","131","812","125","193","229","91","195","55"
"e41db89e-c7b4-4c6c-9016-d89e258bf28b","1","1","3","891","8","133","642","11","88","884","62","128","10"
"e41db89e-c7b4-4c6c-9016-d89e258bf28b","1","1","4","800","2","247","516","140","13","1059","166","247","38"
"e41db89e-c7b4-4c6c-9016-d89e258bf28b","1","1","5","3241","24","210","704","24","37","512","144","176","20"
"e41db89e-c7b4-4c6c-9016-d89e258bf28b","1","1","6","544","19","225","541","86","6","596","139","186","6"
"e41db89e-c7b4-4c6c-9016-d89e258bf28b","1","1","7","1076","105","222","264","68","107","484","282","199","22"
"e41db89e-c7b4-4c6c-9016-d89e258bf28b","1","1","8","1015","67","194","146","39","12","914","7213","7589","7527"
"e6404804-9a54-418a-a8f0-775592877cfe","0","1","0","301","275","116","202","189","100","142","44","515","81"
"e6404804-9a54-418a-a8f0-775592877cfe","0","1","1","658","141","227","174","94","126","501","149","444","2"
"e6404804-9a54-418a-a8f0-775592877cfe","0","1","2","634","89","119","235","123","102","235","109","512","37"
"e6404804-9a54-418a-a8f0-775592877cfe","0","1","3","412","74","192","501","128","165","163","138","508","57"
"e6404804-9a54-418a-a8f0-775592877cfe","0","1","4","510","119","113","88","34","183","247","380","298","121"
"e6404804-9a54-418a-a8f0-775592877cfe","0","1","5","419","59","122","195","34","183","247","380","298","121"
"e6404804-9a54-418a-a8f0-775592877cfe","0","1","6","703","83","140","131","15","162","167","389","374","33"
"e6404804-9a54-418a-a8f0-775592877cfe","0","1","7","587","51","72","252","128","91","134","174","78","62"
"e6404804-9a54-418a-a8f0-775592877cfe","0","1","8","766","85","148","254","139","97","137","179","108","36"
"e6404804-9a54-418a-a8f0-775592877cfe","0","1","9","565","85","151","233","107","81","113","152","141","52"
"e6404804-9a54-418a-a8f0-775592877cfe","0","1","10","565","85","151","233","107","81","113","152","141","52"
"e6404804-9a54-418a-a8f0-775592877cfe","1","1","0","745","50","134","276","142","99","199","232","124","13"
"e6404804-9a54-418a-a8f0-775592877cfe","1","1","1","400","21","115","255","136","84","132","192","233","54"
"e6404804-9a54-418a-a8f0-775592877cfe","1","1","2","591","35","132","920","124","318","127","480","133","77"
"e6404804-9a54-418a-a8f0-775592877cfe","1","1","3","482","64","109","244","137","91","195","129","137","23"
"e6404804-9a54-418a-a8f0-775592877cfe","1","1","4","529","66","147","188","109","101","208","160","111","27"
"e6404804-9a54-418a-a8f0-775592877cfe","1","1","5","2858","147","126","182","129","68","70","347","103","29"
"e6404804-9a54-418a-a8f0-775592877cfe","1","1","6","610","32","156","189","101","59","105","293","43","502"
"e6404804-9a54-418a-a8f0-775592877cfe","1","1","7","630","48","121","592","128","92","183","157","211","92"
"e6404804-9a54-418a-a8f0-775592877cfe","1","1","8","428","85","132","192","117","68","154","162","49","99"
"e6404804-9a54-418a-a8f0-775592877cfe","1","1","9","495","35","119","178","98","77","91","171","102","22"
"e6404804-9a54-418a-a8f0-775592877cfe","1","1","10","495","35","119","178","98","77","91","171","102","22"
"e6404804-9a54-418a-a8f0-775592877cfe","2","1","0","503","44","96","264","130","140","230","139","249","22"
"e6404804-9a54-418a-a8f0-775592877cfe","2","1","1","654","47","83","258","115","139","111","129","112","61"
"e861cdce-a713-40ab-82ac-4d9691788a19","0","1","0","304","31","326","1129","64","231","744","22832","21228","20858"
"e861cdce-a713-40ab-82ac-4d9691788a19","0","1","1","3211","152","344","1519","56","272","465","127","590","122"
"e861cdce-a713-40ab-82ac-4d9691788a19","0","1","2","1717","136","353","856","41","217","183","128","256","1"
"e861cdce-a713-40ab-82ac-4d9691788a19","0","1","3","2352","64","263","1217","40","234","193","104","639","16"
"e861cdce-a713-40ab-82ac-4d9691788a19","0","1","4","1796","120","311","1065","48","224","201","128","369","152"
"e861cdce-a713-40ab-82ac-4d9691788a19","0","1","5","2009","24","231","1191","24","832","400","135","272","2"
"e861cdce-a713-40ab-82ac-4d9691788a19","0","1","6","5200","129","296","536","104","234","240","128","419","145"
"e861cdce-a713-40ab-82ac-4d9691788a19","0","1","7","1772","157","160","1097","137","225","192","151","334","145"
"e861cdce-a713-40ab-82ac-4d9691788a19","0","1","8","2112","7","313","767","128","281","203","137","136","3"
"e861cdce-a713-40ab-82ac-4d9691788a19","0","1","9","1764","133","279","1671","230","209","176","152","192","27"
"e861cdce-a713-40ab-82ac-4d9691788a19","0","1","10","1764","133","279","1671","230","209","176","152","192","27"
"e861cdce-a713-40ab-82ac-4d9691788a19","1","1","0","3129","189","1520","2421","19","199","223","157","1774","195"
"e861cdce-a713-40ab-82ac-4d9691788a19","1","1","1","2409","3","120","1400","130","248","151","20883","21131","20892"
"e861cdce-a713-40ab-82ac-4d9691788a19","1","1","2","3612","19","173","1149","28","258","403","139","394","182"
"e861cdce-a713-40ab-82ac-4d9691788a19","1","1","3","1536","76","217","1174","6","187","295","138","384","184"
"e861cdce-a713-40ab-82ac-4d9691788a19","1","1","4","596","44","309","811","150","201","173","116","314","155"
"e861cdce-a713-40ab-82ac-4d9691788a19","1","1","5","1675","178","200","1091","135","207","84","13198","13384","13015"
"e861cdce-a713-40ab-82ac-4d9691788a19","1","1","6","1651","42","331","852","50","346","515","149","340","170"
"e861cdce-a713-40ab-82ac-4d9691788a19","1","1","7","1563","155","112","1022","130","202","47","146","341","176"
"e861cdce-a713-40ab-82ac-4d9691788a19","1","1","8","1347","44","352","1122","154","281","313","11940","12107","12016"
"e861cdce-a713-40ab-82ac-4d9691788a19","1","1","9","1469","171","162","918","168","178","109","131","292","182"
"e861cdce-a713-40ab-82ac-4d9691788a19","1","1","10","1469","171","162","918","168","178","109","131","292","182"
"e861cdce-a713-40ab-82ac-4d9691788a19","2","1","0","2177","161","334","1257","136","285","203","116","282","36"
"e861cdce-a713-40ab-82ac-4d9691788a19","2","1","1","1391","24","147","745","105","179","159","151","225","18"
"e861cdce-a713-40ab-82ac-4d9691788a19","2","1","2","4903","46","209","751","13","148","102","98","187","6"
"e861cdce-a713-40ab-82ac-4d9691788a19","2","1","3","1458","3","125","1098","26","172","209","97","463","158"
"e861cdce-a713-40ab-82ac-4d9691788a19","2","1","4","1483","165","279","727","130","285","247","87","270","146"
"e861cdce-a713-40ab-82ac-4d9691788a19","2","1","5","2208","158","253","771","109","112","124","109","200","162"
"e861cdce-a713-40ab-82ac-4d9691788a19","2","1","6","553","36","135","887","100","170","194","102","308","168"
"e861cdce-a713-40ab-82ac-4d9691788a19","2","1","7","1696","193","162","794","93","166","927","109","303","170"
"e861cdce-a713-40ab-82ac-4d9691788a19","2","1","8","1685","139","204","562","133","200","142","136","116","25"
"e861cdce-a713-40ab-82ac-4d9691788a19","2","1","9","977","148","272","1034","112","121","109","133","104","13"
"e861cdce-a713-40ab-82ac-4d9691788a19","2","1","10","977","148","272","1034","112","121","109","133","104","13"
"ea92f37c-6652-4339-b685-7ae99d5f272f","0","1","0","1877","298","12","651","141","491","828","288","838","41"
"ea92f37c-6652-4339-b685-7ae99d5f272f","0","1","1","2332","17","211","824","139","15","455","39","115","326"
"ea92f37c-6652-4339-b685-7ae99d5f272f","0","1","2","781","28","169","709","25","14","140","160","953","169"
"ea92f37c-6652-4339-b685-7ae99d5f272f","0","1","3","485","17","136","112","72","298","85","254","494","19"
"ea92f37c-6652-4339-b685-7ae99d5f272f","0","1","4","532","102","153","820","146","350","373","33","137","221"
"ea92f37c-6652-4339-b685-7ae99d5f272f","0","1","5","658","142","217","987","104","389","267","16","185","27"
"ea92f37c-6652-4339-b685-7ae99d5f272f","0","1","6","992","138","174","787","124","459","429","100","117","22"
"ea92f37c-6652-4339-b685-7ae99d5f272f","0","1","7","1740","26","413","616","117","348","174","88","768","134"
"ea92f37c-6652-4339-b685-7ae99d5f272f","0","1","8","470","72","146","529","125","4","287","128","137","18"
"ea92f37c-6652-4339-b685-7ae99d5f272f","0","1","9","1388","26","257","202","22","316","247","213","32","43"
"ea92f37c-6652-4339-b685-7ae99d5f272f","0","1","10","1388","26","257","202","22","316","247","213","32","43"
"ea92f37c-6652-4339-b685-7ae99d5f272f","1","1","0","505","20","145","422","67","481","1356","320","138","39"
"ea92f37c-6652-4339-b685-7ae99d5f272f","1","1","1","598","41","181","241","123","146","599","121","300","106"
"ea92f37c-6652-4339-b685-7ae99d5f272f","1","1","2","442","23","27","518","122","292","652","157","113","38"
"ea92f37c-6652-4339-b685-7ae99d5f272f","1","1","3","1408","34","26","416","140","436","1034","148","262","127"
"ea92f37c-6652-4339-b685-7ae99d5f272f","1","1","4","1458","135","289","445","122","209","400","185","191","28"
"ea92f37c-6652-4339-b685-7ae99d5f272f","1","1","5","578","81","199","368","141","301","347","366","230","90"
"ea92f37c-6652-4339-b685-7ae99d5f272f","1","1","6","1927","96","267","327","122","273","292","239","91","20"
"ea92f37c-6652-4339-b685-7ae99d5f272f","1","1","7","401","45","236","317","114","273","297","94","115","18"
"ea92f37c-6652-4339-b685-7ae99d5f272f","1","1","8","1058","98","280","261","113","264","272","94","186","20"
"ea92f37c-6652-4339-b685-7ae99d5f272f","1","1","9","499","107","164","359","100","228","261","52","41","34"
"ea92f37c-6652-4339-b685-7ae99d5f272f","1","1","10","499","107","164","359","100","228","261","52","41","34"
"ea92f37c-6652-4339-b685-7ae99d5f272f","2","1","0","1779","91","137","776","145","6","399","110","278","80"
"ea92f37c-6652-4339-b685-7ae99d5f272f","2","1","1","531","141","130","960","132","89","823","81","236","109"
"ea92f37c-6652-4339-b685-7ae99d5f272f","2","1","2","1553","63","268","304","109","328","1131","153","145","48"
"ea92f37c-6652-4339-b685-7ae99d5f272f","2","1","3","397","128","359","446","164","232","216","97","88","27"
"ea92f37c-6652-4339-b685-7ae99d5f272f","2","1","4","430","50","195","340","109","411","327","96","101","56"
"ea92f37c-6652-4339-b685-7ae99d5f272f","2","1","5","1733","21","173","465","118","149","178","57","97","20"
"ea92f37c-6652-4339-b685-7ae99d5f272f","2","1","6","556","71","177","606","124","0","379","67","89","52"
"ea92f37c-6652-4339-b685-7ae99d5f272f","2","1","7","2136","64","224","272","128","192","342","96","80","95"
"ea92f37c-6652-4339-b685-7ae99d5f272f","2","1","8","2136","64","224","272","128","192","342","96","80","95"
"ea92f37c-6652-4339-b685-7ae99d5f272f","2","1","9","1463","48","209","554","148","237","354","95","75","36"
"ea92f37c-6652-4339-b685-7ae99d5f272f","2","1","10","314","13","343","397","129","391","210","78","58","48"
"ea92f37c-6652-4339-b685-7ae99d5f272f","2","1","11","314","13","343","397","129","391","210","78","58","48"