"user","session","task","iteration","reactionTime"
"1060d17b-2e21-4a6b-90f1-f451764a20d0","0","2a","0","821.3"
"1060d17b-2e21-4a6b-90f1-f451764a20d0","0","2a","1","1176"
"1060d17b-2e21-4a6b-90f1-f451764a20d0","0","2a","2","712"
"1060d17b-2e21-4a6b-90f1-f451764a20d0","0","2a","3","285"
"1060d17b-2e21-4a6b-90f1-f451764a20d0","0","2a","4","263"
"1060d17b-2e21-4a6b-90f1-f451764a20d0","0","2a","5","455"
"1060d17b-2e21-4a6b-90f1-f451764a20d0","0","2a","6","220"
"1060d17b-2e21-4a6b-90f1-f451764a20d0","0","2a","7","467"
"1060d17b-2e21-4a6b-90f1-f451764a20d0","0","2a","8","375"
"1060d17b-2e21-4a6b-90f1-f451764a20d0","0","2a","9","535"
"1060d17b-2e21-4a6b-90f1-f451764a20d0","0","2a","10","3725"
"1060d17b-2e21-4a6b-90f1-f451764a20d0","1","2a","0","626.6"
"1060d17b-2e21-4a6b-90f1-f451764a20d0","1","2a","1","308"
"1060d17b-2e21-4a6b-90f1-f451764a20d0","1","2a","2","476"
"1060d17b-2e21-4a6b-90f1-f451764a20d0","1","2a","3","495"
"1060d17b-2e21-4a6b-90f1-f451764a20d0","1","2a","4","408"
"1060d17b-2e21-4a6b-90f1-f451764a20d0","1","2a","5","368"
"1060d17b-2e21-4a6b-90f1-f451764a20d0","1","2a","6","480"
"1060d17b-2e21-4a6b-90f1-f451764a20d0","1","2a","7","229"
"1060d17b-2e21-4a6b-90f1-f451764a20d0","1","2a","8","479"
"1060d17b-2e21-4a6b-90f1-f451764a20d0","1","2a","9","508"
"1060d17b-2e21-4a6b-90f1-f451764a20d0","1","2a","10","2515"
"1060d17b-2e21-4a6b-90f1-f451764a20d0","2","2a","0","302.7"
"1060d17b-2e21-4a6b-90f1-f451764a20d0","2","2a","1","374"
"1060d17b-2e21-4a6b-90f1-f451764a20d0","2","2a","2","262"
"1060d17b-2e21-4a6b-90f1-f451764a20d0","2","2a","3","361"
"1060d17b-2e21-4a6b-90f1-f451764a20d0","2","2a","4","87"
"1060d17b-2e21-4a6b-90f1-f451764a20d0","2","2a","5","109"
"1060d17b-2e21-4a6b-90f1-f451764a20d0","2","2a","6","52"
"1060d17b-2e21-4a6b-90f1-f451764a20d0","2","2a","7","84"
"1060d17b-2e21-4a6b-90f1-f451764a20d0","2","2a","8","305"
"1060d17b-2e21-4a6b-90f1-f451764a20d0","2","2a","9","532"
"1060d17b-2e21-4a6b-90f1-f451764a20d0","2","2a","10","861"
"10f69cd9-1e5d-4e54-93e8-bfbae554d069","0","2a","0","1355.6"
"10f69cd9-1e5d-4e54-93e8-bfbae554d069","0","2a","1","1905"
"10f69cd9-1e5d-4e54-93e8-bfbae554d069","0","2a","2","1583"
"10f69cd9-1e5d-4e54-93e8-bfbae554d069","0","2a","3","1510"
"10f69cd9-1e5d-4e54-93e8-bfbae554d069","0","2a","4","1067"
"10f69cd9-1e5d-4e54-93e8-bfbae554d069","0","2a","5","1306"
"10f69cd9-1e5d-4e54-93e8-bfbae554d069","0","2a","6","1062"
"10f69cd9-1e5d-4e54-93e8-bfbae554d069","0","2a","7","1627"
"10f69cd9-1e5d-4e54-93e8-bfbae554d069","0","2a","8","1106"
"10f69cd9-1e5d-4e54-93e8-bfbae554d069","0","2a","9","1042"
"10f69cd9-1e5d-4e54-93e8-bfbae554d069","0","2a","10","1348"
"10f69cd9-1e5d-4e54-93e8-bfbae554d069","1","2a","0","781.9"
"10f69cd9-1e5d-4e54-93e8-bfbae554d069","1","2a","1","1305"
"10f69cd9-1e5d-4e54-93e8-bfbae554d069","1","2a","2","936"
"10f69cd9-1e5d-4e54-93e8-bfbae554d069","1","2a","3","596"
"10f69cd9-1e5d-4e54-93e8-bfbae554d069","1","2a","4","618"
"10f69cd9-1e5d-4e54-93e8-bfbae554d069","1","2a","5","649"
"10f69cd9-1e5d-4e54-93e8-bfbae554d069","1","2a","6","675"
"10f69cd9-1e5d-4e54-93e8-bfbae554d069","1","2a","7","760"
"10f69cd9-1e5d-4e54-93e8-bfbae554d069","1","2a","8","896"
"10f69cd9-1e5d-4e54-93e8-bfbae554d069","1","2a","9","706"
"10f69cd9-1e5d-4e54-93e8-bfbae554d069","1","2a","10","678"
"10f69cd9-1e5d-4e54-93e8-bfbae554d069","2","2a","0","1272.6"
"10f69cd9-1e5d-4e54-93e8-bfbae554d069","2","2a","1","569"
"10f69cd9-1e5d-4e54-93e8-bfbae554d069","2","2a","2","666"
"10f69cd9-1e5d-4e54-93e8-bfbae554d069","2","2a","3","664"
"10f69cd9-1e5d-4e54-93e8-bfbae554d069","2","2a","4","750"
"10f69cd9-1e5d-4e54-93e8-bfbae554d069","2","2a","5","1244"
"10f69cd9-1e5d-4e54-93e8-bfbae554d069","2","2a","6","1104"
"10f69cd9-1e5d-4e54-93e8-bfbae554d069","2","2a","7","956"
"10f69cd9-1e5d-4e54-93e8-bfbae554d069","2","2a","8","1034"
"10f69cd9-1e5d-4e54-93e8-bfbae554d069","2","2a","9","919"
"10f69cd9-1e5d-4e54-93e8-bfbae554d069","2","2a","10","4820"
"183e93f8-2ef0-4250-be77-b2d8a02c1033","0","2a","0","35.44444444444444"
"183e93f8-2ef0-4250-be77-b2d8a02c1033","0","2a","1","28"
"183e93f8-2ef0-4250-be77-b2d8a02c1033","0","2a","2","61"
"183e93f8-2ef0-4250-be77-b2d8a02c1033","0","2a","3","41"
"183e93f8-2ef0-4250-be77-b2d8a02c1033","0","2a","4","26"
"183e93f8-2ef0-4250-be77-b2d8a02c1033","0","2a","5","43"
"183e93f8-2ef0-4250-be77-b2d8a02c1033","0","2a","6","33"
"183e93f8-2ef0-4250-be77-b2d8a02c1033","0","2a","7","27"
"183e93f8-2ef0-4250-be77-b2d8a02c1033","0","2a","8","30"
"183e93f8-2ef0-4250-be77-b2d8a02c1033","0","2a","9","30"
"183e93f8-2ef0-4250-be77-b2d8a02c1033","0","2a","10","35.44444444444444"
"183e93f8-2ef0-4250-be77-b2d8a02c1033","1","2a","0","48.22222222222222"
"183e93f8-2ef0-4250-be77-b2d8a02c1033","1","2a","1","75"
"183e93f8-2ef0-4250-be77-b2d8a02c1033","1","2a","2","41"
"183e93f8-2ef0-4250-be77-b2d8a02c1033","1","2a","3","42"
"183e93f8-2ef0-4250-be77-b2d8a02c1033","1","2a","4","58"
"183e93f8-2ef0-4250-be77-b2d8a02c1033","1","2a","5","28"
"183e93f8-2ef0-4250-be77-b2d8a02c1033","1","2a","6","25"
"183e93f8-2ef0-4250-be77-b2d8a02c1033","1","2a","7","28"
"183e93f8-2ef0-4250-be77-b2d8a02c1033","1","2a","8","99"
"183e93f8-2ef0-4250-be77-b2d8a02c1033","1","2a","9","38"
"183e93f8-2ef0-4250-be77-b2d8a02c1033","1","2a","10","48.22222222222222"
"183e93f8-2ef0-4250-be77-b2d8a02c1033","2","2a","0","30"
"183e93f8-2ef0-4250-be77-b2d8a02c1033","2","2a","1","22"
"183e93f8-2ef0-4250-be77-b2d8a02c1033","2","2a","2","24"
"183e93f8-2ef0-4250-be77-b2d8a02c1033","2","2a","3","54"
"183e93f8-2ef0-4250-be77-b2d8a02c1033","2","2a","4","41"
"183e93f8-2ef0-4250-be77-b2d8a02c1033","2","2a","5","25"
"183e93f8-2ef0-4250-be77-b2d8a02c1033","2","2a","6","25"
"183e93f8-2ef0-4250-be77-b2d8a02c1033","2","2a","7","23"
"183e93f8-2ef0-4250-be77-b2d8a02c1033","2","2a","8","28"
"183e93f8-2ef0-4250-be77-b2d8a02c1033","2","2a","9","28"
"183e93f8-2ef0-4250-be77-b2d8a02c1033","2","2a","10","30"
"24404d19-ec5c-4c88-a836-0dbbdd7fc2f6","0","2a","0","454.55555555555554"
"24404d19-ec5c-4c88-a836-0dbbdd7fc2f6","0","2a","1","544"
"24404d19-ec5c-4c88-a836-0dbbdd7fc2f6","0","2a","2","455"
"24404d19-ec5c-4c88-a836-0dbbdd7fc2f6","0","2a","3","567"
"24404d19-ec5c-4c88-a836-0dbbdd7fc2f6","0","2a","4","522"
"24404d19-ec5c-4c88-a836-0dbbdd7fc2f6","0","2a","5","802"
"24404d19-ec5c-4c88-a836-0dbbdd7fc2f6","0","2a","6","272"
"24404d19-ec5c-4c88-a836-0dbbdd7fc2f6","0","2a","7","258"
"24404d19-ec5c-4c88-a836-0dbbdd7fc2f6","0","2a","8","295"
"24404d19-ec5c-4c88-a836-0dbbdd7fc2f6","0","2a","9","376"
"24404d19-ec5c-4c88-a836-0dbbdd7fc2f6","0","2a","10","454.55555555555554"
"24404d19-ec5c-4c88-a836-0dbbdd7fc2f6","1","2a","0","61.333333333333336"
"24404d19-ec5c-4c88-a836-0dbbdd7fc2f6","1","2a","1","138"
"24404d19-ec5c-4c88-a836-0dbbdd7fc2f6","1","2a","2","26"
"24404d19-ec5c-4c88-a836-0dbbdd7fc2f6","1","2a","3","37"
"24404d19-ec5c-4c88-a836-0dbbdd7fc2f6","1","2a","4","34"
"24404d19-ec5c-4c88-a836-0dbbdd7fc2f6","1","2a","5","99"
"24404d19-ec5c-4c88-a836-0dbbdd7fc2f6","1","2a","6","80"
"24404d19-ec5c-4c88-a836-0dbbdd7fc2f6","1","2a","7","32"
"24404d19-ec5c-4c88-a836-0dbbdd7fc2f6","1","2a","8","53"
"24404d19-ec5c-4c88-a836-0dbbdd7fc2f6","1","2a","9","53"
"24404d19-ec5c-4c88-a836-0dbbdd7fc2f6","1","2a","10","61.333333333333336"
"24404d19-ec5c-4c88-a836-0dbbdd7fc2f6","2","2a","0","448.6"
"24404d19-ec5c-4c88-a836-0dbbdd7fc2f6","2","2a","1","108"
"24404d19-ec5c-4c88-a836-0dbbdd7fc2f6","2","2a","2","59"
"24404d19-ec5c-4c88-a836-0dbbdd7fc2f6","2","2a","3","94"
"24404d19-ec5c-4c88-a836-0dbbdd7fc2f6","2","2a","4","632"
"24404d19-ec5c-4c88-a836-0dbbdd7fc2f6","2","2a","5","30"
"24404d19-ec5c-4c88-a836-0dbbdd7fc2f6","2","2a","6","219"
"24404d19-ec5c-4c88-a836-0dbbdd7fc2f6","2","2a","7","216"
"24404d19-ec5c-4c88-a836-0dbbdd7fc2f6","2","2a","8","300"
"24404d19-ec5c-4c88-a836-0dbbdd7fc2f6","2","2a","9","101"
"24404d19-ec5c-4c88-a836-0dbbdd7fc2f6","2","2a","10","2727"
"2e69a799-4e15-43aa-aadb-ef5c0013c6fe","0","2a","0","131"
"2e69a799-4e15-43aa-aadb-ef5c0013c6fe","0","2a","1","211"
"2e69a799-4e15-43aa-aadb-ef5c0013c6fe","0","2a","2","64"
"2e69a799-4e15-43aa-aadb-ef5c0013c6fe","0","2a","3","187"
"2e69a799-4e15-43aa-aadb-ef5c0013c6fe","0","2a","4","169"
"2e69a799-4e15-43aa-aadb-ef5c0013c6fe","0","2a","5","73"
"2e69a799-4e15-43aa-aadb-ef5c0013c6fe","0","2a","6","92"
"2e69a799-4e15-43aa-aadb-ef5c0013c6fe","0","2a","7","115"
"2e69a799-4e15-43aa-aadb-ef5c0013c6fe","0","2a","8","73"
"2e69a799-4e15-43aa-aadb-ef5c0013c6fe","0","2a","9","195"
"2e69a799-4e15-43aa-aadb-ef5c0013c6fe","0","2a","10","131"
"2e69a799-4e15-43aa-aadb-ef5c0013c6fe","1","2a","0","149.875"
"2e69a799-4e15-43aa-aadb-ef5c0013c6fe","1","2a","1","192"
"2e69a799-4e15-43aa-aadb-ef5c0013c6fe","1","2a","2","139"
"2e69a799-4e15-43aa-aadb-ef5c0013c6fe","1","2a","3","115"
"2e69a799-4e15-43aa-aadb-ef5c0013c6fe","1","2a","4","158"
"2e69a799-4e15-43aa-aadb-ef5c0013c6fe","1","2a","5","149.875"
"2e69a799-4e15-43aa-aadb-ef5c0013c6fe","1","2a","6","83"
"2e69a799-4e15-43aa-aadb-ef5c0013c6fe","1","2a","7","184"
"2e69a799-4e15-43aa-aadb-ef5c0013c6fe","1","2a","8","91"
"2e69a799-4e15-43aa-aadb-ef5c0013c6fe","1","2a","9","237"
"2e69a799-4e15-43aa-aadb-ef5c0013c6fe","1","2a","10","149.875"
"2e69a799-4e15-43aa-aadb-ef5c0013c6fe","2","2a","0","213.4"
"2e69a799-4e15-43aa-aadb-ef5c0013c6fe","2","2a","1","49"
"2e69a799-4e15-43aa-aadb-ef5c0013c6fe","2","2a","2","105"
"2e69a799-4e15-43aa-aadb-ef5c0013c6fe","2","2a","3","468"
"2e69a799-4e15-43aa-aadb-ef5c0013c6fe","2","2a","4","633"
"2e69a799-4e15-43aa-aadb-ef5c0013c6fe","2","2a","5","105"
"2e69a799-4e15-43aa-aadb-ef5c0013c6fe","2","2a","6","69"
"2e69a799-4e15-43aa-aadb-ef5c0013c6fe","2","2a","7","70"
"2e69a799-4e15-43aa-aadb-ef5c0013c6fe","2","2a","8","108"
"2e69a799-4e15-43aa-aadb-ef5c0013c6fe","2","2a","9","125"
"2e69a799-4e15-43aa-aadb-ef5c0013c6fe","2","2a","10","402"
"43a2b7d3-9d57-4a08-a564-db94470b0320","0","2a","0","1340.7"
"43a2b7d3-9d57-4a08-a564-db94470b0320","0","2a","1","1452"
"43a2b7d3-9d57-4a08-a564-db94470b0320","0","2a","2","1288"
"43a2b7d3-9d57-4a08-a564-db94470b0320","0","2a","3","1319"
"43a2b7d3-9d57-4a08-a564-db94470b0320","0","2a","4","1373"
"43a2b7d3-9d57-4a08-a564-db94470b0320","0","2a","5","1552"
"43a2b7d3-9d57-4a08-a564-db94470b0320","0","2a","6","1212"
"43a2b7d3-9d57-4a08-a564-db94470b0320","0","2a","7","1314"
"43a2b7d3-9d57-4a08-a564-db94470b0320","0","2a","8","1326"
"43a2b7d3-9d57-4a08-a564-db94470b0320","0","2a","9","1590"
"43a2b7d3-9d57-4a08-a564-db94470b0320","0","2a","10","981"
"43a2b7d3-9d57-4a08-a564-db94470b0320","1","2a","0","2031"
"43a2b7d3-9d57-4a08-a564-db94470b0320","1","2a","1","1680"
"43a2b7d3-9d57-4a08-a564-db94470b0320","1","2a","2","2228.3333333333335"
"43a2b7d3-9d57-4a08-a564-db94470b0320","1","2a","3","2228.3333333333335"
"43a2b7d3-9d57-4a08-a564-db94470b0320","1","2a","4","1760"
"43a2b7d3-9d57-4a08-a564-db94470b0320","1","2a","5","3280"
"43a2b7d3-9d57-4a08-a564-db94470b0320","1","2a","6","2228.3333333333335"
"43a2b7d3-9d57-4a08-a564-db94470b0320","1","2a","7","3108"
"43a2b7d3-9d57-4a08-a564-db94470b0320","1","2a","8","1511"
"43a2b7d3-9d57-4a08-a564-db94470b0320","1","2a","9","2228.3333333333335"
"43a2b7d3-9d57-4a08-a564-db94470b0320","1","2a","10","2228.3333333333335"
"43a2b7d3-9d57-4a08-a564-db94470b0320","2","2a","0","1899"
"43a2b7d3-9d57-4a08-a564-db94470b0320","2","2a","1","1338"
"43a2b7d3-9d57-4a08-a564-db94470b0320","2","2a","2","1359"
"43a2b7d3-9d57-4a08-a564-db94470b0320","2","2a","3","1411"
"43a2b7d3-9d57-4a08-a564-db94470b0320","2","2a","4","1476"
"43a2b7d3-9d57-4a08-a564-db94470b0320","2","2a","5","1327"
"43a2b7d3-9d57-4a08-a564-db94470b0320","2","2a","6","1099"
"43a2b7d3-9d57-4a08-a564-db94470b0320","2","2a","7","1190"
"43a2b7d3-9d57-4a08-a564-db94470b0320","2","2a","8","1322"
"43a2b7d3-9d57-4a08-a564-db94470b0320","2","2a","9","1380.111111111111"
"43a2b7d3-9d57-4a08-a564-db94470b0320","2","2a","10","1380.111111111111"
"4dfc506d-5928-4039-b257-1767b88d3276","0","2a","0","1255.875"
"4dfc506d-5928-4039-b257-1767b88d3276","0","2a","1","3337"
"4dfc506d-5928-4039-b257-1767b88d3276","0","2a","2","1255.875"
"4dfc506d-5928-4039-b257-1767b88d3276","0","2a","3","972"
"4dfc506d-5928-4039-b257-1767b88d3276","0","2a","4","728"
"4dfc506d-5928-4039-b257-1767b88d3276","0","2a","5","503"
"4dfc506d-5928-4039-b257-1767b88d3276","0","2a","6","1362"
"4dfc506d-5928-4039-b257-1767b88d3276","0","2a","7","543"
"4dfc506d-5928-4039-b257-1767b88d3276","0","2a","8","636"
"4dfc506d-5928-4039-b257-1767b88d3276","0","2a","9","1966"
"4dfc506d-5928-4039-b257-1767b88d3276","0","2a","10","1255.875"
"4dfc506d-5928-4039-b257-1767b88d3276","1","2a","0","1630"
"4dfc506d-5928-4039-b257-1767b88d3276","1","2a","1","913.5555555555555"
"4dfc506d-5928-4039-b257-1767b88d3276","1","2a","2","691"
"4dfc506d-5928-4039-b257-1767b88d3276","1","2a","3","778"
"4dfc506d-5928-4039-b257-1767b88d3276","1","2a","4","843"
"4dfc506d-5928-4039-b257-1767b88d3276","1","2a","5","536"
"4dfc506d-5928-4039-b257-1767b88d3276","1","2a","6","1381"
"4dfc506d-5928-4039-b257-1767b88d3276","1","2a","7","770"
"4dfc506d-5928-4039-b257-1767b88d3276","1","2a","8","776"
"4dfc506d-5928-4039-b257-1767b88d3276","1","2a","9","817"
"4dfc506d-5928-4039-b257-1767b88d3276","1","2a","10","913.5555555555555"
"4dfc506d-5928-4039-b257-1767b88d3276","2","2a","0","1150"
"4dfc506d-5928-4039-b257-1767b88d3276","2","2a","1","761.5555555555555"
"4dfc506d-5928-4039-b257-1767b88d3276","2","2a","2","567"
"4dfc506d-5928-4039-b257-1767b88d3276","2","2a","3","970"
"4dfc506d-5928-4039-b257-1767b88d3276","2","2a","4","846"
"4dfc506d-5928-4039-b257-1767b88d3276","2","2a","5","719"
"4dfc506d-5928-4039-b257-1767b88d3276","2","2a","6","756"
"4dfc506d-5928-4039-b257-1767b88d3276","2","2a","7","762"
"4dfc506d-5928-4039-b257-1767b88d3276","2","2a","8","523"
"4dfc506d-5928-4039-b257-1767b88d3276","2","2a","9","561"
"4dfc506d-5928-4039-b257-1767b88d3276","2","2a","10","761.5555555555555"
"5b834c47-8cef-4bdb-af3a-0fb64c36ff07","0","2a","0","1051.2222222222222"
"5b834c47-8cef-4bdb-af3a-0fb64c36ff07","0","2a","1","1013"
"5b834c47-8cef-4bdb-af3a-0fb64c36ff07","0","2a","2","1119"
"5b834c47-8cef-4bdb-af3a-0fb64c36ff07","0","2a","3","953"
"5b834c47-8cef-4bdb-af3a-0fb64c36ff07","0","2a","4","965"
"5b834c47-8cef-4bdb-af3a-0fb64c36ff07","0","2a","5","1084"
"5b834c47-8cef-4bdb-af3a-0fb64c36ff07","0","2a","6","1084"
"5b834c47-8cef-4bdb-af3a-0fb64c36ff07","0","2a","7","1240"
"5b834c47-8cef-4bdb-af3a-0fb64c36ff07","0","2a","8","1038"
"5b834c47-8cef-4bdb-af3a-0fb64c36ff07","0","2a","9","965"
"5b834c47-8cef-4bdb-af3a-0fb64c36ff07","0","2a","10","1051.2222222222222"
"5b834c47-8cef-4bdb-af3a-0fb64c36ff07","1","2a","0","842"
"5b834c47-8cef-4bdb-af3a-0fb64c36ff07","1","2a","1","1046"
"5b834c47-8cef-4bdb-af3a-0fb64c36ff07","1","2a","2","1028"
"5b834c47-8cef-4bdb-af3a-0fb64c36ff07","1","2a","3","1406"
"5b834c47-8cef-4bdb-af3a-0fb64c36ff07","1","2a","4","859"
"5b834c47-8cef-4bdb-af3a-0fb64c36ff07","1","2a","5","900"
"5b834c47-8cef-4bdb-af3a-0fb64c36ff07","1","2a","6","1251"
"5b834c47-8cef-4bdb-af3a-0fb64c36ff07","1","2a","7","1139"
"5b834c47-8cef-4bdb-af3a-0fb64c36ff07","1","2a","8","1009"
"5b834c47-8cef-4bdb-af3a-0fb64c36ff07","1","2a","9","1079"
"5b834c47-8cef-4bdb-af3a-0fb64c36ff07","1","2a","10","1055.9"
"5b834c47-8cef-4bdb-af3a-0fb64c36ff07","2","2a","0","1321"
"5b834c47-8cef-4bdb-af3a-0fb64c36ff07","2","2a","1","770"
"5b834c47-8cef-4bdb-af3a-0fb64c36ff07","2","2a","2","852"
"5b834c47-8cef-4bdb-af3a-0fb64c36ff07","2","2a","3","772"
"5b834c47-8cef-4bdb-af3a-0fb64c36ff07","2","2a","4","751"
"5b834c47-8cef-4bdb-af3a-0fb64c36ff07","2","2a","5","724"
"5b834c47-8cef-4bdb-af3a-0fb64c36ff07","2","2a","6","1118"
"5b834c47-8cef-4bdb-af3a-0fb64c36ff07","2","2a","7","753"
"5b834c47-8cef-4bdb-af3a-0fb64c36ff07","2","2a","8","800"
"5b834c47-8cef-4bdb-af3a-0fb64c36ff07","2","2a","9","1247"
"5b834c47-8cef-4bdb-af3a-0fb64c36ff07","2","2a","10","910.8"
"5bb2e225-97b1-4e34-ad76-4fe1249d664c","0","2a","0","160"
"5bb2e225-97b1-4e34-ad76-4fe1249d664c","0","2a","1","98"
"5bb2e225-97b1-4e34-ad76-4fe1249d664c","0","2a","2","123"
"5bb2e225-97b1-4e34-ad76-4fe1249d664c","0","2a","3","94"
"5bb2e225-97b1-4e34-ad76-4fe1249d664c","0","2a","4","160"
"5bb2e225-97b1-4e34-ad76-4fe1249d664c","0","2a","5","168"
"5bb2e225-97b1-4e34-ad76-4fe1249d664c","0","2a","6","95"
"5bb2e225-97b1-4e34-ad76-4fe1249d664c","0","2a","7","305"
"5bb2e225-97b1-4e34-ad76-4fe1249d664c","0","2a","8","275"
"5bb2e225-97b1-4e34-ad76-4fe1249d664c","0","2a","9","155"
"5bb2e225-97b1-4e34-ad76-4fe1249d664c","0","2a","10","127"
"5bb2e225-97b1-4e34-ad76-4fe1249d664c","1","2a","0","115.5"
"5bb2e225-97b1-4e34-ad76-4fe1249d664c","1","2a","1","140"
"5bb2e225-97b1-4e34-ad76-4fe1249d664c","1","2a","2","78"
"5bb2e225-97b1-4e34-ad76-4fe1249d664c","1","2a","3","63"
"5bb2e225-97b1-4e34-ad76-4fe1249d664c","1","2a","4","574"
"5bb2e225-97b1-4e34-ad76-4fe1249d664c","1","2a","5","115.5"
"5bb2e225-97b1-4e34-ad76-4fe1249d664c","1","2a","6","64"
"5bb2e225-97b1-4e34-ad76-4fe1249d664c","1","2a","7","64"
"5bb2e225-97b1-4e34-ad76-4fe1249d664c","1","2a","8","35"
"5bb2e225-97b1-4e34-ad76-4fe1249d664c","1","2a","9","50"
"5bb2e225-97b1-4e34-ad76-4fe1249d664c","1","2a","10","53"
"5bb2e225-97b1-4e34-ad76-4fe1249d664c","1","2a","11","34"
"5bb2e225-97b1-4e34-ad76-4fe1249d664c","2","2a","0","46.22222222222222"
"5bb2e225-97b1-4e34-ad76-4fe1249d664c","2","2a","1","21"
"5bb2e225-97b1-4e34-ad76-4fe1249d664c","2","2a","2","36"
"5bb2e225-97b1-4e34-ad76-4fe1249d664c","2","2a","3","51"
"5bb2e225-97b1-4e34-ad76-4fe1249d664c","2","2a","4","34"
"5bb2e225-97b1-4e34-ad76-4fe1249d664c","2","2a","5","46"
"5bb2e225-97b1-4e34-ad76-4fe1249d664c","2","2a","6","9"
"5bb2e225-97b1-4e34-ad76-4fe1249d664c","2","2a","7","62"
"5bb2e225-97b1-4e34-ad76-4fe1249d664c","2","2a","8","108"
"5bb2e225-97b1-4e34-ad76-4fe1249d664c","2","2a","9","49"
"5bb2e225-97b1-4e34-ad76-4fe1249d664c","2","2a","10","46.22222222222222"
"64d50c85-15cf-4c7f-a23e-29347123ef5f","0","2a","0","1720.6190476190477"
"64d50c85-15cf-4c7f-a23e-29347123ef5f","0","2a","1","2884"
"64d50c85-15cf-4c7f-a23e-29347123ef5f","0","2a","2","1213"
"64d50c85-15cf-4c7f-a23e-29347123ef5f","0","2a","3","1602"
"64d50c85-15cf-4c7f-a23e-29347123ef5f","0","2a","4","1280"
"64d50c85-15cf-4c7f-a23e-29347123ef5f","0","2a","5","1452"
"64d50c85-15cf-4c7f-a23e-29347123ef5f","0","2a","6","1858"
"64d50c85-15cf-4c7f-a23e-29347123ef5f","0","2a","7","1146"
"64d50c85-15cf-4c7f-a23e-29347123ef5f","0","2a","8","1513"
"64d50c85-15cf-4c7f-a23e-29347123ef5f","0","2a","9","1657"
"64d50c85-15cf-4c7f-a23e-29347123ef5f","0","2a","10","736"
"64d50c85-15cf-4c7f-a23e-29347123ef5f","0","2a","11","4275"
"64d50c85-15cf-4c7f-a23e-29347123ef5f","0","2a","12","1065"
"64d50c85-15cf-4c7f-a23e-29347123ef5f","0","2a","13","1668"
"64d50c85-15cf-4c7f-a23e-29347123ef5f","0","2a","14","1388"
"64d50c85-15cf-4c7f-a23e-29347123ef5f","0","2a","15","2274"
"64d50c85-15cf-4c7f-a23e-29347123ef5f","0","2a","16","1516"
"64d50c85-15cf-4c7f-a23e-29347123ef5f","0","2a","17","1414"
"64d50c85-15cf-4c7f-a23e-29347123ef5f","0","2a","18","1782"
"64d50c85-15cf-4c7f-a23e-29347123ef5f","0","2a","19","1013"
"64d50c85-15cf-4c7f-a23e-29347123ef5f","0","2a","20","1125"
"64d50c85-15cf-4c7f-a23e-29347123ef5f","0","2a","21","3272"
"64d50c85-15cf-4c7f-a23e-29347123ef5f","1","2a","0","327.4"
"64d50c85-15cf-4c7f-a23e-29347123ef5f","1","2a","1","519"
"64d50c85-15cf-4c7f-a23e-29347123ef5f","1","2a","2","245"
"64d50c85-15cf-4c7f-a23e-29347123ef5f","1","2a","3","284"
"64d50c85-15cf-4c7f-a23e-29347123ef5f","1","2a","4","204"
"64d50c85-15cf-4c7f-a23e-29347123ef5f","1","2a","5","126"
"64d50c85-15cf-4c7f-a23e-29347123ef5f","1","2a","6","364"
"64d50c85-15cf-4c7f-a23e-29347123ef5f","1","2a","7","248"
"64d50c85-15cf-4c7f-a23e-29347123ef5f","1","2a","8","235"
"64d50c85-15cf-4c7f-a23e-29347123ef5f","1","2a","9","182"
"64d50c85-15cf-4c7f-a23e-29347123ef5f","1","2a","10","867"
"6f2e2139-b4e8-4092-8b40-a79c691b9e4d","0","2a","0","404.4"
"6f2e2139-b4e8-4092-8b40-a79c691b9e4d","0","2a","1","597"
"6f2e2139-b4e8-4092-8b40-a79c691b9e4d","0","2a","2","887"
"6f2e2139-b4e8-4092-8b40-a79c691b9e4d","0","2a","3","1068"
"6f2e2139-b4e8-4092-8b40-a79c691b9e4d","0","2a","4","441"
"6f2e2139-b4e8-4092-8b40-a79c691b9e4d","0","2a","5","4"
"6f2e2139-b4e8-4092-8b40-a79c691b9e4d","0","2a","6","260"
"6f2e2139-b4e8-4092-8b40-a79c691b9e4d","0","2a","7","445"
"6f2e2139-b4e8-4092-8b40-a79c691b9e4d","0","2a","8","136"
"6f2e2139-b4e8-4092-8b40-a79c691b9e4d","0","2a","9","30"
"6f2e2139-b4e8-4092-8b40-a79c691b9e4d","0","2a","10","176"
"6f2e2139-b4e8-4092-8b40-a79c691b9e4d","0","2a","11","404.4"
"6f2e2139-b4e8-4092-8b40-a79c691b9e4d","1","2a","0","418.5"
"6f2e2139-b4e8-4092-8b40-a79c691b9e4d","1","2a","1","148"
"6f2e2139-b4e8-4092-8b40-a79c691b9e4d","1","2a","2","44"
"6f2e2139-b4e8-4092-8b40-a79c691b9e4d","1","2a","3","111"
"6f2e2139-b4e8-4092-8b40-a79c691b9e4d","1","2a","4","339"
"6f2e2139-b4e8-4092-8b40-a79c691b9e4d","1","2a","5","70"
"6f2e2139-b4e8-4092-8b40-a79c691b9e4d","1","2a","6","59"
"6f2e2139-b4e8-4092-8b40-a79c691b9e4d","1","2a","7","64"
"6f2e2139-b4e8-4092-8b40-a79c691b9e4d","1","2a","8","33"
"6f2e2139-b4e8-4092-8b40-a79c691b9e4d","1","2a","9","33"
"6f2e2139-b4e8-4092-8b40-a79c691b9e4d","1","2a","10","3284"
"6f2e2139-b4e8-4092-8b40-a79c691b9e4d","2","2a","0","164.6"
"6f2e2139-b4e8-4092-8b40-a79c691b9e4d","2","2a","1","810"
"6f2e2139-b4e8-4092-8b40-a79c691b9e4d","2","2a","2","88"
"6f2e2139-b4e8-4092-8b40-a79c691b9e4d","2","2a","3","120"
"6f2e2139-b4e8-4092-8b40-a79c691b9e4d","2","2a","4","71"
"6f2e2139-b4e8-4092-8b40-a79c691b9e4d","2","2a","5","130"
"6f2e2139-b4e8-4092-8b40-a79c691b9e4d","2","2a","6","113"
"6f2e2139-b4e8-4092-8b40-a79c691b9e4d","2","2a","7","80"
"6f2e2139-b4e8-4092-8b40-a79c691b9e4d","2","2a","8","179"
"6f2e2139-b4e8-4092-8b40-a79c691b9e4d","2","2a","9","24"
"6f2e2139-b4e8-4092-8b40-a79c691b9e4d","2","2a","10","31"
"74b61803-d2f8-4edc-8f94-6699f321d3a8","0","2a","0","401.7"
"74b61803-d2f8-4edc-8f94-6699f321d3a8","0","2a","1","670"
"74b61803-d2f8-4edc-8f94-6699f321d3a8","0","2a","2","367"
"74b61803-d2f8-4edc-8f94-6699f321d3a8","0","2a","3","245"
"74b61803-d2f8-4edc-8f94-6699f321d3a8","0","2a","4","88"
"74b61803-d2f8-4edc-8f94-6699f321d3a8","0","2a","5","176"
"74b61803-d2f8-4edc-8f94-6699f321d3a8","0","2a","6","552"
"74b61803-d2f8-4edc-8f94-6699f321d3a8","0","2a","7","327"
"74b61803-d2f8-4edc-8f94-6699f321d3a8","0","2a","8","853"
"74b61803-d2f8-4edc-8f94-6699f321d3a8","0","2a","9","306"
"74b61803-d2f8-4edc-8f94-6699f321d3a8","0","2a","10","433"
"74b61803-d2f8-4edc-8f94-6699f321d3a8","1","2a","0","599.2631578947369"
"74b61803-d2f8-4edc-8f94-6699f321d3a8","1","2a","1","1015"
"74b61803-d2f8-4edc-8f94-6699f321d3a8","1","2a","2","415"
"74b61803-d2f8-4edc-8f94-6699f321d3a8","1","2a","3","311"
"74b61803-d2f8-4edc-8f94-6699f321d3a8","1","2a","4","712"
"74b61803-d2f8-4edc-8f94-6699f321d3a8","1","2a","5","172"
"74b61803-d2f8-4edc-8f94-6699f321d3a8","1","2a","6","893"
"74b61803-d2f8-4edc-8f94-6699f321d3a8","1","2a","7","419"
"74b61803-d2f8-4edc-8f94-6699f321d3a8","1","2a","8","1223"
"74b61803-d2f8-4edc-8f94-6699f321d3a8","1","2a","9","647"
"74b61803-d2f8-4edc-8f94-6699f321d3a8","1","2a","10","538"
"74b61803-d2f8-4edc-8f94-6699f321d3a8","1","2a","11","599.2631578947369"
"74b61803-d2f8-4edc-8f94-6699f321d3a8","1","2a","12","696"
"74b61803-d2f8-4edc-8f94-6699f321d3a8","1","2a","13","359"
"74b61803-d2f8-4edc-8f94-6699f321d3a8","1","2a","14","1305"
"74b61803-d2f8-4edc-8f94-6699f321d3a8","1","2a","15","249"
"74b61803-d2f8-4edc-8f94-6699f321d3a8","1","2a","16","1160"
"74b61803-d2f8-4edc-8f94-6699f321d3a8","1","2a","17","257"
"74b61803-d2f8-4edc-8f94-6699f321d3a8","1","2a","18","294"
"74b61803-d2f8-4edc-8f94-6699f321d3a8","1","2a","19","278"
"74b61803-d2f8-4edc-8f94-6699f321d3a8","1","2a","20","443"
"74b61803-d2f8-4edc-8f94-6699f321d3a8","1","2a","21","599.2631578947369"
"76ceee13-0c73-46a3-9d3c-936d65b65283","0","2a","0","600.2222222222222"
"76ceee13-0c73-46a3-9d3c-936d65b65283","0","2a","1","1318"
"76ceee13-0c73-46a3-9d3c-936d65b65283","0","2a","2","455"
"76ceee13-0c73-46a3-9d3c-936d65b65283","0","2a","3","511"
"76ceee13-0c73-46a3-9d3c-936d65b65283","0","2a","4","444"
"76ceee13-0c73-46a3-9d3c-936d65b65283","0","2a","5","532"
"76ceee13-0c73-46a3-9d3c-936d65b65283","0","2a","6","428"
"76ceee13-0c73-46a3-9d3c-936d65b65283","0","2a","7","790"
"76ceee13-0c73-46a3-9d3c-936d65b65283","0","2a","8","395"
"76ceee13-0c73-46a3-9d3c-936d65b65283","0","2a","9","529"
"76ceee13-0c73-46a3-9d3c-936d65b65283","0","2a","10","600.2222222222222"
"76ceee13-0c73-46a3-9d3c-936d65b65283","1","2a","0","843.2"
"76ceee13-0c73-46a3-9d3c-936d65b65283","1","2a","1","1755"
"76ceee13-0c73-46a3-9d3c-936d65b65283","1","2a","2","1536"
"76ceee13-0c73-46a3-9d3c-936d65b65283","1","2a","3","1066"
"76ceee13-0c73-46a3-9d3c-936d65b65283","1","2a","4","832"
"76ceee13-0c73-46a3-9d3c-936d65b65283","1","2a","5","727"
"76ceee13-0c73-46a3-9d3c-936d65b65283","1","2a","6","536"
"76ceee13-0c73-46a3-9d3c-936d65b65283","1","2a","7","387"
"76ceee13-0c73-46a3-9d3c-936d65b65283","1","2a","8","436"
"76ceee13-0c73-46a3-9d3c-936d65b65283","1","2a","9","448"
"76ceee13-0c73-46a3-9d3c-936d65b65283","1","2a","10","709"
"76ceee13-0c73-46a3-9d3c-936d65b65283","2","2a","0","434.44444444444446"
"76ceee13-0c73-46a3-9d3c-936d65b65283","2","2a","1","844"
"76ceee13-0c73-46a3-9d3c-936d65b65283","2","2a","2","583"
"76ceee13-0c73-46a3-9d3c-936d65b65283","2","2a","3","369"
"76ceee13-0c73-46a3-9d3c-936d65b65283","2","2a","4","380"
"76ceee13-0c73-46a3-9d3c-936d65b65283","2","2a","5","328"
"76ceee13-0c73-46a3-9d3c-936d65b65283","2","2a","6","344"
"76ceee13-0c73-46a3-9d3c-936d65b65283","2","2a","7","352"
"76ceee13-0c73-46a3-9d3c-936d65b65283","2","2a","8","368"
"76ceee13-0c73-46a3-9d3c-936d65b65283","2","2a","9","342"
"76ceee13-0c73-46a3-9d3c-936d65b65283","2","2a","10","434.44444444444446"
"78274e72-031c-4168-bb19-ef98352003a6","0","2a","0","235.11111111111111"
"78274e72-031c-4168-bb19-ef98352003a6","0","2a","1","302"
"78274e72-031c-4168-bb19-ef98352003a6","0","2a","2","142"
"78274e72-031c-4168-bb19-ef98352003a6","0","2a","3","145"
"78274e72-031c-4168-bb19-ef98352003a6","0","2a","4","212"
"78274e72-031c-4168-bb19-ef98352003a6","0","2a","5","735"
"78274e72-031c-4168-bb19-ef98352003a6","0","2a","6","160"
"78274e72-031c-4168-bb19-ef98352003a6","0","2a","7","118"
"78274e72-031c-4168-bb19-ef98352003a6","0","2a","8","110"
"78274e72-031c-4168-bb19-ef98352003a6","0","2a","9","192"
"78274e72-031c-4168-bb19-ef98352003a6","0","2a","10","235.11111111111111"
"78274e72-031c-4168-bb19-ef98352003a6","1","2a","0","166.11111111111111"
"78274e72-031c-4168-bb19-ef98352003a6","1","2a","1","131"
"78274e72-031c-4168-bb19-ef98352003a6","1","2a","2","283"
"78274e72-031c-4168-bb19-ef98352003a6","1","2a","3","147"
"78274e72-031c-4168-bb19-ef98352003a6","1","2a","4","159"
"78274e72-031c-4168-bb19-ef98352003a6","1","2a","5","159"
"78274e72-031c-4168-bb19-ef98352003a6","1","2a","6","176"
"78274e72-031c-4168-bb19-ef98352003a6","1","2a","7","198"
"78274e72-031c-4168-bb19-ef98352003a6","1","2a","8","122"
"78274e72-031c-4168-bb19-ef98352003a6","1","2a","9","120"
"78274e72-031c-4168-bb19-ef98352003a6","1","2a","10","166.11111111111111"
"78274e72-031c-4168-bb19-ef98352003a6","2","2a","0","381.5"
"78274e72-031c-4168-bb19-ef98352003a6","2","2a","1","129"
"78274e72-031c-4168-bb19-ef98352003a6","2","2a","2","154"
"78274e72-031c-4168-bb19-ef98352003a6","2","2a","3","134"
"78274e72-031c-4168-bb19-ef98352003a6","2","2a","4","169"
"78274e72-031c-4168-bb19-ef98352003a6","2","2a","5","167"
"78274e72-031c-4168-bb19-ef98352003a6","2","2a","6","114"
"78274e72-031c-4168-bb19-ef98352003a6","2","2a","7","90"
"78274e72-031c-4168-bb19-ef98352003a6","2","2a","8","526"
"78274e72-031c-4168-bb19-ef98352003a6","2","2a","9","139"
"78274e72-031c-4168-bb19-ef98352003a6","2","2a","10","2193"
"7f51dfb9-2994-446b-b18f-be0095e0e0a8","0","2a","0","1010.4444444444445"
"7f51dfb9-2994-446b-b18f-be0095e0e0a8","0","2a","1","1159"
"7f51dfb9-2994-446b-b18f-be0095e0e0a8","0","2a","2","1098"
"7f51dfb9-2994-446b-b18f-be0095e0e0a8","0","2a","3","972"
"7f51dfb9-2994-446b-b18f-be0095e0e0a8","0","2a","4","974"
"7f51dfb9-2994-446b-b18f-be0095e0e0a8","0","2a","5","1224"
"7f51dfb9-2994-446b-b18f-be0095e0e0a8","0","2a","6","771"
"7f51dfb9-2994-446b-b18f-be0095e0e0a8","0","2a","7","1250"
"7f51dfb9-2994-446b-b18f-be0095e0e0a8","0","2a","8","1055"
"7f51dfb9-2994-446b-b18f-be0095e0e0a8","0","2a","9","591"
"7f51dfb9-2994-446b-b18f-be0095e0e0a8","0","2a","10","1010.4444444444445"
"7f51dfb9-2994-446b-b18f-be0095e0e0a8","1","2a","0","301.3333333333333"
"7f51dfb9-2994-446b-b18f-be0095e0e0a8","1","2a","1","315"
"7f51dfb9-2994-446b-b18f-be0095e0e0a8","1","2a","2","72"
"7f51dfb9-2994-446b-b18f-be0095e0e0a8","1","2a","3","164"
"7f51dfb9-2994-446b-b18f-be0095e0e0a8","1","2a","4","102"
"7f51dfb9-2994-446b-b18f-be0095e0e0a8","1","2a","5","65"
"7f51dfb9-2994-446b-b18f-be0095e0e0a8","1","2a","6","115"
"7f51dfb9-2994-446b-b18f-be0095e0e0a8","1","2a","7","301.3333333333333"
"7f51dfb9-2994-446b-b18f-be0095e0e0a8","1","2a","8","428"
"7f51dfb9-2994-446b-b18f-be0095e0e0a8","1","2a","9","505"
"7f51dfb9-2994-446b-b18f-be0095e0e0a8","1","2a","10","946"
"9a28ea73-1f26-4647-a236-ccf56a82f33b","0","2a","0","980.9166666666666"
"9a28ea73-1f26-4647-a236-ccf56a82f33b","0","2a","1","924"
"9a28ea73-1f26-4647-a236-ccf56a82f33b","0","2a","2","1179"
"9a28ea73-1f26-4647-a236-ccf56a82f33b","0","2a","3","1097"
"9a28ea73-1f26-4647-a236-ccf56a82f33b","0","2a","4","626"
"9a28ea73-1f26-4647-a236-ccf56a82f33b","0","2a","5","643"
"9a28ea73-1f26-4647-a236-ccf56a82f33b","0","2a","6","1080"
"9a28ea73-1f26-4647-a236-ccf56a82f33b","0","2a","7","801"
"9a28ea73-1f26-4647-a236-ccf56a82f33b","0","2a","8","1164"
"9a28ea73-1f26-4647-a236-ccf56a82f33b","0","2a","9","841"
"9a28ea73-1f26-4647-a236-ccf56a82f33b","0","2a","10","717"
"9a28ea73-1f26-4647-a236-ccf56a82f33b","0","2a","11","762"
"9a28ea73-1f26-4647-a236-ccf56a82f33b","0","2a","12","1937"
"9a28ea73-1f26-4647-a236-ccf56a82f33b","1","2a","0","830.1111111111111"
"9a28ea73-1f26-4647-a236-ccf56a82f33b","1","2a","1","999"
"9a28ea73-1f26-4647-a236-ccf56a82f33b","1","2a","2","968"
"9a28ea73-1f26-4647-a236-ccf56a82f33b","1","2a","3","1288"
"9a28ea73-1f26-4647-a236-ccf56a82f33b","1","2a","4","930"
"9a28ea73-1f26-4647-a236-ccf56a82f33b","1","2a","5","853"
"9a28ea73-1f26-4647-a236-ccf56a82f33b","1","2a","6","629"
"9a28ea73-1f26-4647-a236-ccf56a82f33b","1","2a","7","587"
"9a28ea73-1f26-4647-a236-ccf56a82f33b","1","2a","8","610"
"9a28ea73-1f26-4647-a236-ccf56a82f33b","1","2a","9","607"
"9a28ea73-1f26-4647-a236-ccf56a82f33b","1","2a","10","830.1111111111111"
"9a28ea73-1f26-4647-a236-ccf56a82f33b","2","2a","0","187.11111111111111"
"9a28ea73-1f26-4647-a236-ccf56a82f33b","2","2a","1","209"
"9a28ea73-1f26-4647-a236-ccf56a82f33b","2","2a","2","147"
"9a28ea73-1f26-4647-a236-ccf56a82f33b","2","2a","3","231"
"9a28ea73-1f26-4647-a236-ccf56a82f33b","2","2a","4","208"
"9a28ea73-1f26-4647-a236-ccf56a82f33b","2","2a","5","315"
"9a28ea73-1f26-4647-a236-ccf56a82f33b","2","2a","6","129"
"9a28ea73-1f26-4647-a236-ccf56a82f33b","2","2a","7","136"
"9a28ea73-1f26-4647-a236-ccf56a82f33b","2","2a","8","166"
"9a28ea73-1f26-4647-a236-ccf56a82f33b","2","2a","9","143"
"9a28ea73-1f26-4647-a236-ccf56a82f33b","2","2a","10","187.11111111111111"
"a11b642e-75bc-4ae8-bb00-cbff9c3b2e88","0","2a","0","1300.8"
"a11b642e-75bc-4ae8-bb00-cbff9c3b2e88","0","2a","1","2579"
"a11b642e-75bc-4ae8-bb00-cbff9c3b2e88","0","2a","2","650"
"a11b642e-75bc-4ae8-bb00-cbff9c3b2e88","0","2a","3","789"
"a11b642e-75bc-4ae8-bb00-cbff9c3b2e88","0","2a","4","1049"
"a11b642e-75bc-4ae8-bb00-cbff9c3b2e88","0","2a","5","1308"
"a11b642e-75bc-4ae8-bb00-cbff9c3b2e88","0","2a","6","2437"
"a11b642e-75bc-4ae8-bb00-cbff9c3b2e88","0","2a","7","715"
"a11b642e-75bc-4ae8-bb00-cbff9c3b2e88","0","2a","8","613"
"a11b642e-75bc-4ae8-bb00-cbff9c3b2e88","0","2a","9","972"
"a11b642e-75bc-4ae8-bb00-cbff9c3b2e88","0","2a","10","1896"
"a11b642e-75bc-4ae8-bb00-cbff9c3b2e88","1","2a","0","904.2"
"a11b642e-75bc-4ae8-bb00-cbff9c3b2e88","1","2a","1","1269"
"a11b642e-75bc-4ae8-bb00-cbff9c3b2e88","1","2a","2","520"
"a11b642e-75bc-4ae8-bb00-cbff9c3b2e88","1","2a","3","592"
"a11b642e-75bc-4ae8-bb00-cbff9c3b2e88","1","2a","4","480"
"a11b642e-75bc-4ae8-bb00-cbff9c3b2e88","1","2a","5","488"
"a11b642e-75bc-4ae8-bb00-cbff9c3b2e88","1","2a","6","1262"
"a11b642e-75bc-4ae8-bb00-cbff9c3b2e88","1","2a","7","1593"
"a11b642e-75bc-4ae8-bb00-cbff9c3b2e88","1","2a","8","555"
"a11b642e-75bc-4ae8-bb00-cbff9c3b2e88","1","2a","9","847"
"a11b642e-75bc-4ae8-bb00-cbff9c3b2e88","1","2a","10","1436"
"a11b642e-75bc-4ae8-bb00-cbff9c3b2e88","2","2a","0","943.1111111111111"
"a11b642e-75bc-4ae8-bb00-cbff9c3b2e88","2","2a","1","2336"
"a11b642e-75bc-4ae8-bb00-cbff9c3b2e88","2","2a","2","406"
"a11b642e-75bc-4ae8-bb00-cbff9c3b2e88","2","2a","3","895"
"a11b642e-75bc-4ae8-bb00-cbff9c3b2e88","2","2a","4","818"
"a11b642e-75bc-4ae8-bb00-cbff9c3b2e88","2","2a","5","382"
"a11b642e-75bc-4ae8-bb00-cbff9c3b2e88","2","2a","6","473"
"a11b642e-75bc-4ae8-bb00-cbff9c3b2e88","2","2a","7","1074"
"a11b642e-75bc-4ae8-bb00-cbff9c3b2e88","2","2a","8","953"
"a11b642e-75bc-4ae8-bb00-cbff9c3b2e88","2","2a","9","1151"
"a11b642e-75bc-4ae8-bb00-cbff9c3b2e88","2","2a","10","943.1111111111111"
"a6507dfb-3bf3-4007-bc5f-0e74cb0809d5","0","2a","0","2547.9"
"a6507dfb-3bf3-4007-bc5f-0e74cb0809d5","0","2a","1","1932"
"a6507dfb-3bf3-4007-bc5f-0e74cb0809d5","0","2a","2","1506"
"a6507dfb-3bf3-4007-bc5f-0e74cb0809d5","0","2a","3","1149"
"a6507dfb-3bf3-4007-bc5f-0e74cb0809d5","0","2a","4","1642"
"a6507dfb-3bf3-4007-bc5f-0e74cb0809d5","0","2a","5","4328"
"a6507dfb-3bf3-4007-bc5f-0e74cb0809d5","0","2a","6","1446"
"a6507dfb-3bf3-4007-bc5f-0e74cb0809d5","0","2a","7","2096"
"a6507dfb-3bf3-4007-bc5f-0e74cb0809d5","0","2a","8","5099"
"a6507dfb-3bf3-4007-bc5f-0e74cb0809d5","0","2a","9","1394"
"a6507dfb-3bf3-4007-bc5f-0e74cb0809d5","0","2a","10","4887"
"a6507dfb-3bf3-4007-bc5f-0e74cb0809d5","1","2a","0","263.7"
"a6507dfb-3bf3-4007-bc5f-0e74cb0809d5","1","2a","1","388"
"a6507dfb-3bf3-4007-bc5f-0e74cb0809d5","1","2a","2","608"
"a6507dfb-3bf3-4007-bc5f-0e74cb0809d5","1","2a","3","45"
"a6507dfb-3bf3-4007-bc5f-0e74cb0809d5","1","2a","4","37"
"a6507dfb-3bf3-4007-bc5f-0e74cb0809d5","1","2a","5","43"
"a6507dfb-3bf3-4007-bc5f-0e74cb0809d5","1","2a","6","681"
"a6507dfb-3bf3-4007-bc5f-0e74cb0809d5","1","2a","7","54"
"a6507dfb-3bf3-4007-bc5f-0e74cb0809d5","1","2a","8","254"
"a6507dfb-3bf3-4007-bc5f-0e74cb0809d5","1","2a","9","241"
"a6507dfb-3bf3-4007-bc5f-0e74cb0809d5","1","2a","10","286"
"a6507dfb-3bf3-4007-bc5f-0e74cb0809d5","1","2a","11","263.7"
"a6507dfb-3bf3-4007-bc5f-0e74cb0809d5","2","2a","0","138.9"
"a6507dfb-3bf3-4007-bc5f-0e74cb0809d5","2","2a","1","124"
"a6507dfb-3bf3-4007-bc5f-0e74cb0809d5","2","2a","2","245"
"a6507dfb-3bf3-4007-bc5f-0e74cb0809d5","2","2a","3","36"
"a6507dfb-3bf3-4007-bc5f-0e74cb0809d5","2","2a","4","31"
"a6507dfb-3bf3-4007-bc5f-0e74cb0809d5","2","2a","5","36"
"a6507dfb-3bf3-4007-bc5f-0e74cb0809d5","2","2a","6","315"
"a6507dfb-3bf3-4007-bc5f-0e74cb0809d5","2","2a","7","27"
"a6507dfb-3bf3-4007-bc5f-0e74cb0809d5","2","2a","8","131"
"a6507dfb-3bf3-4007-bc5f-0e74cb0809d5","2","2a","9","70"
"a6507dfb-3bf3-4007-bc5f-0e74cb0809d5","2","2a","10","374"
"b5efef81-d69e-4e71-8b5e-6e4b1aaa82cc","0","2a","0","456.6"
"b5efef81-d69e-4e71-8b5e-6e4b1aaa82cc","0","2a","1","116"
"b5efef81-d69e-4e71-8b5e-6e4b1aaa82cc","0","2a","2","81"
"b5efef81-d69e-4e71-8b5e-6e4b1aaa82cc","0","2a","3","121"
"b5efef81-d69e-4e71-8b5e-6e4b1aaa82cc","0","2a","4","164"
"b5efef81-d69e-4e71-8b5e-6e4b1aaa82cc","0","2a","5","38"
"b5efef81-d69e-4e71-8b5e-6e4b1aaa82cc","0","2a","6","63"
"b5efef81-d69e-4e71-8b5e-6e4b1aaa82cc","0","2a","7","52"
"b5efef81-d69e-4e71-8b5e-6e4b1aaa82cc","0","2a","8","23"
"b5efef81-d69e-4e71-8b5e-6e4b1aaa82cc","0","2a","9","117"
"b5efef81-d69e-4e71-8b5e-6e4b1aaa82cc","0","2a","10","3791"
"b5efef81-d69e-4e71-8b5e-6e4b1aaa82cc","1","2a","0","285.7"
"b5efef81-d69e-4e71-8b5e-6e4b1aaa82cc","1","2a","1","302"
"b5efef81-d69e-4e71-8b5e-6e4b1aaa82cc","1","2a","2","211"
"b5efef81-d69e-4e71-8b5e-6e4b1aaa82cc","1","2a","3","110"
"b5efef81-d69e-4e71-8b5e-6e4b1aaa82cc","1","2a","4","27"
"b5efef81-d69e-4e71-8b5e-6e4b1aaa82cc","1","2a","5","266"
"b5efef81-d69e-4e71-8b5e-6e4b1aaa82cc","1","2a","6","412"
"b5efef81-d69e-4e71-8b5e-6e4b1aaa82cc","1","2a","7","227"
"b5efef81-d69e-4e71-8b5e-6e4b1aaa82cc","1","2a","8","64"
"b5efef81-d69e-4e71-8b5e-6e4b1aaa82cc","1","2a","9","29"
"b5efef81-d69e-4e71-8b5e-6e4b1aaa82cc","1","2a","10","1209"
"b5efef81-d69e-4e71-8b5e-6e4b1aaa82cc","2","2a","0","182.6"
"b5efef81-d69e-4e71-8b5e-6e4b1aaa82cc","2","2a","1","27"
"b5efef81-d69e-4e71-8b5e-6e4b1aaa82cc","2","2a","2","62"
"b5efef81-d69e-4e71-8b5e-6e4b1aaa82cc","2","2a","3","110"
"b5efef81-d69e-4e71-8b5e-6e4b1aaa82cc","2","2a","4","107"
"b5efef81-d69e-4e71-8b5e-6e4b1aaa82cc","2","2a","5","93"
"b5efef81-d69e-4e71-8b5e-6e4b1aaa82cc","2","2a","6","31"
"b5efef81-d69e-4e71-8b5e-6e4b1aaa82cc","2","2a","7","121"
"b5efef81-d69e-4e71-8b5e-6e4b1aaa82cc","2","2a","8","21"
"b5efef81-d69e-4e71-8b5e-6e4b1aaa82cc","2","2a","9","19"
"b5efef81-d69e-4e71-8b5e-6e4b1aaa82cc","2","2a","10","1235"
"bafdabe2-8b49-434a-aaf3-b06d61906024","0","2a","0","562.4"
"bafdabe2-8b49-434a-aaf3-b06d61906024","0","2a","1","274"
"bafdabe2-8b49-434a-aaf3-b06d61906024","0","2a","2","275"
"bafdabe2-8b49-434a-aaf3-b06d61906024","0","2a","3","324"
"bafdabe2-8b49-434a-aaf3-b06d61906024","0","2a","4","1230"
"bafdabe2-8b49-434a-aaf3-b06d61906024","0","2a","5","684"
"bafdabe2-8b49-434a-aaf3-b06d61906024","0","2a","6","358"
"bafdabe2-8b49-434a-aaf3-b06d61906024","0","2a","7","951"
"bafdabe2-8b49-434a-aaf3-b06d61906024","0","2a","8","242"
"bafdabe2-8b49-434a-aaf3-b06d61906024","0","2a","9","277"
"bafdabe2-8b49-434a-aaf3-b06d61906024","0","2a","10","1009"
"bafdabe2-8b49-434a-aaf3-b06d61906024","1","2a","0","709.3"
"bafdabe2-8b49-434a-aaf3-b06d61906024","1","2a","1","344"
"bafdabe2-8b49-434a-aaf3-b06d61906024","1","2a","2","869"
"bafdabe2-8b49-434a-aaf3-b06d61906024","1","2a","3","343"
"bafdabe2-8b49-434a-aaf3-b06d61906024","1","2a","4","491"
"bafdabe2-8b49-434a-aaf3-b06d61906024","1","2a","5","658"
"bafdabe2-8b49-434a-aaf3-b06d61906024","1","2a","6","162"
"bafdabe2-8b49-434a-aaf3-b06d61906024","1","2a","7","287"
"bafdabe2-8b49-434a-aaf3-b06d61906024","1","2a","8","812"
"bafdabe2-8b49-434a-aaf3-b06d61906024","1","2a","9","1540"
"bafdabe2-8b49-434a-aaf3-b06d61906024","1","2a","10","1587"
"e41db89e-c7b4-4c6c-9016-d89e258bf28b","0","2a","0","775.7777777777778"
"e41db89e-c7b4-4c6c-9016-d89e258bf28b","0","2a","1","778"
"e41db89e-c7b4-4c6c-9016-d89e258bf28b","0","2a","2","753"
"e41db89e-c7b4-4c6c-9016-d89e258bf28b","0","2a","3","784"
"e41db89e-c7b4-4c6c-9016-d89e258bf28b","0","2a","4","727"
"e41db89e-c7b4-4c6c-9016-d89e258bf28b","0","2a","5","840"
"e41db89e-c7b4-4c6c-9016-d89e258bf28b","0","2a","6","969"
"e41db89e-c7b4-4c6c-9016-d89e258bf28b","0","2a","7","775"
"e41db89e-c7b4-4c6c-9016-d89e258bf28b","0","2a","8","718"
"e41db89e-c7b4-4c6c-9016-d89e258bf28b","0","2a","9","638"
"e41db89e-c7b4-4c6c-9016-d89e258bf28b","0","2a","10","775.7777777777778"
"e41db89e-c7b4-4c6c-9016-d89e258bf28b","1","2a","0","221.9"
"e41db89e-c7b4-4c6c-9016-d89e258bf28b","1","2a","1","119"
"e41db89e-c7b4-4c6c-9016-d89e258bf28b","1","2a","2","135"
"e41db89e-c7b4-4c6c-9016-d89e258bf28b","1","2a","3","82"
"e41db89e-c7b4-4c6c-9016-d89e258bf28b","1","2a","4","54"
"e41db89e-c7b4-4c6c-9016-d89e258bf28b","1","2a","5","85"
"e41db89e-c7b4-4c6c-9016-d89e258bf28b","1","2a","6","70"
"e41db89e-c7b4-4c6c-9016-d89e258bf28b","1","2a","7","89"
"e41db89e-c7b4-4c6c-9016-d89e258bf28b","1","2a","8","68"
"e41db89e-c7b4-4c6c-9016-d89e258bf28b","1","2a","9","90"
"e41db89e-c7b4-4c6c-9016-d89e258bf28b","1","2a","10","1427"
"e6404804-9a54-418a-a8f0-775592877cfe","0","2a","0","1317.888888888889"
"e6404804-9a54-418a-a8f0-775592877cfe","0","2a","1","1689"
"e6404804-9a54-418a-a8f0-775592877cfe","0","2a","2","2659"
"e6404804-9a54-418a-a8f0-775592877cfe","0","2a","3","1123"
"e6404804-9a54-418a-a8f0-775592877cfe","0","2a","4","1004"
"e6404804-9a54-418a-a8f0-775592877cfe","0","2a","5","1209"
"e6404804-9a54-418a-a8f0-775592877cfe","0","2a","6","1046"
"e6404804-9a54-418a-a8f0-775592877cfe","0","2a","7","943"
"e6404804-9a54-418a-a8f0-775592877cfe","0","2a","8","1484"
"e6404804-9a54-418a-a8f0-775592877cfe","0","2a","9","704"
"e6404804-9a54-418a-a8f0-775592877cfe","0","2a","10","1317.888888888889"
"e6404804-9a54-418a-a8f0-775592877cfe","1","2a","0","678.2222222222222"
"e6404804-9a54-418a-a8f0-775592877cfe","1","2a","1","678.2222222222222"
"e6404804-9a54-418a-a8f0-775592877cfe","1","2a","2","970"
"e6404804-9a54-418a-a8f0-775592877cfe","1","2a","3","816"
"e6404804-9a54-418a-a8f0-775592877cfe","1","2a","4","662"
"e6404804-9a54-418a-a8f0-775592877cfe","1","2a","5","588"
"e6404804-9a54-418a-a8f0-775592877cfe","1","2a","6","559"
"e6404804-9a54-418a-a8f0-775592877cfe","1","2a","7","599"
"e6404804-9a54-418a-a8f0-775592877cfe","1","2a","8","801"
"e6404804-9a54-418a-a8f0-775592877cfe","1","2a","9","389"
"e6404804-9a54-418a-a8f0-775592877cfe","1","2a","10","720"
"e6404804-9a54-418a-a8f0-775592877cfe","2","2a","0","91.66666666666667"
"e6404804-9a54-418a-a8f0-775592877cfe","2","2a","1","88"
"e6404804-9a54-418a-a8f0-775592877cfe","2","2a","2","98"
"e6404804-9a54-418a-a8f0-775592877cfe","2","2a","3","71"
"e6404804-9a54-418a-a8f0-775592877cfe","2","2a","4","83"
"e6404804-9a54-418a-a8f0-775592877cfe","2","2a","5","112"
"e6404804-9a54-418a-a8f0-775592877cfe","2","2a","6","99"
"e6404804-9a54-418a-a8f0-775592877cfe","2","2a","7","80"
"e6404804-9a54-418a-a8f0-775592877cfe","2","2a","8","80"
"e6404804-9a54-418a-a8f0-775592877cfe","2","2a","9","114"
"e861cdce-a713-40ab-82ac-4d9691788a19","0","2a","0","1134.375"
"e861cdce-a713-40ab-82ac-4d9691788a19","0","2a","1","1558"
"e861cdce-a713-40ab-82ac-4d9691788a19","0","2a","2","1134.375"
"e861cdce-a713-40ab-82ac-4d9691788a19","0","2a","3","1379"
"e861cdce-a713-40ab-82ac-4d9691788a19","0","2a","4","1081"
"e861cdce-a713-40ab-82ac-4d9691788a19","0","2a","5","958"
"e861cdce-a713-40ab-82ac-4d9691788a19","0","2a","6","1178"
"e861cdce-a713-40ab-82ac-4d9691788a19","0","2a","7","1015"
"e861cdce-a713-40ab-82ac-4d9691788a19","0","2a","8","1004"
"e861cdce-a713-40ab-82ac-4d9691788a19","0","2a","9","902"
"e861cdce-a713-40ab-82ac-4d9691788a19","0","2a","10","1134.375"
"e861cdce-a713-40ab-82ac-4d9691788a19","1","2a","0","825.8888888888889"
"e861cdce-a713-40ab-82ac-4d9691788a19","1","2a","1","825.8888888888889"
"e861cdce-a713-40ab-82ac-4d9691788a19","1","2a","2","764"
"e861cdce-a713-40ab-82ac-4d9691788a19","1","2a","3","788"
"e861cdce-a713-40ab-82ac-4d9691788a19","1","2a","4","754"
"e861cdce-a713-40ab-82ac-4d9691788a19","1","2a","5","840"
"e861cdce-a713-40ab-82ac-4d9691788a19","1","2a","6","750"
"e861cdce-a713-40ab-82ac-4d9691788a19","1","2a","7","721"
"e861cdce-a713-40ab-82ac-4d9691788a19","1","2a","8","776"
"e861cdce-a713-40ab-82ac-4d9691788a19","1","2a","9","709"
"e861cdce-a713-40ab-82ac-4d9691788a19","1","2a","10","1331"
"e861cdce-a713-40ab-82ac-4d9691788a19","2","2a","0","812.8"
"e861cdce-a713-40ab-82ac-4d9691788a19","2","2a","1","1842"
"e861cdce-a713-40ab-82ac-4d9691788a19","2","2a","2","708"
"e861cdce-a713-40ab-82ac-4d9691788a19","2","2a","3","736"
"e861cdce-a713-40ab-82ac-4d9691788a19","2","2a","4","516"
"e861cdce-a713-40ab-82ac-4d9691788a19","2","2a","5","668"
"e861cdce-a713-40ab-82ac-4d9691788a19","2","2a","6","670"
"e861cdce-a713-40ab-82ac-4d9691788a19","2","2a","7","678"
"e861cdce-a713-40ab-82ac-4d9691788a19","2","2a","8","1181"
"e861cdce-a713-40ab-82ac-4d9691788a19","2","2a","9","625"
"e861cdce-a713-40ab-82ac-4d9691788a19","2","2a","10","504"
"ea92f37c-6652-4339-b685-7ae99d5f272f","0","2a","0","410.7"
"ea92f37c-6652-4339-b685-7ae99d5f272f","0","2a","1","681"
"ea92f37c-6652-4339-b685-7ae99d5f272f","0","2a","2","508"
"ea92f37c-6652-4339-b685-7ae99d5f272f","0","2a","3","422"
"ea92f37c-6652-4339-b685-7ae99d5f272f","0","2a","4","317"
"ea92f37c-6652-4339-b685-7ae99d5f272f","0","2a","5","144"
"ea92f37c-6652-4339-b685-7ae99d5f272f","0","2a","6","233"
"ea92f37c-6652-4339-b685-7ae99d5f272f","0","2a","7","215"
"ea92f37c-6652-4339-b685-7ae99d5f272f","0","2a","8","145"
"ea92f37c-6652-4339-b685-7ae99d5f272f","0","2a","9","160"
"ea92f37c-6652-4339-b685-7ae99d5f272f","0","2a","10","1282"
"ea92f37c-6652-4339-b685-7ae99d5f272f","1","2a","0","290.7"
"ea92f37c-6652-4339-b685-7ae99d5f272f","1","2a","1","322"
"ea92f37c-6652-4339-b685-7ae99d5f272f","1","2a","2","343"
"ea92f37c-6652-4339-b685-7ae99d5f272f","1","2a","3","215"
"ea92f37c-6652-4339-b685-7ae99d5f272f","1","2a","4","116"
"ea92f37c-6652-4339-b685-7ae99d5f272f","1","2a","5","360"
"ea92f37c-6652-4339-b685-7ae99d5f272f","1","2a","6","357"
"ea92f37c-6652-4339-b685-7ae99d5f272f","1","2a","7","268"
"ea92f37c-6652-4339-b685-7ae99d5f272f","1","2a","8","81"
"ea92f37c-6652-4339-b685-7ae99d5f272f","1","2a","9","84"
"ea92f37c-6652-4339-b685-7ae99d5f272f","1","2a","10","761"
"ea92f37c-6652-4339-b685-7ae99d5f272f","2","2a","0","180.44444444444446"
"ea92f37c-6652-4339-b685-7ae99d5f272f","2","2a","1","317"
"ea92f37c-6652-4339-b685-7ae99d5f272f","2","2a","2","141"
"ea92f37c-6652-4339-b685-7ae99d5f272f","2","2a","3","85"
"ea92f37c-6652-4339-b685-7ae99d5f272f","2","2a","4","272"
"ea92f37c-6652-4339-b685-7ae99d5f272f","2","2a","5","107"
"ea92f37c-6652-4339-b685-7ae99d5f272f","2","2a","6","271"
"ea92f37c-6652-4339-b685-7ae99d5f272f","2","2a","7","70"
"ea92f37c-6652-4339-b685-7ae99d5f272f","2","2a","8","280"
"ea92f37c-6652-4339-b685-7ae99d5f272f","2","2a","9","81"
"ea92f37c-6652-4339-b685-7ae99d5f272f","2","2a","10","180.44444444444446"