"user","session","task","iteration","speed"
"1060d17b-2e21-4a6b-90f1-f451764a20d0","0","2a","0","55.69439485897894"
"1060d17b-2e21-4a6b-90f1-f451764a20d0","0","2a","1","59.27256398742704"
"1060d17b-2e21-4a6b-90f1-f451764a20d0","0","2a","2","69.24590163934427"
"1060d17b-2e21-4a6b-90f1-f451764a20d0","0","2a","3","71.12068965517241"
"1060d17b-2e21-4a6b-90f1-f451764a20d0","0","2a","4","64.77352734099975"
"1060d17b-2e21-4a6b-90f1-f451764a20d0","0","2a","5","62.2568093385214"
"1060d17b-2e21-4a6b-90f1-f451764a20d0","0","2a","6","73.67099204688155"
"1060d17b-2e21-4a6b-90f1-f451764a20d0","0","2a","7","73.00884955752213"
"1060d17b-2e21-4a6b-90f1-f451764a20d0","0","2a","8","62.55183035185405"
"1060d17b-2e21-4a6b-90f1-f451764a20d0","0","2a","9","68.69633099141296"
"1060d17b-2e21-4a6b-90f1-f451764a20d0","0","2a","10","68.69633099141296"
"1060d17b-2e21-4a6b-90f1-f451764a20d0","1","2a","0","59.466156098659766"
"1060d17b-2e21-4a6b-90f1-f451764a20d0","1","2a","1","74.63952502120442"
"1060d17b-2e21-4a6b-90f1-f451764a20d0","1","2a","2","74.81932832648435"
"1060d17b-2e21-4a6b-90f1-f451764a20d0","1","2a","3","78.43137254901961"
"1060d17b-2e21-4a6b-90f1-f451764a20d0","1","2a","4","71.79766113679631"
"1060d17b-2e21-4a6b-90f1-f451764a20d0","1","2a","5","71.13985448666128"
"1060d17b-2e21-4a6b-90f1-f451764a20d0","1","2a","6","74.38715131022823"
"1060d17b-2e21-4a6b-90f1-f451764a20d0","1","2a","7","73.64016736401675"
"1060d17b-2e21-4a6b-90f1-f451764a20d0","1","2a","8","70.40816326530613"
"1060d17b-2e21-4a6b-90f1-f451764a20d0","1","2a","9","72.43792015365621"
"1060d17b-2e21-4a6b-90f1-f451764a20d0","1","2a","10","72.43792015365621"
"1060d17b-2e21-4a6b-90f1-f451764a20d0","2","2a","0","71.45757206658547"
"1060d17b-2e21-4a6b-90f1-f451764a20d0","2","2a","1","78.50133809099019"
"1060d17b-2e21-4a6b-90f1-f451764a20d0","2","2a","2","91.87402122846703"
"1060d17b-2e21-4a6b-90f1-f451764a20d0","2","2a","3","78.4202301463276"
"1060d17b-2e21-4a6b-90f1-f451764a20d0","2","2a","4","89.03878583473863"
"1060d17b-2e21-4a6b-90f1-f451764a20d0","2","2a","5","83.32075471698113"
"1060d17b-2e21-4a6b-90f1-f451764a20d0","2","2a","6","82.5"
"1060d17b-2e21-4a6b-90f1-f451764a20d0","2","2a","7","89.00876601483479"
"1060d17b-2e21-4a6b-90f1-f451764a20d0","2","2a","8","56.52435357787132"
"1060d17b-2e21-4a6b-90f1-f451764a20d0","2","2a","9","74.28340734759789"
"1060d17b-2e21-4a6b-90f1-f451764a20d0","2","2a","10","74.28340734759789"
"10f69cd9-1e5d-4e54-93e8-bfbae554d069","0","2a","0","82.70481144343302"
"10f69cd9-1e5d-4e54-93e8-bfbae554d069","0","2a","1","76.95209354960392"
"10f69cd9-1e5d-4e54-93e8-bfbae554d069","0","2a","2","87.35037204788094"
"10f69cd9-1e5d-4e54-93e8-bfbae554d069","0","2a","3","76.58058771148708"
"10f69cd9-1e5d-4e54-93e8-bfbae554d069","0","2a","4","90.80208508491675"
"10f69cd9-1e5d-4e54-93e8-bfbae554d069","0","2a","5","91.23055162659122"
"10f69cd9-1e5d-4e54-93e8-bfbae554d069","0","2a","6","90.92511013215858"
"10f69cd9-1e5d-4e54-93e8-bfbae554d069","0","2a","7","83.91608391608392"
"10f69cd9-1e5d-4e54-93e8-bfbae554d069","0","2a","8","88.02871858904324"
"10f69cd9-1e5d-4e54-93e8-bfbae554d069","0","2a","9","72.39057239057239"
"10f69cd9-1e5d-4e54-93e8-bfbae554d069","0","2a","10","72.39057239057239"
"10f69cd9-1e5d-4e54-93e8-bfbae554d069","1","2a","0","75.76820541602356"
"10f69cd9-1e5d-4e54-93e8-bfbae554d069","1","2a","1","78.40753684850327"
"10f69cd9-1e5d-4e54-93e8-bfbae554d069","1","2a","2","76.41099855282201"
"10f69cd9-1e5d-4e54-93e8-bfbae554d069","1","2a","3","89.44357774310973"
"10f69cd9-1e5d-4e54-93e8-bfbae554d069","1","2a","4","87.04453441295546"
"10f69cd9-1e5d-4e54-93e8-bfbae554d069","1","2a","5","87.12871287128714"
"10f69cd9-1e5d-4e54-93e8-bfbae554d069","1","2a","6","93.90005335230305"
"10f69cd9-1e5d-4e54-93e8-bfbae554d069","1","2a","7","87.25059181602975"
"10f69cd9-1e5d-4e54-93e8-bfbae554d069","1","2a","8","86.3742885838634"
"10f69cd9-1e5d-4e54-93e8-bfbae554d069","1","2a","9","86.62078227295618"
"10f69cd9-1e5d-4e54-93e8-bfbae554d069","1","2a","10","86.62078227295618"
"10f69cd9-1e5d-4e54-93e8-bfbae554d069","2","2a","0","93.25863003795409"
"10f69cd9-1e5d-4e54-93e8-bfbae554d069","2","2a","1","90.51043676547974"
"10f69cd9-1e5d-4e54-93e8-bfbae554d069","2","2a","2","84.04112650871703"
"10f69cd9-1e5d-4e54-93e8-bfbae554d069","2","2a","3","86.3742885838634"
"10f69cd9-1e5d-4e54-93e8-bfbae554d069","2","2a","4","90.00957548675392"
"10f69cd9-1e5d-4e54-93e8-bfbae554d069","2","2a","5","95.98214285714286"
"10f69cd9-1e5d-4e54-93e8-bfbae554d069","2","2a","6","82.9202343397927"
"10f69cd9-1e5d-4e54-93e8-bfbae554d069","2","2a","7","96.68353007307475"
"10f69cd9-1e5d-4e54-93e8-bfbae554d069","2","2a","8","83.94338701805759"
"10f69cd9-1e5d-4e54-93e8-bfbae554d069","2","2a","9","87.36877751439214"
"10f69cd9-1e5d-4e54-93e8-bfbae554d069","2","2a","10","87.36877751439214"
"183e93f8-2ef0-4250-be77-b2d8a02c1033","0","2a","0","113.013698630137"
"183e93f8-2ef0-4250-be77-b2d8a02c1033","0","2a","1","96.22205088666152"
"183e93f8-2ef0-4250-be77-b2d8a02c1033","0","2a","2","100.82268510414842"
"183e93f8-2ef0-4250-be77-b2d8a02c1033","0","2a","3","103.12500000000001"
"183e93f8-2ef0-4250-be77-b2d8a02c1033","0","2a","4","99.36993699369935"
"183e93f8-2ef0-4250-be77-b2d8a02c1033","0","2a","5","120.13651877133107"
"183e93f8-2ef0-4250-be77-b2d8a02c1033","0","2a","6","104.51306413301664"
"183e93f8-2ef0-4250-be77-b2d8a02c1033","0","2a","7","121.85318383752909"
"183e93f8-2ef0-4250-be77-b2d8a02c1033","0","2a","8","106.49137222678719"
"183e93f8-2ef0-4250-be77-b2d8a02c1033","0","2a","9","98.14126394052045"
"183e93f8-2ef0-4250-be77-b2d8a02c1033","0","2a","10","98.14126394052045"
"183e93f8-2ef0-4250-be77-b2d8a02c1033","1","2a","0","101.97672270460002"
"183e93f8-2ef0-4250-be77-b2d8a02c1033","1","2a","1","97.07666850523995"
"183e93f8-2ef0-4250-be77-b2d8a02c1033","1","2a","2","111.71827565270186"
"183e93f8-2ef0-4250-be77-b2d8a02c1033","1","2a","3","121.8836565096953"
"183e93f8-2ef0-4250-be77-b2d8a02c1033","1","2a","4","121.29565816678154"
"183e93f8-2ef0-4250-be77-b2d8a02c1033","1","2a","5","88.30292810056721"
"183e93f8-2ef0-4250-be77-b2d8a02c1033","1","2a","6","112.37785016286644"
"183e93f8-2ef0-4250-be77-b2d8a02c1033","1","2a","7","98.48908785674315"
"183e93f8-2ef0-4250-be77-b2d8a02c1033","1","2a","8","100.53313023610053"
"183e93f8-2ef0-4250-be77-b2d8a02c1033","1","2a","9","106.62358642972538"
"183e93f8-2ef0-4250-be77-b2d8a02c1033","1","2a","10","106.62358642972538"
"183e93f8-2ef0-4250-be77-b2d8a02c1033","2","2a","0","107.50279955207166"
"183e93f8-2ef0-4250-be77-b2d8a02c1033","2","2a","1","102.04415372035977"
"183e93f8-2ef0-4250-be77-b2d8a02c1033","2","2a","2","111.40262361251261"
"183e93f8-2ef0-4250-be77-b2d8a02c1033","2","2a","3","101.46041506533437"
"183e93f8-2ef0-4250-be77-b2d8a02c1033","2","2a","4","116.27394846950011"
"183e93f8-2ef0-4250-be77-b2d8a02c1033","2","2a","5","97.54445385266723"
"183e93f8-2ef0-4250-be77-b2d8a02c1033","2","2a","6","114.65798045602607"
"183e93f8-2ef0-4250-be77-b2d8a02c1033","2","2a","7","112.07811504988327"
"183e93f8-2ef0-4250-be77-b2d8a02c1033","2","2a","8","102.36220472440945"
"183e93f8-2ef0-4250-be77-b2d8a02c1033","2","2a","9","91.98339188757585"
"183e93f8-2ef0-4250-be77-b2d8a02c1033","2","2a","10","91.98339188757585"
"24404d19-ec5c-4c88-a836-0dbbdd7fc2f6","0","2a","0","106.19469026548671"
"24404d19-ec5c-4c88-a836-0dbbdd7fc2f6","0","2a","1","108.4033613445378"
"24404d19-ec5c-4c88-a836-0dbbdd7fc2f6","0","2a","2","111.90631099544566"
"24404d19-ec5c-4c88-a836-0dbbdd7fc2f6","0","2a","3","107.14285714285714"
"24404d19-ec5c-4c88-a836-0dbbdd7fc2f6","0","2a","4","103.99032648125755"
"24404d19-ec5c-4c88-a836-0dbbdd7fc2f6","0","2a","5","85.785536159601"
"24404d19-ec5c-4c88-a836-0dbbdd7fc2f6","0","2a","6","126.56364974245768"
"24404d19-ec5c-4c88-a836-0dbbdd7fc2f6","0","2a","7","120.58892264547791"
"24404d19-ec5c-4c88-a836-0dbbdd7fc2f6","0","2a","8","119.28429423459244"
"24404d19-ec5c-4c88-a836-0dbbdd7fc2f6","0","2a","9","112.12516297262059"
"24404d19-ec5c-4c88-a836-0dbbdd7fc2f6","0","2a","10","112.12516297262059"
"24404d19-ec5c-4c88-a836-0dbbdd7fc2f6","1","2a","0","85.7551214864221"
"24404d19-ec5c-4c88-a836-0dbbdd7fc2f6","1","2a","1","120.30075187969925"
"24404d19-ec5c-4c88-a836-0dbbdd7fc2f6","1","2a","2","118.46533542741754"
"24404d19-ec5c-4c88-a836-0dbbdd7fc2f6","1","2a","3","112.67605633802816"
"24404d19-ec5c-4c88-a836-0dbbdd7fc2f6","1","2a","4","108.13024779848455"
"24404d19-ec5c-4c88-a836-0dbbdd7fc2f6","1","2a","5","120.74091013034531"
"24404d19-ec5c-4c88-a836-0dbbdd7fc2f6","1","2a","6","111.93643116254967"
"24404d19-ec5c-4c88-a836-0dbbdd7fc2f6","1","2a","7","122.79069767441861"
"24404d19-ec5c-4c88-a836-0dbbdd7fc2f6","1","2a","8","118.59838274932615"
"24404d19-ec5c-4c88-a836-0dbbdd7fc2f6","1","2a","9","117.0858629661752"
"24404d19-ec5c-4c88-a836-0dbbdd7fc2f6","1","2a","10","117.0858629661752"
"24404d19-ec5c-4c88-a836-0dbbdd7fc2f6","2","2a","0","91.03169251517194"
"24404d19-ec5c-4c88-a836-0dbbdd7fc2f6","2","2a","1","122.02449734226948"
"24404d19-ec5c-4c88-a836-0dbbdd7fc2f6","2","2a","2","115.96749396002637"
"24404d19-ec5c-4c88-a836-0dbbdd7fc2f6","2","2a","3","74.98934810396251"
"24404d19-ec5c-4c88-a836-0dbbdd7fc2f6","2","2a","4","85.40925266903915"
"24404d19-ec5c-4c88-a836-0dbbdd7fc2f6","2","2a","5","113.11269375785506"
"24404d19-ec5c-4c88-a836-0dbbdd7fc2f6","2","2a","6","121.3793103448276"
"24404d19-ec5c-4c88-a836-0dbbdd7fc2f6","2","2a","7","93.73737373737373"
"24404d19-ec5c-4c88-a836-0dbbdd7fc2f6","2","2a","8","107.31707317073172"
"24404d19-ec5c-4c88-a836-0dbbdd7fc2f6","2","2a","9","101.26582278481013"
"24404d19-ec5c-4c88-a836-0dbbdd7fc2f6","2","2a","10","101.26582278481013"
"2e69a799-4e15-43aa-aadb-ef5c0013c6fe","0","2a","0","55.400596325863226"
"2e69a799-4e15-43aa-aadb-ef5c0013c6fe","0","2a","1","64.18672501823487"
"2e69a799-4e15-43aa-aadb-ef5c0013c6fe","0","2a","2","65.94677979174702"
"2e69a799-4e15-43aa-aadb-ef5c0013c6fe","0","2a","3","71.08239095315025"
"2e69a799-4e15-43aa-aadb-ef5c0013c6fe","0","2a","4","68.80375293197811"
"2e69a799-4e15-43aa-aadb-ef5c0013c6fe","0","2a","5","61.34342091810653"
"2e69a799-4e15-43aa-aadb-ef5c0013c6fe","0","2a","6","69.81155937776653"
"2e69a799-4e15-43aa-aadb-ef5c0013c6fe","0","2a","7","55.808761975630176"
"2e69a799-4e15-43aa-aadb-ef5c0013c6fe","0","2a","8","59.17159763313609"
"2e69a799-4e15-43aa-aadb-ef5c0013c6fe","0","2a","9","68.76352986119954"
"2e69a799-4e15-43aa-aadb-ef5c0013c6fe","0","2a","10","68.76352986119954"
"2e69a799-4e15-43aa-aadb-ef5c0013c6fe","1","2a","0","61.89034645139589"
"2e69a799-4e15-43aa-aadb-ef5c0013c6fe","1","2a","1","67.2611464968153"
"2e69a799-4e15-43aa-aadb-ef5c0013c6fe","1","2a","2","61.44256455921638"
"2e69a799-4e15-43aa-aadb-ef5c0013c6fe","1","2a","3","63.06799518230592"
"2e69a799-4e15-43aa-aadb-ef5c0013c6fe","1","2a","4","52.84319356691556"
"2e69a799-4e15-43aa-aadb-ef5c0013c6fe","1","2a","5","57.95486207857342"
"2e69a799-4e15-43aa-aadb-ef5c0013c6fe","1","2a","6","74.19898819561553"
"2e69a799-4e15-43aa-aadb-ef5c0013c6fe","1","2a","7","69.36416184971098"
"2e69a799-4e15-43aa-aadb-ef5c0013c6fe","1","2a","8","74.29295061207262"
"2e69a799-4e15-43aa-aadb-ef5c0013c6fe","1","2a","9","57.68726509920461"
"2e69a799-4e15-43aa-aadb-ef5c0013c6fe","1","2a","10","57.68726509920461"
"2e69a799-4e15-43aa-aadb-ef5c0013c6fe","2","2a","0","73.84615384615385"
"2e69a799-4e15-43aa-aadb-ef5c0013c6fe","2","2a","1","62.727527303276396"
"2e69a799-4e15-43aa-aadb-ef5c0013c6fe","2","2a","2","64.54949829316232"
"2e69a799-4e15-43aa-aadb-ef5c0013c6fe","2","2a","3","66.83804627249359"
"2e69a799-4e15-43aa-aadb-ef5c0013c6fe","2","2a","4","68.6159844054581"
"2e69a799-4e15-43aa-aadb-ef5c0013c6fe","2","2a","5","69.47368421052632"
"2e69a799-4e15-43aa-aadb-ef5c0013c6fe","2","2a","6","67.75244299674267"
"2e69a799-4e15-43aa-aadb-ef5c0013c6fe","2","2a","7","64.58715596330275"
"2e69a799-4e15-43aa-aadb-ef5c0013c6fe","2","2a","8","64.89184692179701"
"2e69a799-4e15-43aa-aadb-ef5c0013c6fe","2","2a","9","59.212474094542586"
"2e69a799-4e15-43aa-aadb-ef5c0013c6fe","2","2a","10","59.212474094542586"
"43a2b7d3-9d57-4a08-a564-db94470b0320","0","2a","0","45.781208410966194"
"43a2b7d3-9d57-4a08-a564-db94470b0320","0","2a","1","57.15551617190961"
"43a2b7d3-9d57-4a08-a564-db94470b0320","0","2a","2","49.8502560139117"
"43a2b7d3-9d57-4a08-a564-db94470b0320","0","2a","3","60.755916637230655"
"43a2b7d3-9d57-4a08-a564-db94470b0320","0","2a","4","66.0860655737705"
"43a2b7d3-9d57-4a08-a564-db94470b0320","0","2a","5","62.8961482203803"
"43a2b7d3-9d57-4a08-a564-db94470b0320","0","2a","6","46.629315018977046"
"43a2b7d3-9d57-4a08-a564-db94470b0320","0","2a","7","55.9759510728724"
"43a2b7d3-9d57-4a08-a564-db94470b0320","0","2a","8","52.84147557328016"
"43a2b7d3-9d57-4a08-a564-db94470b0320","0","2a","9","52.51385782359234"
"43a2b7d3-9d57-4a08-a564-db94470b0320","0","2a","10","52.51385782359234"
"43a2b7d3-9d57-4a08-a564-db94470b0320","1","2a","0","40.046565774155994"
"43a2b7d3-9d57-4a08-a564-db94470b0320","1","2a","1","40.01778568252557"
"43a2b7d3-9d57-4a08-a564-db94470b0320","1","2a","2","29.644540006404686"
"43a2b7d3-9d57-4a08-a564-db94470b0320","1","2a","3","42.1637522470992"
"43a2b7d3-9d57-4a08-a564-db94470b0320","1","2a","4","39.85171455050973"
"43a2b7d3-9d57-4a08-a564-db94470b0320","1","2a","5","28.023452250819837"
"43a2b7d3-9d57-4a08-a564-db94470b0320","1","2a","6","42.04008473195372"
"43a2b7d3-9d57-4a08-a564-db94470b0320","1","2a","7","41.46576663452266"
"43a2b7d3-9d57-4a08-a564-db94470b0320","1","2a","8","42.69049391908662"
"43a2b7d3-9d57-4a08-a564-db94470b0320","1","2a","9","53.33333333333333"
"43a2b7d3-9d57-4a08-a564-db94470b0320","1","2a","10","53.33333333333333"
"43a2b7d3-9d57-4a08-a564-db94470b0320","2","2a","0","52.85802089735709"
"43a2b7d3-9d57-4a08-a564-db94470b0320","2","2a","1","59.19467706779856"
"43a2b7d3-9d57-4a08-a564-db94470b0320","2","2a","2","47.46136865342163"
"43a2b7d3-9d57-4a08-a564-db94470b0320","2","2a","3","42.35958581738312"
"43a2b7d3-9d57-4a08-a564-db94470b0320","2","2a","4","51.03352784096528"
"43a2b7d3-9d57-4a08-a564-db94470b0320","2","2a","5","57.03548137504145"
"43a2b7d3-9d57-4a08-a564-db94470b0320","2","2a","6","53.78361475922452"
"43a2b7d3-9d57-4a08-a564-db94470b0320","2","2a","7","54.025756465291586"
"43a2b7d3-9d57-4a08-a564-db94470b0320","2","2a","8","66.71838634600466"
"43a2b7d3-9d57-4a08-a564-db94470b0320","2","2a","9","69.82408660351827"
"43a2b7d3-9d57-4a08-a564-db94470b0320","2","2a","10","69.82408660351827"
"4dfc506d-5928-4039-b257-1767b88d3276","0","2a","0","72.69973494888299"
"4dfc506d-5928-4039-b257-1767b88d3276","0","2a","1","71.75899808191357"
"4dfc506d-5928-4039-b257-1767b88d3276","0","2a","2","76.41099855282201"
"4dfc506d-5928-4039-b257-1767b88d3276","0","2a","3","81.343398551841"
"4dfc506d-5928-4039-b257-1767b88d3276","0","2a","4","85.79980046558032"
"4dfc506d-5928-4039-b257-1767b88d3276","0","2a","5","81.59392789373814"
"4dfc506d-5928-4039-b257-1767b88d3276","0","2a","6","80.2797628097917"
"4dfc506d-5928-4039-b257-1767b88d3276","0","2a","7","91.63862283199586"
"4dfc506d-5928-4039-b257-1767b88d3276","0","2a","8","42.382666576105414"
"4dfc506d-5928-4039-b257-1767b88d3276","0","2a","9","92.38814642649622"
"4dfc506d-5928-4039-b257-1767b88d3276","0","2a","10","92.38814642649622"
"4dfc506d-5928-4039-b257-1767b88d3276","1","2a","0","82.20376038478356"
"4dfc506d-5928-4039-b257-1767b88d3276","1","2a","1","69.84478935698448"
"4dfc506d-5928-4039-b257-1767b88d3276","1","2a","2","75.38349159970781"
"4dfc506d-5928-4039-b257-1767b88d3276","1","2a","3","90.9090909090909"
"4dfc506d-5928-4039-b257-1767b88d3276","1","2a","4","89.9581589958159"
"4dfc506d-5928-4039-b257-1767b88d3276","1","2a","5","69.87658612897619"
"4dfc506d-5928-4039-b257-1767b88d3276","1","2a","6","89.16537065837221"
"4dfc506d-5928-4039-b257-1767b88d3276","1","2a","7","91.09854123250966"
"4dfc506d-5928-4039-b257-1767b88d3276","1","2a","8","71.83716908341094"
"4dfc506d-5928-4039-b257-1767b88d3276","1","2a","9","86.34361233480176"
"4dfc506d-5928-4039-b257-1767b88d3276","1","2a","10","86.34361233480176"
"4dfc506d-5928-4039-b257-1767b88d3276","2","2a","0","75.73519538069021"
"4dfc506d-5928-4039-b257-1767b88d3276","2","2a","1","77.26311743225062"
"4dfc506d-5928-4039-b257-1767b88d3276","2","2a","2","86.56294200848656"
"4dfc506d-5928-4039-b257-1767b88d3276","2","2a","3","76.12658597054104"
"4dfc506d-5928-4039-b257-1767b88d3276","2","2a","4","93.05680793507665"
"4dfc506d-5928-4039-b257-1767b88d3276","2","2a","5","81.4867762687634"
"4dfc506d-5928-4039-b257-1767b88d3276","2","2a","6","86.79155797960635"
"4dfc506d-5928-4039-b257-1767b88d3276","2","2a","7","76.30417856215935"
"4dfc506d-5928-4039-b257-1767b88d3276","2","2a","8","89.01329601119664"
"4dfc506d-5928-4039-b257-1767b88d3276","2","2a","9","89.35560859188544"
"4dfc506d-5928-4039-b257-1767b88d3276","2","2a","10","89.35560859188544"
"5b834c47-8cef-4bdb-af3a-0fb64c36ff07","0","2a","0","69.57928802588997"
"5b834c47-8cef-4bdb-af3a-0fb64c36ff07","0","2a","1","61.83343319352905"
"5b834c47-8cef-4bdb-af3a-0fb64c36ff07","0","2a","2","67.19609040928528"
"5b834c47-8cef-4bdb-af3a-0fb64c36ff07","0","2a","3","71.58712541620422"
"5b834c47-8cef-4bdb-af3a-0fb64c36ff07","0","2a","4","65.97262837758802"
"5b834c47-8cef-4bdb-af3a-0fb64c36ff07","0","2a","5","67.57728253055356"
"5b834c47-8cef-4bdb-af3a-0fb64c36ff07","0","2a","6","71.21212121212122"
"5b834c47-8cef-4bdb-af3a-0fb64c36ff07","0","2a","7","68.83365200764818"
"5b834c47-8cef-4bdb-af3a-0fb64c36ff07","0","2a","8","71.96181617917024"
"5b834c47-8cef-4bdb-af3a-0fb64c36ff07","0","2a","9","75.32667179093006"
"5b834c47-8cef-4bdb-af3a-0fb64c36ff07","0","2a","10","75.32667179093006"
"5b834c47-8cef-4bdb-af3a-0fb64c36ff07","1","2a","0","67.85447562146591"
"5b834c47-8cef-4bdb-af3a-0fb64c36ff07","1","2a","1","64.32556613062029"
"5b834c47-8cef-4bdb-af3a-0fb64c36ff07","1","2a","2","47.94359576968272"
"5b834c47-8cef-4bdb-af3a-0fb64c36ff07","1","2a","3","56.73099279237387"
"5b834c47-8cef-4bdb-af3a-0fb64c36ff07","1","2a","4","65.03655155028989"
"5b834c47-8cef-4bdb-af3a-0fb64c36ff07","1","2a","5","55.761024182076824"
"5b834c47-8cef-4bdb-af3a-0fb64c36ff07","1","2a","6","70.36683485612983"
"5b834c47-8cef-4bdb-af3a-0fb64c36ff07","1","2a","7","71.61693268563498"
"5b834c47-8cef-4bdb-af3a-0fb64c36ff07","1","2a","8","73.03609341825903"
"5b834c47-8cef-4bdb-af3a-0fb64c36ff07","1","2a","9","72.82992237120678"
"5b834c47-8cef-4bdb-af3a-0fb64c36ff07","1","2a","10","72.82992237120678"
"5b834c47-8cef-4bdb-af3a-0fb64c36ff07","2","2a","0","62.5"
"5b834c47-8cef-4bdb-af3a-0fb64c36ff07","2","2a","1","64.54841130848135"
"5b834c47-8cef-4bdb-af3a-0fb64c36ff07","2","2a","2","61.67162564241277"
"5b834c47-8cef-4bdb-af3a-0fb64c36ff07","2","2a","3","69.70387243735762"
"5b834c47-8cef-4bdb-af3a-0fb64c36ff07","2","2a","4","74.8109828889773"
"5b834c47-8cef-4bdb-af3a-0fb64c36ff07","2","2a","5","66.68313163744133"
"5b834c47-8cef-4bdb-af3a-0fb64c36ff07","2","2a","6","65.69098424757011"
"5b834c47-8cef-4bdb-af3a-0fb64c36ff07","2","2a","7","69.84298863021115"
"5b834c47-8cef-4bdb-af3a-0fb64c36ff07","2","2a","8","60.831361946603586"
"5b834c47-8cef-4bdb-af3a-0fb64c36ff07","2","2a","9","75.05744191983662"
"5b834c47-8cef-4bdb-af3a-0fb64c36ff07","2","2a","10","75.05744191983662"
"5bb2e225-97b1-4e34-ad76-4fe1249d664c","0","2a","0","71.93540494250061"
"5bb2e225-97b1-4e34-ad76-4fe1249d664c","0","2a","1","74.9204853339616"
"5bb2e225-97b1-4e34-ad76-4fe1249d664c","0","2a","2","81.74640037157455"
"5bb2e225-97b1-4e34-ad76-4fe1249d664c","0","2a","3","73.20319432120675"
"5bb2e225-97b1-4e34-ad76-4fe1249d664c","0","2a","4","73.55516637478108"
"5bb2e225-97b1-4e34-ad76-4fe1249d664c","0","2a","5","69.1830740781029"
"5bb2e225-97b1-4e34-ad76-4fe1249d664c","0","2a","6","77.94618001855862"
"5bb2e225-97b1-4e34-ad76-4fe1249d664c","0","2a","7","73.52350341502611"
"5bb2e225-97b1-4e34-ad76-4fe1249d664c","0","2a","8","84.30518476886328"
"5bb2e225-97b1-4e34-ad76-4fe1249d664c","0","2a","9","79.72902553413235"
"5bb2e225-97b1-4e34-ad76-4fe1249d664c","0","2a","10","85.3163087637841"
"5bb2e225-97b1-4e34-ad76-4fe1249d664c","1","2a","0","73.87750769557371"
"5bb2e225-97b1-4e34-ad76-4fe1249d664c","1","2a","1","81.91126279863481"
"5bb2e225-97b1-4e34-ad76-4fe1249d664c","1","2a","2","85.8085808580858"
"5bb2e225-97b1-4e34-ad76-4fe1249d664c","1","2a","3","72.55139056831922"
"5bb2e225-97b1-4e34-ad76-4fe1249d664c","1","2a","4","78.77069968670745"
"5bb2e225-97b1-4e34-ad76-4fe1249d664c","1","2a","5","78.75588529034098"
"5bb2e225-97b1-4e34-ad76-4fe1249d664c","1","2a","6","79.89347536617842"
"5bb2e225-97b1-4e34-ad76-4fe1249d664c","1","2a","7","71.11989134461044"
"5bb2e225-97b1-4e34-ad76-4fe1249d664c","1","2a","8","78.50945811406628"
"5bb2e225-97b1-4e34-ad76-4fe1249d664c","1","2a","9","84.7816871555744"
"5bb2e225-97b1-4e34-ad76-4fe1249d664c","1","2a","10","73.2824427480916"
"5bb2e225-97b1-4e34-ad76-4fe1249d664c","1","2a","11","70.97163548581774"
"5bb2e225-97b1-4e34-ad76-4fe1249d664c","2","2a","0","80.59701492537313"
"5bb2e225-97b1-4e34-ad76-4fe1249d664c","2","2a","1","82.19178082191782"
"5bb2e225-97b1-4e34-ad76-4fe1249d664c","2","2a","2","64.89409643983777"
"5bb2e225-97b1-4e34-ad76-4fe1249d664c","2","2a","3","84.93069890887644"
"5bb2e225-97b1-4e34-ad76-4fe1249d664c","2","2a","4","85.11895965715975"
"5bb2e225-97b1-4e34-ad76-4fe1249d664c","2","2a","5","82.96943231441048"
"5bb2e225-97b1-4e34-ad76-4fe1249d664c","2","2a","6","91.08159392789375"
"5bb2e225-97b1-4e34-ad76-4fe1249d664c","2","2a","7","81.3029315960912"
"5bb2e225-97b1-4e34-ad76-4fe1249d664c","2","2a","8","75.51487414187643"
"5bb2e225-97b1-4e34-ad76-4fe1249d664c","2","2a","9","80.63432334363661"
"5bb2e225-97b1-4e34-ad76-4fe1249d664c","2","2a","10","80.63432334363661"
"64d50c85-15cf-4c7f-a23e-29347123ef5f","0","2a","0","23.01619162317677"
"64d50c85-15cf-4c7f-a23e-29347123ef5f","0","2a","1","36.29457691496096"
"64d50c85-15cf-4c7f-a23e-29347123ef5f","0","2a","2","33.886122092724754"
"64d50c85-15cf-4c7f-a23e-29347123ef5f","0","2a","3","38.76201923076923"
"64d50c85-15cf-4c7f-a23e-29347123ef5f","0","2a","4","26.197222351247156"
"64d50c85-15cf-4c7f-a23e-29347123ef5f","0","2a","5","24.737545333078835"
"64d50c85-15cf-4c7f-a23e-29347123ef5f","0","2a","6","37.0556552962298"
"64d50c85-15cf-4c7f-a23e-29347123ef5f","0","2a","7","36.880851976270456"
"64d50c85-15cf-4c7f-a23e-29347123ef5f","0","2a","8","40.115890349899715"
"64d50c85-15cf-4c7f-a23e-29347123ef5f","0","2a","9","27.110652718432295"
"64d50c85-15cf-4c7f-a23e-29347123ef5f","0","2a","10","27.110652718432295"
"64d50c85-15cf-4c7f-a23e-29347123ef5f","0","2a","11","35.176221964687436"
"64d50c85-15cf-4c7f-a23e-29347123ef5f","0","2a","12","40.36295369211514"
"64d50c85-15cf-4c7f-a23e-29347123ef5f","0","2a","13","33.50707371556217"
"64d50c85-15cf-4c7f-a23e-29347123ef5f","0","2a","14","32.74604022067984"
"64d50c85-15cf-4c7f-a23e-29347123ef5f","0","2a","15","32.49879634087627"
"64d50c85-15cf-4c7f-a23e-29347123ef5f","0","2a","16","35.16311779644462"
"64d50c85-15cf-4c7f-a23e-29347123ef5f","0","2a","17","39.97211247966535"
"64d50c85-15cf-4c7f-a23e-29347123ef5f","0","2a","18","38.93458084961895"
"64d50c85-15cf-4c7f-a23e-29347123ef5f","0","2a","19","38.22788561268336"
"64d50c85-15cf-4c7f-a23e-29347123ef5f","0","2a","20","46.365351783628356"
"64d50c85-15cf-4c7f-a23e-29347123ef5f","0","2a","21","46.365351783628356"
"64d50c85-15cf-4c7f-a23e-29347123ef5f","1","2a","0","37.730455909675584"
"64d50c85-15cf-4c7f-a23e-29347123ef5f","1","2a","1","41.79860671310957"
"64d50c85-15cf-4c7f-a23e-29347123ef5f","1","2a","2","43.7851986991354"
"64d50c85-15cf-4c7f-a23e-29347123ef5f","1","2a","3","46.52802255904125"
"64d50c85-15cf-4c7f-a23e-29347123ef5f","1","2a","4","40.915349813127015"
"64d50c85-15cf-4c7f-a23e-29347123ef5f","1","2a","5","31.689534416441813"
"64d50c85-15cf-4c7f-a23e-29347123ef5f","1","2a","6","41.340432195427496"
"64d50c85-15cf-4c7f-a23e-29347123ef5f","1","2a","7","48.458149779735685"
"64d50c85-15cf-4c7f-a23e-29347123ef5f","1","2a","8","39.9425069975036"
"64d50c85-15cf-4c7f-a23e-29347123ef5f","1","2a","9","49.32735426008969"
"64d50c85-15cf-4c7f-a23e-29347123ef5f","1","2a","10","49.32735426008969"
"6f2e2139-b4e8-4092-8b40-a79c691b9e4d","0","2a","0","35.560344827586206"
"6f2e2139-b4e8-4092-8b40-a79c691b9e4d","0","2a","1","37.51823803237685"
"6f2e2139-b4e8-4092-8b40-a79c691b9e4d","0","2a","2","32.025438646300614"
"6f2e2139-b4e8-4092-8b40-a79c691b9e4d","0","2a","3","43.666136001819424"
"6f2e2139-b4e8-4092-8b40-a79c691b9e4d","0","2a","4","36.452486297299075"
"6f2e2139-b4e8-4092-8b40-a79c691b9e4d","0","2a","5","41.66666666666667"
"6f2e2139-b4e8-4092-8b40-a79c691b9e4d","0","2a","6","33.79139445821131"
"6f2e2139-b4e8-4092-8b40-a79c691b9e4d","0","2a","7","31.082592570789426"
"6f2e2139-b4e8-4092-8b40-a79c691b9e4d","0","2a","8","39.36846421980726"
"6f2e2139-b4e8-4092-8b40-a79c691b9e4d","0","2a","9","32.90676416819012"
"6f2e2139-b4e8-4092-8b40-a79c691b9e4d","0","2a","10","40.6905055487053"
"6f2e2139-b4e8-4092-8b40-a79c691b9e4d","0","2a","11","40.6905055487053"
"6f2e2139-b4e8-4092-8b40-a79c691b9e4d","1","2a","0","37.789119339776306"
"6f2e2139-b4e8-4092-8b40-a79c691b9e4d","1","2a","1","39.053254437869825"
"6f2e2139-b4e8-4092-8b40-a79c691b9e4d","1","2a","2","43.70137394471114"
"6f2e2139-b4e8-4092-8b40-a79c691b9e4d","1","2a","3","47.151277013752456"
"6f2e2139-b4e8-4092-8b40-a79c691b9e4d","1","2a","4","7.115511040643489"
"6f2e2139-b4e8-4092-8b40-a79c691b9e4d","1","2a","5","51.968503937007874"
"6f2e2139-b4e8-4092-8b40-a79c691b9e4d","1","2a","6","28.69253342028041"
"6f2e2139-b4e8-4092-8b40-a79c691b9e4d","1","2a","7","47.20884487553415"
"6f2e2139-b4e8-4092-8b40-a79c691b9e4d","1","2a","8","47.384007897334655"
"6f2e2139-b4e8-4092-8b40-a79c691b9e4d","1","2a","9","41.29572828607765"
"6f2e2139-b4e8-4092-8b40-a79c691b9e4d","1","2a","10","41.29572828607765"
"6f2e2139-b4e8-4092-8b40-a79c691b9e4d","2","2a","0","19.50162513542795"
"6f2e2139-b4e8-4092-8b40-a79c691b9e4d","2","2a","1","18.158682119888574"
"6f2e2139-b4e8-4092-8b40-a79c691b9e4d","2","2a","2","25.848142164781912"
"6f2e2139-b4e8-4092-8b40-a79c691b9e4d","2","2a","3","26.9814502529511"
"6f2e2139-b4e8-4092-8b40-a79c691b9e4d","2","2a","4","30.452393733834366"
"6f2e2139-b4e8-4092-8b40-a79c691b9e4d","2","2a","5","23.441662226957913"
"6f2e2139-b4e8-4092-8b40-a79c691b9e4d","2","2a","6","34.93912122816305"
"6f2e2139-b4e8-4092-8b40-a79c691b9e4d","2","2a","7","33.244680851063826"
"6f2e2139-b4e8-4092-8b40-a79c691b9e4d","2","2a","8","25.838022999755324"
"6f2e2139-b4e8-4092-8b40-a79c691b9e4d","2","2a","9","25.659717159935855"
"6f2e2139-b4e8-4092-8b40-a79c691b9e4d","2","2a","10","25.659717159935855"
"74b61803-d2f8-4edc-8f94-6699f321d3a8","0","2a","0","40.045506257110354"
"74b61803-d2f8-4edc-8f94-6699f321d3a8","0","2a","1","55.09641873278237"
"74b61803-d2f8-4edc-8f94-6699f321d3a8","0","2a","2","38.5092261687696"
"74b61803-d2f8-4edc-8f94-6699f321d3a8","0","2a","3","37.8997236478484"
"74b61803-d2f8-4edc-8f94-6699f321d3a8","0","2a","4","53.04400241109103"
"74b61803-d2f8-4edc-8f94-6699f321d3a8","0","2a","5","51.44694533762058"
"74b61803-d2f8-4edc-8f94-6699f321d3a8","0","2a","6","50.82502426541957"
"74b61803-d2f8-4edc-8f94-6699f321d3a8","0","2a","7","52.139037433155075"
"74b61803-d2f8-4edc-8f94-6699f321d3a8","0","2a","8","43.83721779791043"
"74b61803-d2f8-4edc-8f94-6699f321d3a8","0","2a","9","39.49303270079127"
"74b61803-d2f8-4edc-8f94-6699f321d3a8","0","2a","10","39.49303270079127"
"74b61803-d2f8-4edc-8f94-6699f321d3a8","1","2a","0","0.5737253355152282"
"74b61803-d2f8-4edc-8f94-6699f321d3a8","1","2a","1","15.173527037933816"
"74b61803-d2f8-4edc-8f94-6699f321d3a8","1","2a","2","23.065042045649562"
"74b61803-d2f8-4edc-8f94-6699f321d3a8","1","2a","3","29.332681495966757"
"74b61803-d2f8-4edc-8f94-6699f321d3a8","1","2a","4","3.9918138889089763"
"74b61803-d2f8-4edc-8f94-6699f321d3a8","1","2a","5","30.892448512585812"
"74b61803-d2f8-4edc-8f94-6699f321d3a8","1","2a","6","9.391984926443946"
"74b61803-d2f8-4edc-8f94-6699f321d3a8","1","2a","7","38.62734954302466"
"74b61803-d2f8-4edc-8f94-6699f321d3a8","1","2a","8","15.706806282722514"
"74b61803-d2f8-4edc-8f94-6699f321d3a8","1","2a","9","13.43614016337125"
"74b61803-d2f8-4edc-8f94-6699f321d3a8","1","2a","10","13.43614016337125"
"74b61803-d2f8-4edc-8f94-6699f321d3a8","1","2a","11","12.100378136816778"
"74b61803-d2f8-4edc-8f94-6699f321d3a8","1","2a","12","10.59556786703601"
"74b61803-d2f8-4edc-8f94-6699f321d3a8","1","2a","13","12.629679747406405"
"74b61803-d2f8-4edc-8f94-6699f321d3a8","1","2a","14","7.787266050174772"
"74b61803-d2f8-4edc-8f94-6699f321d3a8","1","2a","15","9.575625680087052"
"74b61803-d2f8-4edc-8f94-6699f321d3a8","1","2a","16","2.282743096287372"
"74b61803-d2f8-4edc-8f94-6699f321d3a8","1","2a","17","41.37000674510979"
"74b61803-d2f8-4edc-8f94-6699f321d3a8","1","2a","18","38.272628691713976"
"74b61803-d2f8-4edc-8f94-6699f321d3a8","1","2a","19","14.857335809555968"
"74b61803-d2f8-4edc-8f94-6699f321d3a8","1","2a","20","30.922300561898286"
"74b61803-d2f8-4edc-8f94-6699f321d3a8","1","2a","21","30.336611719074664"
"76ceee13-0c73-46a3-9d3c-936d65b65283","0","2a","0","63.43726399827382"
"76ceee13-0c73-46a3-9d3c-936d65b65283","0","2a","1","71.56410951477366"
"76ceee13-0c73-46a3-9d3c-936d65b65283","0","2a","2","69.27517639512507"
"76ceee13-0c73-46a3-9d3c-936d65b65283","0","2a","3","64.43556443556443"
"76ceee13-0c73-46a3-9d3c-936d65b65283","0","2a","4","68.9470871191876"
"76ceee13-0c73-46a3-9d3c-936d65b65283","0","2a","5","68.58924395947"
"76ceee13-0c73-46a3-9d3c-936d65b65283","0","2a","6","73.33599043443603"
"76ceee13-0c73-46a3-9d3c-936d65b65283","0","2a","7","70.26143790849673"
"76ceee13-0c73-46a3-9d3c-936d65b65283","0","2a","8","64.68210216832047"
"76ceee13-0c73-46a3-9d3c-936d65b65283","0","2a","9","78.43137254901961"
"76ceee13-0c73-46a3-9d3c-936d65b65283","0","2a","10","78.43137254901961"
"76ceee13-0c73-46a3-9d3c-936d65b65283","1","2a","0","53.37809483843894"
"76ceee13-0c73-46a3-9d3c-936d65b65283","1","2a","1","57.46102449888641"
"76ceee13-0c73-46a3-9d3c-936d65b65283","1","2a","2","57.80453913849004"
"76ceee13-0c73-46a3-9d3c-936d65b65283","1","2a","3","57.98969072164948"
"76ceee13-0c73-46a3-9d3c-936d65b65283","1","2a","4","76.71721677074041"
"76ceee13-0c73-46a3-9d3c-936d65b65283","1","2a","5","69.76744186046511"
"76ceee13-0c73-46a3-9d3c-936d65b65283","1","2a","6","74.16990081931867"
"76ceee13-0c73-46a3-9d3c-936d65b65283","1","2a","7","70.20764024320295"
"76ceee13-0c73-46a3-9d3c-936d65b65283","1","2a","8","74.34087307304422"
"76ceee13-0c73-46a3-9d3c-936d65b65283","1","2a","9","68.46225288576358"
"76ceee13-0c73-46a3-9d3c-936d65b65283","1","2a","10","68.46225288576358"
"76ceee13-0c73-46a3-9d3c-936d65b65283","2","2a","0","68.40264282938206"
"76ceee13-0c73-46a3-9d3c-936d65b65283","2","2a","1","74.96731076565452"
"76ceee13-0c73-46a3-9d3c-936d65b65283","2","2a","2","73.43105165789099"
"76ceee13-0c73-46a3-9d3c-936d65b65283","2","2a","3","67.48833313389973"
"76ceee13-0c73-46a3-9d3c-936d65b65283","2","2a","4","85.31746031746032"
"76ceee13-0c73-46a3-9d3c-936d65b65283","2","2a","5","67.53682193749252"
"76ceee13-0c73-46a3-9d3c-936d65b65283","2","2a","6","71.95649142379027"
"76ceee13-0c73-46a3-9d3c-936d65b65283","2","2a","7","75.14198339886413"
"76ceee13-0c73-46a3-9d3c-936d65b65283","2","2a","8","66.69251647925552"
"76ceee13-0c73-46a3-9d3c-936d65b65283","2","2a","9","64.03415154749199"
"76ceee13-0c73-46a3-9d3c-936d65b65283","2","2a","10","64.03415154749199"
"78274e72-031c-4168-bb19-ef98352003a6","0","2a","0","38.297872340425535"
"78274e72-031c-4168-bb19-ef98352003a6","0","2a","1","35.04436706728069"
"78274e72-031c-4168-bb19-ef98352003a6","0","2a","2","41.07031736154325"
"78274e72-031c-4168-bb19-ef98352003a6","0","2a","3","42.69771955361475"
"78274e72-031c-4168-bb19-ef98352003a6","0","2a","4","38.34132110856428"
"78274e72-031c-4168-bb19-ef98352003a6","0","2a","5","34.802345375449214"
"78274e72-031c-4168-bb19-ef98352003a6","0","2a","6","34.33476394849785"
"78274e72-031c-4168-bb19-ef98352003a6","0","2a","7","36.16352201257861"
"78274e72-031c-4168-bb19-ef98352003a6","0","2a","8","42.63910199467011"
"78274e72-031c-4168-bb19-ef98352003a6","0","2a","9","42.98336384621508"
"78274e72-031c-4168-bb19-ef98352003a6","0","2a","10","42.98336384621508"
"78274e72-031c-4168-bb19-ef98352003a6","1","2a","0","41.78019981834695"
"78274e72-031c-4168-bb19-ef98352003a6","1","2a","1","41.795043536503684"
"78274e72-031c-4168-bb19-ef98352003a6","1","2a","2","41.14392581625497"
"78274e72-031c-4168-bb19-ef98352003a6","1","2a","3","41.12957305714924"
"78274e72-031c-4168-bb19-ef98352003a6","1","2a","4","43.10555963752143"
"78274e72-031c-4168-bb19-ef98352003a6","1","2a","5","42.63565891472869"
"78274e72-031c-4168-bb19-ef98352003a6","1","2a","6","46.791917759659704"
"78274e72-031c-4168-bb19-ef98352003a6","1","2a","7","44.243338360985426"
"78274e72-031c-4168-bb19-ef98352003a6","1","2a","8","34.60598081624977"
"78274e72-031c-4168-bb19-ef98352003a6","1","2a","9","38.27751196172249"
"78274e72-031c-4168-bb19-ef98352003a6","1","2a","10","38.27751196172249"
"78274e72-031c-4168-bb19-ef98352003a6","2","2a","0","40.20406609304805"
"78274e72-031c-4168-bb19-ef98352003a6","2","2a","1","40.76721636350768"
"78274e72-031c-4168-bb19-ef98352003a6","2","2a","2","43.15135665250082"
"78274e72-031c-4168-bb19-ef98352003a6","2","2a","3","45.774647887323944"
"78274e72-031c-4168-bb19-ef98352003a6","2","2a","4","41.91474160514409"
"78274e72-031c-4168-bb19-ef98352003a6","2","2a","5","42.59724892767342"
"78274e72-031c-4168-bb19-ef98352003a6","2","2a","6","47.07560627674751"
"78274e72-031c-4168-bb19-ef98352003a6","2","2a","7","52.096157584397076"
"78274e72-031c-4168-bb19-ef98352003a6","2","2a","8","49.46599213041035"
"78274e72-031c-4168-bb19-ef98352003a6","2","2a","9","44.241404183698"
"78274e72-031c-4168-bb19-ef98352003a6","2","2a","10","44.241404183698"
"7f51dfb9-2994-446b-b18f-be0095e0e0a8","0","2a","0","70.23274806043283"
"7f51dfb9-2994-446b-b18f-be0095e0e0a8","0","2a","1","77.88979422731667"
"7f51dfb9-2994-446b-b18f-be0095e0e0a8","0","2a","2","80.49093763379477"
"7f51dfb9-2994-446b-b18f-be0095e0e0a8","0","2a","3","88.14485821660404"
"7f51dfb9-2994-446b-b18f-be0095e0e0a8","0","2a","4","88.0033208800332"
"7f51dfb9-2994-446b-b18f-be0095e0e0a8","0","2a","5","77.75768535262206"
"7f51dfb9-2994-446b-b18f-be0095e0e0a8","0","2a","6","86.07172643869892"
"7f51dfb9-2994-446b-b18f-be0095e0e0a8","0","2a","7","72.39612976664769"
"7f51dfb9-2994-446b-b18f-be0095e0e0a8","0","2a","8","84.16245310716033"
"7f51dfb9-2994-446b-b18f-be0095e0e0a8","0","2a","9","69.3025322079076"
"7f51dfb9-2994-446b-b18f-be0095e0e0a8","0","2a","10","69.3025322079076"
"7f51dfb9-2994-446b-b18f-be0095e0e0a8","1","2a","0","82.1917808219178"
"7f51dfb9-2994-446b-b18f-be0095e0e0a8","1","2a","1","78.53219586303611"
"7f51dfb9-2994-446b-b18f-be0095e0e0a8","1","2a","2","82.51785241999471"
"7f51dfb9-2994-446b-b18f-be0095e0e0a8","1","2a","3","62.26757761826515"
"7f51dfb9-2994-446b-b18f-be0095e0e0a8","1","2a","4","79.32136168337557"
"7f51dfb9-2994-446b-b18f-be0095e0e0a8","1","2a","5","72.97605473204105"
"7f51dfb9-2994-446b-b18f-be0095e0e0a8","1","2a","6","74.52364149611857"
"7f51dfb9-2994-446b-b18f-be0095e0e0a8","1","2a","7","69.12804399057346"
"7f51dfb9-2994-446b-b18f-be0095e0e0a8","1","2a","8","75.03991484832358"
"7f51dfb9-2994-446b-b18f-be0095e0e0a8","1","2a","9","86.17594254937164"
"7f51dfb9-2994-446b-b18f-be0095e0e0a8","1","2a","10","86.17594254937164"
"9a28ea73-1f26-4647-a236-ccf56a82f33b","0","2a","0","114.23626135871919"
"9a28ea73-1f26-4647-a236-ccf56a82f33b","0","2a","1","92.217135382603"
"9a28ea73-1f26-4647-a236-ccf56a82f33b","0","2a","2","112.1008038235933"
"9a28ea73-1f26-4647-a236-ccf56a82f33b","0","2a","3","123.56321839080461"
"9a28ea73-1f26-4647-a236-ccf56a82f33b","0","2a","4","130.69908814589667"
"9a28ea73-1f26-4647-a236-ccf56a82f33b","0","2a","5","113.55633802816901"
"9a28ea73-1f26-4647-a236-ccf56a82f33b","0","2a","6","128.2306163021869"
"9a28ea73-1f26-4647-a236-ccf56a82f33b","0","2a","7","123.41545084907916"
"9a28ea73-1f26-4647-a236-ccf56a82f33b","0","2a","8","127.21893491124261"
"9a28ea73-1f26-4647-a236-ccf56a82f33b","0","2a","9","123.2974910394265"
"9a28ea73-1f26-4647-a236-ccf56a82f33b","0","2a","10","113.78002528445006"
"9a28ea73-1f26-4647-a236-ccf56a82f33b","0","2a","11","107.70533446232007"
"9a28ea73-1f26-4647-a236-ccf56a82f33b","0","2a","12","107.70533446232007"
"9a28ea73-1f26-4647-a236-ccf56a82f33b","1","2a","0","104.15094339622641"
"9a28ea73-1f26-4647-a236-ccf56a82f33b","1","2a","1","106.09888127029954"
"9a28ea73-1f26-4647-a236-ccf56a82f33b","1","2a","2","85.29250956806999"
"9a28ea73-1f26-4647-a236-ccf56a82f33b","1","2a","3","111.47116007777058"
"9a28ea73-1f26-4647-a236-ccf56a82f33b","1","2a","4","83.17781924820048"
"9a28ea73-1f26-4647-a236-ccf56a82f33b","1","2a","5","108.35783284334313"
"9a28ea73-1f26-4647-a236-ccf56a82f33b","1","2a","6","120.3377902885292"
"9a28ea73-1f26-4647-a236-ccf56a82f33b","1","2a","7","130.53377181887174"
"9a28ea73-1f26-4647-a236-ccf56a82f33b","1","2a","8","103.3283656234476"
"9a28ea73-1f26-4647-a236-ccf56a82f33b","1","2a","9","117.86203746002741"
"9a28ea73-1f26-4647-a236-ccf56a82f33b","1","2a","10","117.86203746002741"
"9a28ea73-1f26-4647-a236-ccf56a82f33b","2","2a","0","118.591723285979"
"9a28ea73-1f26-4647-a236-ccf56a82f33b","2","2a","1","127.3209549071618"
"9a28ea73-1f26-4647-a236-ccf56a82f33b","2","2a","2","121.82741116751271"
"9a28ea73-1f26-4647-a236-ccf56a82f33b","2","2a","3","128.87478642909446"
"9a28ea73-1f26-4647-a236-ccf56a82f33b","2","2a","4","134.41955193482687"
"9a28ea73-1f26-4647-a236-ccf56a82f33b","2","2a","5","122.56267409470753"
"9a28ea73-1f26-4647-a236-ccf56a82f33b","2","2a","6","110.31859248692345"
"9a28ea73-1f26-4647-a236-ccf56a82f33b","2","2a","7","128.3422459893048"
"9a28ea73-1f26-4647-a236-ccf56a82f33b","2","2a","8","112.3244929797192"
"9a28ea73-1f26-4647-a236-ccf56a82f33b","2","2a","9","121.82741116751271"
"9a28ea73-1f26-4647-a236-ccf56a82f33b","2","2a","10","121.82741116751271"
"a11b642e-75bc-4ae8-bb00-cbff9c3b2e88","0","2a","0","19.325118909404143"
"a11b642e-75bc-4ae8-bb00-cbff9c3b2e88","0","2a","1","20.812125325189456"
"a11b642e-75bc-4ae8-bb00-cbff9c3b2e88","0","2a","2","22.042967814072355"
"a11b642e-75bc-4ae8-bb00-cbff9c3b2e88","0","2a","3","21.851591275917727"
"a11b642e-75bc-4ae8-bb00-cbff9c3b2e88","0","2a","4","20.382541909755556"
"a11b642e-75bc-4ae8-bb00-cbff9c3b2e88","0","2a","5","23.800937612693833"
"a11b642e-75bc-4ae8-bb00-cbff9c3b2e88","0","2a","6","22.262512122106507"
"a11b642e-75bc-4ae8-bb00-cbff9c3b2e88","0","2a","7","24.36225615676582"
"a11b642e-75bc-4ae8-bb00-cbff9c3b2e88","0","2a","8","24.242424242424246"
"a11b642e-75bc-4ae8-bb00-cbff9c3b2e88","0","2a","9","23.33742020039741"
"a11b642e-75bc-4ae8-bb00-cbff9c3b2e88","0","2a","10","23.33742020039741"
"a11b642e-75bc-4ae8-bb00-cbff9c3b2e88","1","2a","0","25.5863539445629"
"a11b642e-75bc-4ae8-bb00-cbff9c3b2e88","1","2a","1","27.099505998588565"
"a11b642e-75bc-4ae8-bb00-cbff9c3b2e88","1","2a","2","30.90972953986653"
"a11b642e-75bc-4ae8-bb00-cbff9c3b2e88","1","2a","3","26.63169575305155"
"a11b642e-75bc-4ae8-bb00-cbff9c3b2e88","1","2a","4","29.942157196325283"
"a11b642e-75bc-4ae8-bb00-cbff9c3b2e88","1","2a","5","29.170850288009298"
"a11b642e-75bc-4ae8-bb00-cbff9c3b2e88","1","2a","6","29.749393694421983"
"a11b642e-75bc-4ae8-bb00-cbff9c3b2e88","1","2a","7","27.019420208274695"
"a11b642e-75bc-4ae8-bb00-cbff9c3b2e88","1","2a","8","34.446764091858036"
"a11b642e-75bc-4ae8-bb00-cbff9c3b2e88","1","2a","9","29.516994633273708"
"a11b642e-75bc-4ae8-bb00-cbff9c3b2e88","1","2a","10","29.516994633273708"
"a11b642e-75bc-4ae8-bb00-cbff9c3b2e88","2","2a","0","20.717933961585498"
"a11b642e-75bc-4ae8-bb00-cbff9c3b2e88","2","2a","1","25.441305249573674"
"a11b642e-75bc-4ae8-bb00-cbff9c3b2e88","2","2a","2","32.6995726760389"
"a11b642e-75bc-4ae8-bb00-cbff9c3b2e88","2","2a","3","31.368821292775664"
"a11b642e-75bc-4ae8-bb00-cbff9c3b2e88","2","2a","4","33.977594484796256"
"a11b642e-75bc-4ae8-bb00-cbff9c3b2e88","2","2a","5","29.002259233962064"
"a11b642e-75bc-4ae8-bb00-cbff9c3b2e88","2","2a","6","30.956848030018765"
"a11b642e-75bc-4ae8-bb00-cbff9c3b2e88","2","2a","7","27.30375426621161"
"a11b642e-75bc-4ae8-bb00-cbff9c3b2e88","2","2a","8","29.438001784121322"
"a11b642e-75bc-4ae8-bb00-cbff9c3b2e88","2","2a","9","32.48631021965176"
"a11b642e-75bc-4ae8-bb00-cbff9c3b2e88","2","2a","10","32.48631021965176"
"a6507dfb-3bf3-4007-bc5f-0e74cb0809d5","0","2a","0","64.3965264903893"
"a6507dfb-3bf3-4007-bc5f-0e74cb0809d5","0","2a","1","57.72966971967805"
"a6507dfb-3bf3-4007-bc5f-0e74cb0809d5","0","2a","2","52.3538961038961"
"a6507dfb-3bf3-4007-bc5f-0e74cb0809d5","0","2a","3","45.92784375527664"
"a6507dfb-3bf3-4007-bc5f-0e74cb0809d5","0","2a","4","48.45505617977528"
"a6507dfb-3bf3-4007-bc5f-0e74cb0809d5","0","2a","5","59.994231323911166"
"a6507dfb-3bf3-4007-bc5f-0e74cb0809d5","0","2a","6","56.76198666953344"
"a6507dfb-3bf3-4007-bc5f-0e74cb0809d5","0","2a","7","64.20097697138868"
"a6507dfb-3bf3-4007-bc5f-0e74cb0809d5","0","2a","8","67.86050895381716"
"a6507dfb-3bf3-4007-bc5f-0e74cb0809d5","0","2a","9","46.174739701222265"
"a6507dfb-3bf3-4007-bc5f-0e74cb0809d5","0","2a","10","46.174739701222265"
"a6507dfb-3bf3-4007-bc5f-0e74cb0809d5","1","2a","0","58.71715774917561"
"a6507dfb-3bf3-4007-bc5f-0e74cb0809d5","1","2a","1","55.42268041237113"
"a6507dfb-3bf3-4007-bc5f-0e74cb0809d5","1","2a","2","57.58729108058911"
"a6507dfb-3bf3-4007-bc5f-0e74cb0809d5","1","2a","3","62.140391254315304"
"a6507dfb-3bf3-4007-bc5f-0e74cb0809d5","1","2a","4","73.97893655278705"
"a6507dfb-3bf3-4007-bc5f-0e74cb0809d5","1","2a","5","66.34832872581052"
"a6507dfb-3bf3-4007-bc5f-0e74cb0809d5","1","2a","6","65.58191529002609"
"a6507dfb-3bf3-4007-bc5f-0e74cb0809d5","1","2a","7","62.24627875507443"
"a6507dfb-3bf3-4007-bc5f-0e74cb0809d5","1","2a","8","59.335698161883265"
"a6507dfb-3bf3-4007-bc5f-0e74cb0809d5","1","2a","9","59.335698161883265"
"a6507dfb-3bf3-4007-bc5f-0e74cb0809d5","1","2a","10","69.23076923076923"
"a6507dfb-3bf3-4007-bc5f-0e74cb0809d5","1","2a","11","69.23076923076923"
"a6507dfb-3bf3-4007-bc5f-0e74cb0809d5","2","2a","0","75.47169811320754"
"a6507dfb-3bf3-4007-bc5f-0e74cb0809d5","2","2a","1","68.66059817945384"
"a6507dfb-3bf3-4007-bc5f-0e74cb0809d5","2","2a","2","78.62993298585258"
"a6507dfb-3bf3-4007-bc5f-0e74cb0809d5","2","2a","3","69.78588421887392"
"a6507dfb-3bf3-4007-bc5f-0e74cb0809d5","2","2a","4","72.67754224870568"
"a6507dfb-3bf3-4007-bc5f-0e74cb0809d5","2","2a","5","74.11566535654127"
"a6507dfb-3bf3-4007-bc5f-0e74cb0809d5","2","2a","6","67.88866259334692"
"a6507dfb-3bf3-4007-bc5f-0e74cb0809d5","2","2a","7","78.44302481057794"
"a6507dfb-3bf3-4007-bc5f-0e74cb0809d5","2","2a","8","80.43875685557587"
"a6507dfb-3bf3-4007-bc5f-0e74cb0809d5","2","2a","9","61.54547526783679"
"a6507dfb-3bf3-4007-bc5f-0e74cb0809d5","2","2a","10","61.54547526783679"
"b5efef81-d69e-4e71-8b5e-6e4b1aaa82cc","0","2a","0","71.09542417748645"
"b5efef81-d69e-4e71-8b5e-6e4b1aaa82cc","0","2a","1","63.382427628237686"
"b5efef81-d69e-4e71-8b5e-6e4b1aaa82cc","0","2a","2","59.76320240556286"
"b5efef81-d69e-4e71-8b5e-6e4b1aaa82cc","0","2a","3","49.9599679743795"
"b5efef81-d69e-4e71-8b5e-6e4b1aaa82cc","0","2a","4","77.90100081146876"
"b5efef81-d69e-4e71-8b5e-6e4b1aaa82cc","0","2a","5","73.72328170997055"
"b5efef81-d69e-4e71-8b5e-6e4b1aaa82cc","0","2a","6","86.22357330385519"
"b5efef81-d69e-4e71-8b5e-6e4b1aaa82cc","0","2a","7","68.29447402239765"
"b5efef81-d69e-4e71-8b5e-6e4b1aaa82cc","0","2a","8","75.27025223541973"
"b5efef81-d69e-4e71-8b5e-6e4b1aaa82cc","0","2a","9","81.47745790331342"
"b5efef81-d69e-4e71-8b5e-6e4b1aaa82cc","0","2a","10","72.8335393953018"
"b5efef81-d69e-4e71-8b5e-6e4b1aaa82cc","1","2a","0","78.65168539325843"
"b5efef81-d69e-4e71-8b5e-6e4b1aaa82cc","1","2a","1","71.96597971867844"
"b5efef81-d69e-4e71-8b5e-6e4b1aaa82cc","1","2a","2","81.4804952735987"
"b5efef81-d69e-4e71-8b5e-6e4b1aaa82cc","1","2a","3","75.5608028335301"
"b5efef81-d69e-4e71-8b5e-6e4b1aaa82cc","1","2a","4","78.3132530120482"
"b5efef81-d69e-4e71-8b5e-6e4b1aaa82cc","1","2a","5","73.55242566510172"
"b5efef81-d69e-4e71-8b5e-6e4b1aaa82cc","1","2a","6","75.85523054040654"
"b5efef81-d69e-4e71-8b5e-6e4b1aaa82cc","1","2a","7","76.90209980910826"
"b5efef81-d69e-4e71-8b5e-6e4b1aaa82cc","1","2a","8","62.450383699391374"
"b5efef81-d69e-4e71-8b5e-6e4b1aaa82cc","1","2a","9","71.10438729198184"
"b5efef81-d69e-4e71-8b5e-6e4b1aaa82cc","1","2a","10","71.10438729198184"
"b5efef81-d69e-4e71-8b5e-6e4b1aaa82cc","2","2a","0","76.46356033452808"
"b5efef81-d69e-4e71-8b5e-6e4b1aaa82cc","2","2a","1","80.79719903043362"
"b5efef81-d69e-4e71-8b5e-6e4b1aaa82cc","2","2a","2","74.58866544789761"
"b5efef81-d69e-4e71-8b5e-6e4b1aaa82cc","2","2a","3","88.9664195377235"
"b5efef81-d69e-4e71-8b5e-6e4b1aaa82cc","2","2a","4","76.89227072486985"
"b5efef81-d69e-4e71-8b5e-6e4b1aaa82cc","2","2a","5","81.26410835214446"
"b5efef81-d69e-4e71-8b5e-6e4b1aaa82cc","2","2a","6","65.37282941777323"
"b5efef81-d69e-4e71-8b5e-6e4b1aaa82cc","2","2a","7","83.5509138381201"
"b5efef81-d69e-4e71-8b5e-6e4b1aaa82cc","2","2a","8","91.08159392789373"
"b5efef81-d69e-4e71-8b5e-6e4b1aaa82cc","2","2a","9","75.7193336698637"
"b5efef81-d69e-4e71-8b5e-6e4b1aaa82cc","2","2a","10","75.7193336698637"
"bafdabe2-8b49-434a-aaf3-b06d61906024","0","2a","0","44.83314935891993"
"bafdabe2-8b49-434a-aaf3-b06d61906024","0","2a","1","40.10025062656642"
"bafdabe2-8b49-434a-aaf3-b06d61906024","0","2a","2","35.23329290866152"
"bafdabe2-8b49-434a-aaf3-b06d61906024","0","2a","3","40.84411164057182"
"bafdabe2-8b49-434a-aaf3-b06d61906024","0","2a","4","42.22766217870257"
"bafdabe2-8b49-434a-aaf3-b06d61906024","0","2a","5","49.0843171888073"
"bafdabe2-8b49-434a-aaf3-b06d61906024","0","2a","6","40.449438202247194"
"bafdabe2-8b49-434a-aaf3-b06d61906024","0","2a","7","46.55674102812804"
"bafdabe2-8b49-434a-aaf3-b06d61906024","0","2a","8","51.55243116578794"
"bafdabe2-8b49-434a-aaf3-b06d61906024","0","2a","9","49.1208484510187"
"bafdabe2-8b49-434a-aaf3-b06d61906024","0","2a","10","49.1208484510187"
"bafdabe2-8b49-434a-aaf3-b06d61906024","1","2a","0","40.750173651308174"
"bafdabe2-8b49-434a-aaf3-b06d61906024","1","2a","1","46.746347941567066"
"bafdabe2-8b49-434a-aaf3-b06d61906024","1","2a","2","49.316537121415166"
"bafdabe2-8b49-434a-aaf3-b06d61906024","1","2a","3","46.663720724701726"
"bafdabe2-8b49-434a-aaf3-b06d61906024","1","2a","4","36.65017408832692"
"bafdabe2-8b49-434a-aaf3-b06d61906024","1","2a","5","43.931555909271786"
"bafdabe2-8b49-434a-aaf3-b06d61906024","1","2a","6","47.56399669694467"
"bafdabe2-8b49-434a-aaf3-b06d61906024","1","2a","7","44.491013137744815"
"bafdabe2-8b49-434a-aaf3-b06d61906024","1","2a","8","49.31813936110593"
"bafdabe2-8b49-434a-aaf3-b06d61906024","1","2a","9","52.561882448813286"
"bafdabe2-8b49-434a-aaf3-b06d61906024","1","2a","10","52.561882448813286"
"e41db89e-c7b4-4c6c-9016-d89e258bf28b","0","2a","0","88.6931907532631"
"e41db89e-c7b4-4c6c-9016-d89e258bf28b","0","2a","1","86.29511824090721"
"e41db89e-c7b4-4c6c-9016-d89e258bf28b","0","2a","2","94.57092819614712"
"e41db89e-c7b4-4c6c-9016-d89e258bf28b","0","2a","3","87.22573697671288"
"e41db89e-c7b4-4c6c-9016-d89e258bf28b","0","2a","4","93.42748506246605"
"e41db89e-c7b4-4c6c-9016-d89e258bf28b","0","2a","5","88.90420399724327"
"e41db89e-c7b4-4c6c-9016-d89e258bf28b","0","2a","6","94.4535969247666"
"e41db89e-c7b4-4c6c-9016-d89e258bf28b","0","2a","7","104.7290440430282"
"e41db89e-c7b4-4c6c-9016-d89e258bf28b","0","2a","8","104.73537604456826"
"e41db89e-c7b4-4c6c-9016-d89e258bf28b","0","2a","9","87.4724529581285"
"e41db89e-c7b4-4c6c-9016-d89e258bf28b","0","2a","10","87.4724529581285"
"e41db89e-c7b4-4c6c-9016-d89e258bf28b","1","2a","0","98.65470852017938"
"e41db89e-c7b4-4c6c-9016-d89e258bf28b","1","2a","1","103.87566397796579"
"e41db89e-c7b4-4c6c-9016-d89e258bf28b","1","2a","2","100.8595988538682"
"e41db89e-c7b4-4c6c-9016-d89e258bf28b","1","2a","3","67.71835321277415"
"e41db89e-c7b4-4c6c-9016-d89e258bf28b","1","2a","4","95.2671755725191"
"e41db89e-c7b4-4c6c-9016-d89e258bf28b","1","2a","5","93.21175278622087"
"e41db89e-c7b4-4c6c-9016-d89e258bf28b","1","2a","6","88.53474988933156"
"e41db89e-c7b4-4c6c-9016-d89e258bf28b","1","2a","7","84.04040404040404"
"e41db89e-c7b4-4c6c-9016-d89e258bf28b","1","2a","8","83.81839348079161"
"e41db89e-c7b4-4c6c-9016-d89e258bf28b","1","2a","9","97.2808647187975"
"e41db89e-c7b4-4c6c-9016-d89e258bf28b","1","2a","10","97.2808647187975"
"e6404804-9a54-418a-a8f0-775592877cfe","0","2a","0","83.77983438869946"
"e6404804-9a54-418a-a8f0-775592877cfe","0","2a","1","92.47311827956989"
"e6404804-9a54-418a-a8f0-775592877cfe","0","2a","2","86.49602824360106"
"e6404804-9a54-418a-a8f0-775592877cfe","0","2a","3","77.8086542278682"
"e6404804-9a54-418a-a8f0-775592877cfe","0","2a","4","83.02739339169726"
"e6404804-9a54-418a-a8f0-775592877cfe","0","2a","5","87.54665761791652"
"e6404804-9a54-418a-a8f0-775592877cfe","0","2a","6","99.90319457889642"
"e6404804-9a54-418a-a8f0-775592877cfe","0","2a","7","94.83773331091307"
"e6404804-9a54-418a-a8f0-775592877cfe","0","2a","8","83.09218685407193"
"e6404804-9a54-418a-a8f0-775592877cfe","0","2a","9","99.47946790052053"
"e6404804-9a54-418a-a8f0-775592877cfe","0","2a","10","99.47946790052053"
"e6404804-9a54-418a-a8f0-775592877cfe","1","2a","0","101.50790731886723"
"e6404804-9a54-418a-a8f0-775592877cfe","1","2a","1","101.50790731886723"
"e6404804-9a54-418a-a8f0-775592877cfe","1","2a","2","97.93253536452666"
"e6404804-9a54-418a-a8f0-775592877cfe","1","2a","3","81.77496038034865"
"e6404804-9a54-418a-a8f0-775592877cfe","1","2a","4","110.44520547945204"
"e6404804-9a54-418a-a8f0-775592877cfe","1","2a","5","101.9158601619593"
"e6404804-9a54-418a-a8f0-775592877cfe","1","2a","6","112.71297509829618"
"e6404804-9a54-418a-a8f0-775592877cfe","1","2a","7","115.77294144043077"
"e6404804-9a54-418a-a8f0-775592877cfe","1","2a","8","90.73359073359075"
"e6404804-9a54-418a-a8f0-775592877cfe","1","2a","9","73.75034143676592"
"e6404804-9a54-418a-a8f0-775592877cfe","1","2a","10","83.94495412844036"
"e6404804-9a54-418a-a8f0-775592877cfe","2","2a","0","90.23687178844466"
"e6404804-9a54-418a-a8f0-775592877cfe","2","2a","1","81.25577100646353"
"e6404804-9a54-418a-a8f0-775592877cfe","2","2a","2","91.25475285171103"
"e6404804-9a54-418a-a8f0-775592877cfe","2","2a","3","95.03239740820734"
"e6404804-9a54-418a-a8f0-775592877cfe","2","2a","4","67.33349597462795"
"e6404804-9a54-418a-a8f0-775592877cfe","2","2a","5","106.50887573964496"
"e6404804-9a54-418a-a8f0-775592877cfe","2","2a","6","106.21605310802657"
"e6404804-9a54-418a-a8f0-775592877cfe","2","2a","7","92.24598930481284"
"e6404804-9a54-418a-a8f0-775592877cfe","2","2a","8","105.64930300807043"
"e6404804-9a54-418a-a8f0-775592877cfe","2","2a","9","82.62610088070456"
"e861cdce-a713-40ab-82ac-4d9691788a19","0","2a","0","41.78475989958701"
"e861cdce-a713-40ab-82ac-4d9691788a19","0","2a","1","43.676993397663786"
"e861cdce-a713-40ab-82ac-4d9691788a19","0","2a","2","49.71098265895954"
"e861cdce-a713-40ab-82ac-4d9691788a19","0","2a","3","41.859333171087854"
"e861cdce-a713-40ab-82ac-4d9691788a19","0","2a","4","54.59739710083589"
"e861cdce-a713-40ab-82ac-4d9691788a19","0","2a","5","45.20763974066935"
"e861cdce-a713-40ab-82ac-4d9691788a19","0","2a","6","41.20397428404442"
"e861cdce-a713-40ab-82ac-4d9691788a19","0","2a","7","44.76446603626269"
"e861cdce-a713-40ab-82ac-4d9691788a19","0","2a","8","40.906928809259554"
"e861cdce-a713-40ab-82ac-4d9691788a19","0","2a","9","37.84969829950631"
"e861cdce-a713-40ab-82ac-4d9691788a19","0","2a","10","37.84969829950631"
"e861cdce-a713-40ab-82ac-4d9691788a19","1","2a","0","44.49810279406692"
"e861cdce-a713-40ab-82ac-4d9691788a19","1","2a","1","48.035747533047854"
"e861cdce-a713-40ab-82ac-4d9691788a19","1","2a","2","49.36854190585534"
"e861cdce-a713-40ab-82ac-4d9691788a19","1","2a","3","40.23391812865497"
"e861cdce-a713-40ab-82ac-4d9691788a19","1","2a","4","43.86636062229023"
"e861cdce-a713-40ab-82ac-4d9691788a19","1","2a","5","47.671840354767184"
"e861cdce-a713-40ab-82ac-4d9691788a19","1","2a","6","56.007815043959624"
"e861cdce-a713-40ab-82ac-4d9691788a19","1","2a","7","49.75124378109452"
"e861cdce-a713-40ab-82ac-4d9691788a19","1","2a","8","55.928896596574894"
"e861cdce-a713-40ab-82ac-4d9691788a19","1","2a","9","56.22752533507682"
"e861cdce-a713-40ab-82ac-4d9691788a19","1","2a","10","56.22752533507682"
"e861cdce-a713-40ab-82ac-4d9691788a19","2","2a","0","46.675712347354136"
"e861cdce-a713-40ab-82ac-4d9691788a19","2","2a","1","44.82950480883873"
"e861cdce-a713-40ab-82ac-4d9691788a19","2","2a","2","51.44053434353504"
"e861cdce-a713-40ab-82ac-4d9691788a19","2","2a","3","51.51757188498403"
"e861cdce-a713-40ab-82ac-4d9691788a19","2","2a","4","53.58811922317997"
"e861cdce-a713-40ab-82ac-4d9691788a19","2","2a","5","53.902873124841086"
"e861cdce-a713-40ab-82ac-4d9691788a19","2","2a","6","52.67778753292362"
"e861cdce-a713-40ab-82ac-4d9691788a19","2","2a","7","60.942482579426006"
"e861cdce-a713-40ab-82ac-4d9691788a19","2","2a","8","55.90465872156013"
"e861cdce-a713-40ab-82ac-4d9691788a19","2","2a","9","55.22260273972602"
"e861cdce-a713-40ab-82ac-4d9691788a19","2","2a","10","55.22260273972602"
"ea92f37c-6652-4339-b685-7ae99d5f272f","0","2a","0","50.7583539790924"
"ea92f37c-6652-4339-b685-7ae99d5f272f","0","2a","1","62.61364534745829"
"ea92f37c-6652-4339-b685-7ae99d5f272f","0","2a","2","60.86074481959136"
"ea92f37c-6652-4339-b685-7ae99d5f272f","0","2a","3","67.43846240305722"
"ea92f37c-6652-4339-b685-7ae99d5f272f","0","2a","4","67.62295081967214"
"ea92f37c-6652-4339-b685-7ae99d5f272f","0","2a","5","57.52887339289606"
"ea92f37c-6652-4339-b685-7ae99d5f272f","0","2a","6","63.42342342342342"
"ea92f37c-6652-4339-b685-7ae99d5f272f","0","2a","7","82.59033317691225"
"ea92f37c-6652-4339-b685-7ae99d5f272f","0","2a","8","64.62470548636823"
"ea92f37c-6652-4339-b685-7ae99d5f272f","0","2a","9","67.62680025046963"
"ea92f37c-6652-4339-b685-7ae99d5f272f","0","2a","10","59.5919248623556"
"ea92f37c-6652-4339-b685-7ae99d5f272f","1","2a","0","62.11869107043816"
"ea92f37c-6652-4339-b685-7ae99d5f272f","1","2a","1","60.913705583756354"
"ea92f37c-6652-4339-b685-7ae99d5f272f","1","2a","2","40.504924400055486"
"ea92f37c-6652-4339-b685-7ae99d5f272f","1","2a","3","40.79441760601181"
"ea92f37c-6652-4339-b685-7ae99d5f272f","1","2a","4","64.13539694911479"
"ea92f37c-6652-4339-b685-7ae99d5f272f","1","2a","5","79.36269352171954"
"ea92f37c-6652-4339-b685-7ae99d5f272f","1","2a","6","64.31964916555"
"ea92f37c-6652-4339-b685-7ae99d5f272f","1","2a","7","72.18045112781955"
"ea92f37c-6652-4339-b685-7ae99d5f272f","1","2a","8","65.90114827758363"
"ea92f37c-6652-4339-b685-7ae99d5f272f","1","2a","9","54.62970490204048"
"ea92f37c-6652-4339-b685-7ae99d5f272f","1","2a","10","54.62970490204048"
"ea92f37c-6652-4339-b685-7ae99d5f272f","2","2a","0","55.68962316688323"
"ea92f37c-6652-4339-b685-7ae99d5f272f","2","2a","1","33.8246520641259"
"ea92f37c-6652-4339-b685-7ae99d5f272f","2","2a","2","53.47117012743962"
"ea92f37c-6652-4339-b685-7ae99d5f272f","2","2a","3","33.78299120234604"
"ea92f37c-6652-4339-b685-7ae99d5f272f","2","2a","4","48.92966360856269"
"ea92f37c-6652-4339-b685-7ae99d5f272f","2","2a","5","59.289758106021615"
"ea92f37c-6652-4339-b685-7ae99d5f272f","2","2a","6","55.28361646991074"
"ea92f37c-6652-4339-b685-7ae99d5f272f","2","2a","7","55.922330097087375"
"ea92f37c-6652-4339-b685-7ae99d5f272f","2","2a","8","51.96604884808591"
"ea92f37c-6652-4339-b685-7ae99d5f272f","2","2a","9","62.37992993558594"
"ea92f37c-6652-4339-b685-7ae99d5f272f","2","2a","10","62.37992993558594"