"user","session","task","iteration","UD_qu!","UD_u!f","UD_!fa","UD_faB","UD_aB8","UD_B8*","UD_8*e","UD_*en"
"1060d17b-2e21-4a6b-90f1-f451764a20d0","0","1","0","3506","2778","2054","2154","1528","2175","2611","1347"
"1060d17b-2e21-4a6b-90f1-f451764a20d0","0","1","1","2115","2278","1767","2341","1931","2956","2942","1464"
"1060d17b-2e21-4a6b-90f1-f451764a20d0","0","1","2","4465","4769","4412","2432","1971","4323","4553","1083"
"1060d17b-2e21-4a6b-90f1-f451764a20d0","0","1","3","4975","4763","4365","2818","2247","2731","2391","1371"
"1060d17b-2e21-4a6b-90f1-f451764a20d0","0","1","4","2504","1978","1641","1834","1516","2693","2536","1194"
"1060d17b-2e21-4a6b-90f1-f451764a20d0","0","1","5","2942","2721","1904","1620","961","2181","2152","579"
"1060d17b-2e21-4a6b-90f1-f451764a20d0","0","1","6","3099","2681","1886","1246","1160","1400","1331","740"
"1060d17b-2e21-4a6b-90f1-f451764a20d0","0","1","7","2461","2255","2003","2784","2284","1581","1323","657"
"1060d17b-2e21-4a6b-90f1-f451764a20d0","0","1","8","5101","2201","1889","2650","2267","1952","1743","875"
"1060d17b-2e21-4a6b-90f1-f451764a20d0","0","1","9","2768","2457","1404","1775","1885","2408","2188","1082"
"1060d17b-2e21-4a6b-90f1-f451764a20d0","0","1","10","2768","2457","1404","1775","1885","2408","2188","1082"
"1060d17b-2e21-4a6b-90f1-f451764a20d0","1","1","0","2569","2743","2612","2536","1952","1655","1693","827"
"1060d17b-2e21-4a6b-90f1-f451764a20d0","1","1","1","1753","2062","1835","2133","1898","1201","1541","1196"
"1060d17b-2e21-4a6b-90f1-f451764a20d0","1","1","2","1359","2493","2215","4015","3155","2048","2727","1634"
"1060d17b-2e21-4a6b-90f1-f451764a20d0","1","1","3","2781","1944","1304","2116","1864","1344","1400","909"
"1060d17b-2e21-4a6b-90f1-f451764a20d0","1","1","4","2914","2792","2228","2787","2151","2442","2429","1189"
"1060d17b-2e21-4a6b-90f1-f451764a20d0","1","1","5","2416","2012","1507","1611","2576","2242","1598","1297"
"1060d17b-2e21-4a6b-90f1-f451764a20d0","1","1","6","1616","1571","1179","1531","1458","1261","1543","892"
"1060d17b-2e21-4a6b-90f1-f451764a20d0","1","1","7","1938","1702","1535","1815","1752","1645","1727","698"
"1060d17b-2e21-4a6b-90f1-f451764a20d0","1","1","8","1969","2188","1284","1682","1180","1138","1603","1184"
"1060d17b-2e21-4a6b-90f1-f451764a20d0","1","1","9","1892","1524","1513","1952","1483","1021","1444","986"
"1060d17b-2e21-4a6b-90f1-f451764a20d0","1","1","10","1892","1524","1513","1952","1483","1021","1444","986"
"1060d17b-2e21-4a6b-90f1-f451764a20d0","2","1","0","1509","987","732","1188","1116","1266","1221","738"
"1060d17b-2e21-4a6b-90f1-f451764a20d0","2","1","1","2036","1998","1501","909","1356","1619","1128","820"
"1060d17b-2e21-4a6b-90f1-f451764a20d0","2","1","2","1461","1180","982","2385","2523","1251","1243","720"
"1060d17b-2e21-4a6b-90f1-f451764a20d0","2","1","3","1278","1422","1122","1824","1364","1254","1217","778"
"1060d17b-2e21-4a6b-90f1-f451764a20d0","2","1","4","1133","1143","766","1842","1696","1268","1034","621"
"1060d17b-2e21-4a6b-90f1-f451764a20d0","2","1","5","1983","1436","1094","1393","1425","1552","1449","679"
"1060d17b-2e21-4a6b-90f1-f451764a20d0","2","1","6","1752","974","650","1026","1055","1155","1036","591"
"1060d17b-2e21-4a6b-90f1-f451764a20d0","2","1","7","1832","943","660","1005","953","1113","983","538"
"1060d17b-2e21-4a6b-90f1-f451764a20d0","2","1","8","1162","984","731","928","747","892","928","520"
"10f69cd9-1e5d-4e54-93e8-bfbae554d069","0","1","0","2895","1347","952","995","1089","1520","1385","633"
"10f69cd9-1e5d-4e54-93e8-bfbae554d069","0","1","1","2241","1273","928","1069","1889","2025","1856","757"
"10f69cd9-1e5d-4e54-93e8-bfbae554d069","0","1","2","975","1049","752","906","1496","1424","1187","671"
"10f69cd9-1e5d-4e54-93e8-bfbae554d069","0","1","3","2407","737","463","698","1304","1721","1932","1151"
"10f69cd9-1e5d-4e54-93e8-bfbae554d069","0","1","4","1640","656","546","681","1169","1227","1121","509"
"10f69cd9-1e5d-4e54-93e8-bfbae554d069","0","1","5","1145","1222","920","857","1193","1202","968","1577"
"10f69cd9-1e5d-4e54-93e8-bfbae554d069","0","1","6","871","753","503","899","1324","1136","1034","522"
"10f69cd9-1e5d-4e54-93e8-bfbae554d069","0","1","7","898","705","450","569","1073","2828","2832","919"
"10f69cd9-1e5d-4e54-93e8-bfbae554d069","0","1","8","926","1279","2008","1875","1433","3961","3953","984"
"10f69cd9-1e5d-4e54-93e8-bfbae554d069","0","1","9","1602","880","552","1069","2000","2259","2438","815"
"10f69cd9-1e5d-4e54-93e8-bfbae554d069","0","1","10","1602","880","552","1069","2000","2259","2438","815"
"10f69cd9-1e5d-4e54-93e8-bfbae554d069","1","1","0","1670","1467","792","893","1281","1361","1644","1097"
"10f69cd9-1e5d-4e54-93e8-bfbae554d069","1","1","1","1538","1148","817","920","1016","983","1184","725"
"10f69cd9-1e5d-4e54-93e8-bfbae554d069","1","1","2","6270","895","495","874","1343","1013","1284","744"
"10f69cd9-1e5d-4e54-93e8-bfbae554d069","1","1","3","2075","1337","973","1362","1239","993","1138","597"
"10f69cd9-1e5d-4e54-93e8-bfbae554d069","1","1","4","1774","792","582","801","997","2309","2533","831"
"10f69cd9-1e5d-4e54-93e8-bfbae554d069","1","1","5","1172","1234","839","1247","1344","1032","1314","814"
"10f69cd9-1e5d-4e54-93e8-bfbae554d069","1","1","6","1672","987","661","1326","1949","1275","1551","691"
"10f69cd9-1e5d-4e54-93e8-bfbae554d069","1","1","7","1002","788","480","552","1101","1632","1901","1324"
"10f69cd9-1e5d-4e54-93e8-bfbae554d069","1","1","8","949","851","449","592","1236","1079","1272","640"
"10f69cd9-1e5d-4e54-93e8-bfbae554d069","1","1","9","2004","938","530","868","1365","2914","3289","1666"
"10f69cd9-1e5d-4e54-93e8-bfbae554d069","1","1","10","2004","938","530","868","1365","2914","3289","1666"
"10f69cd9-1e5d-4e54-93e8-bfbae554d069","2","1","0","1666","1313","789","895","1263","1213","975","710"
"10f69cd9-1e5d-4e54-93e8-bfbae554d069","2","1","1","2295","1262","994","1176","1060","1408","1490","723"
"10f69cd9-1e5d-4e54-93e8-bfbae554d069","2","1","2","1583","1000","542","1249","1672","1192","1424","744"
"10f69cd9-1e5d-4e54-93e8-bfbae554d069","2","1","3","1146","1145","718","950","1222","1109","1022","626"
"10f69cd9-1e5d-4e54-93e8-bfbae554d069","2","1","4","1694","1396","1015","1257","1145","2176","2370","804"
"10f69cd9-1e5d-4e54-93e8-bfbae554d069","2","1","5","1491","800","585","913","1147","1201","1189","542"
"10f69cd9-1e5d-4e54-93e8-bfbae554d069","2","1","6","1019","835","450","801","1183","1112","1153","561"
"10f69cd9-1e5d-4e54-93e8-bfbae554d069","2","1","7","1004","636","442","968","1332","1232","1162","549"
"10f69cd9-1e5d-4e54-93e8-bfbae554d069","2","1","8","799","744","466","1057","1200","1118","915","1585"
"10f69cd9-1e5d-4e54-93e8-bfbae554d069","2","1","9","1640","729","556","632","932","1235","1169","580"
"10f69cd9-1e5d-4e54-93e8-bfbae554d069","2","1","10","1640","729","556","632","932","1235","1169","580"
"183e93f8-2ef0-4250-be77-b2d8a02c1033","0","1","0","1696","770","1445","1398","1687","1741","2585","1631"
"183e93f8-2ef0-4250-be77-b2d8a02c1033","0","1","1","2381","1576","1194","1144","1189","2088","2172","838"
"183e93f8-2ef0-4250-be77-b2d8a02c1033","0","1","2","1543","1234","869","679","703","1237","1377","702"
"183e93f8-2ef0-4250-be77-b2d8a02c1033","0","1","3","979","631","446","906","1180","1724","2118","836"
"183e93f8-2ef0-4250-be77-b2d8a02c1033","0","1","4","1018","666","489","769","6071","6002","877","483"
"183e93f8-2ef0-4250-be77-b2d8a02c1033","0","1","5","1355","909","639","948","1787","1413","693","947"
"183e93f8-2ef0-4250-be77-b2d8a02c1033","1","1","0","1503","719","415","751","765","2461","3463","1346"
"183e93f8-2ef0-4250-be77-b2d8a02c1033","1","1","1","925","636","474","604","721","798","919","538"
"183e93f8-2ef0-4250-be77-b2d8a02c1033","1","1","2","785","705","462","767","782","703","1099","862"
"183e93f8-2ef0-4250-be77-b2d8a02c1033","1","1","3","1888","1824","716","1037","827","798","890","450"
"183e93f8-2ef0-4250-be77-b2d8a02c1033","1","1","4","900","796","564","700","675","1493","1596","388"
"183e93f8-2ef0-4250-be77-b2d8a02c1033","1","1","5","836","707","446","982","1084","886","985","687"
"183e93f8-2ef0-4250-be77-b2d8a02c1033","1","1","6","1857","2232","926","853","674","750","890","634"
"183e93f8-2ef0-4250-be77-b2d8a02c1033","1","1","7","1011","1362","1098","901","809","690","822","539"
"183e93f8-2ef0-4250-be77-b2d8a02c1033","1","1","8","772","856","675","542","1711","1697","977","556"
"183e93f8-2ef0-4250-be77-b2d8a02c1033","2","1","0","986","943","571","662","644","991","1105","520"
"183e93f8-2ef0-4250-be77-b2d8a02c1033","2","1","1","760","552","703","801","3104","2984","697","447"
"24404d19-ec5c-4c88-a836-0dbbdd7fc2f6","0","1","0","1727","1155","766","1012","1376","1811","2398","1296"
"24404d19-ec5c-4c88-a836-0dbbdd7fc2f6","0","1","2","1671","892","593","954","1254","1253","1309","766"
"24404d19-ec5c-4c88-a836-0dbbdd7fc2f6","0","1","4","3975","1148","665","999","1154","1251","1535","871"
"24404d19-ec5c-4c88-a836-0dbbdd7fc2f6","0","1","5","2356","941","663","878","1127","1281","1408","747"
"24404d19-ec5c-4c88-a836-0dbbdd7fc2f6","0","1","8","1309","1176","853","1186","1319","1489","976","580"
"24404d19-ec5c-4c88-a836-0dbbdd7fc2f6","0","1","9","1341","1438","1244","1036","936","979","719","475"
"24404d19-ec5c-4c88-a836-0dbbdd7fc2f6","0","1","10","1719","789","551","530","1128","2027","1669","815"
"24404d19-ec5c-4c88-a836-0dbbdd7fc2f6","0","1","11","1719","789","551","530","1128","2027","1669","815"
"24404d19-ec5c-4c88-a836-0dbbdd7fc2f6","1","1","0","1343","713","439","786","1145","1277","1533","934"
"24404d19-ec5c-4c88-a836-0dbbdd7fc2f6","1","1","2","1201","658","430","812","814","885","850","561"
"24404d19-ec5c-4c88-a836-0dbbdd7fc2f6","1","1","7","1057","922","689","905","880","1031","1341","958"
"24404d19-ec5c-4c88-a836-0dbbdd7fc2f6","2","1","2","1191","677","429","827","850","887","944","664"
"24404d19-ec5c-4c88-a836-0dbbdd7fc2f6","2","1","6","1222","850","432","1357","1539","1207","878","1179"
"2e69a799-4e15-43aa-aadb-ef5c0013c6fe","0","1","0","3272","2968","2096","1655","1735","2938","3021","1533"
"2e69a799-4e15-43aa-aadb-ef5c0013c6fe","0","1","1","2239","1957","1725","1752","2145","8164","8234","1434"
"2e69a799-4e15-43aa-aadb-ef5c0013c6fe","0","1","2","1879","1301","1010","1349","2026","2463","2786","1837"
"2e69a799-4e15-43aa-aadb-ef5c0013c6fe","0","1","3","1281","1269","1099","1099","1677","3246","3127","1087"
"2e69a799-4e15-43aa-aadb-ef5c0013c6fe","0","1","4","1430","1133","1063","1217","1690","1828","1327","930"
"2e69a799-4e15-43aa-aadb-ef5c0013c6fe","0","1","6","2351","1929","1823","1056","1458","1481","1446","883"
"2e69a799-4e15-43aa-aadb-ef5c0013c6fe","0","1","7","1079","1157","804","869","1172","1180","1165","774"
"2e69a799-4e15-43aa-aadb-ef5c0013c6fe","0","1","8","1089","1362","1214","1577","2767","2430","1134","677"
"2e69a799-4e15-43aa-aadb-ef5c0013c6fe","0","1","9","1699","1028","860","1733","1833","1089","1055","671"
"2e69a799-4e15-43aa-aadb-ef5c0013c6fe","0","1","10","1699","1028","860","1733","1833","1089","1055","671"
"2e69a799-4e15-43aa-aadb-ef5c0013c6fe","1","1","1","1178","1600","1287","1434","1478","1420","1436","866"
"2e69a799-4e15-43aa-aadb-ef5c0013c6fe","1","1","2","4112","3611","1093","1266","1340","1377","1570","962"
"2e69a799-4e15-43aa-aadb-ef5c0013c6fe","1","1","3","3210","3002","973","976","2423","4815","3473","1041"
"2e69a799-4e15-43aa-aadb-ef5c0013c6fe","1","1","4","1174","1033","856","1468","1578","1141","1112","813"
"2e69a799-4e15-43aa-aadb-ef5c0013c6fe","1","1","5","1311","1368","996","1003","1166","1462","1392","610"
"2e69a799-4e15-43aa-aadb-ef5c0013c6fe","1","1","6","1140","1295","1002","949","1344","1324","1281","703"
"2e69a799-4e15-43aa-aadb-ef5c0013c6fe","1","1","7","1537","1456","1159","1389","1636","1631","1491","641"
"2e69a799-4e15-43aa-aadb-ef5c0013c6fe","1","1","8","1835","1945","1035","995","1488","1563","1291","620"
"2e69a799-4e15-43aa-aadb-ef5c0013c6fe","1","1","9","1037","1337","998","1232","1242","1466","1313","766"
"2e69a799-4e15-43aa-aadb-ef5c0013c6fe","1","1","10","1037","1337","998","1232","1242","1466","1313","766"
"2e69a799-4e15-43aa-aadb-ef5c0013c6fe","2","1","0","1047","950","684","612","4408","4777","1595","586"
"2e69a799-4e15-43aa-aadb-ef5c0013c6fe","2","1","2","858","1171","999","1237","1196","1233","1085","728"
"2e69a799-4e15-43aa-aadb-ef5c0013c6fe","2","1","4","1017","1036","718","663","2051","2246","1065","672"
"2e69a799-4e15-43aa-aadb-ef5c0013c6fe","2","1","5","1034","1079","775","939","1128","1131","976","2531"
"2e69a799-4e15-43aa-aadb-ef5c0013c6fe","2","1","6","1142","1227","894","855","1236","2195","2293","1210"
"2e69a799-4e15-43aa-aadb-ef5c0013c6fe","2","1","7","17443","1780","706","1211","1574","2193","1733","600"
"2e69a799-4e15-43aa-aadb-ef5c0013c6fe","2","1","8","1018","1172","916","949","1478","1645","1400","1923"
"2e69a799-4e15-43aa-aadb-ef5c0013c6fe","2","1","9","955","1090","744","1114","1223","1081","1299","752"
"2e69a799-4e15-43aa-aadb-ef5c0013c6fe","2","1","10","955","1090","744","1114","1223","1081","1299","752"
"43a2b7d3-9d57-4a08-a564-db94470b0320","0","1","0","3644","2666","2073","2474","2293","4125","4648","1705"
"43a2b7d3-9d57-4a08-a564-db94470b0320","0","1","1","3386","2523","1696","2141","1784","2761","3189","1370"
"43a2b7d3-9d57-4a08-a564-db94470b0320","0","1","2","3270","2083","1532","1905","1592","2519","2516","1322"
"43a2b7d3-9d57-4a08-a564-db94470b0320","0","1","3","3071","1468","1015","1520","1600","2152","2290","769"
"43a2b7d3-9d57-4a08-a564-db94470b0320","0","1","4","2503","1469","1032","1729","1846","1904","2652","1487"
"43a2b7d3-9d57-4a08-a564-db94470b0320","0","1","5","2453","1611","1797","2241","1960","1155","1353","1018"
"43a2b7d3-9d57-4a08-a564-db94470b0320","0","1","6","2736","1436","892","1627","2241","4795","5285","1172"
"43a2b7d3-9d57-4a08-a564-db94470b0320","0","1","7","2854","1518","908","1537","1609","1184","1305","726"
"43a2b7d3-9d57-4a08-a564-db94470b0320","0","1","8","2791","1588","992","1657","1618","1809","2092","1023"
"43a2b7d3-9d57-4a08-a564-db94470b0320","0","1","9","3283","1252","932","1408","1560","1224","1568","953"
"43a2b7d3-9d57-4a08-a564-db94470b0320","0","1","10","3283","1252","932","1408","1560","1224","1568","953"
"43a2b7d3-9d57-4a08-a564-db94470b0320","1","1","0","2906","1512","1208","1614","1549","1950","1996","798"
"43a2b7d3-9d57-4a08-a564-db94470b0320","1","1","1","1451","1505","1031","1585","1520","2069","2539","1236"
"43a2b7d3-9d57-4a08-a564-db94470b0320","1","1","2","1450","1441","949","1449","1288","1669","1773","749"
"43a2b7d3-9d57-4a08-a564-db94470b0320","1","1","3","2149","2090","1741","2118","1800","1669","2014","1017"
"43a2b7d3-9d57-4a08-a564-db94470b0320","1","1","4","3219","1551","1068","1497","1407","1177","1341","756"
"43a2b7d3-9d57-4a08-a564-db94470b0320","1","1","5","2740","1506","936","1553","1592","2109","2649","1433"
"43a2b7d3-9d57-4a08-a564-db94470b0320","1","1","6","2610","1586","833","1681","2785","2880","3374","1135"
"43a2b7d3-9d57-4a08-a564-db94470b0320","1","1","7","2784","2012","1152","1639","2630","2448","3073","1398"
"43a2b7d3-9d57-4a08-a564-db94470b0320","1","1","8","2540","2304","1435","1681","3867","3763","4076","725"
"43a2b7d3-9d57-4a08-a564-db94470b0320","1","1","9","3330","1317","909","1933","2138","1268","1702","889"
"43a2b7d3-9d57-4a08-a564-db94470b0320","1","1","10","3330","1317","909","1933","2138","1268","1702","889"
"43a2b7d3-9d57-4a08-a564-db94470b0320","2","1","0","3318","1381","1027","1552","1725","3261","4081","2588"
"43a2b7d3-9d57-4a08-a564-db94470b0320","2","1","1","3039","1706","1199","1678","2381","2644","3260","1425"
"43a2b7d3-9d57-4a08-a564-db94470b0320","2","1","2","3024","2139","1485","1912","1403","1899","1894","910"
"43a2b7d3-9d57-4a08-a564-db94470b0320","2","1","3","2894","1748","1182","1801","1641","1351","1378","798"
"43a2b7d3-9d57-4a08-a564-db94470b0320","2","1","4","2151","1562","1081","1409","1425","1916","1646","873"
"43a2b7d3-9d57-4a08-a564-db94470b0320","2","1","5","2969","1645","1214","1457","1366","1251","1459","958"
"43a2b7d3-9d57-4a08-a564-db94470b0320","2","1","6","1269","1139","904","1369","1535","1737","2037","1231"
"43a2b7d3-9d57-4a08-a564-db94470b0320","2","1","7","2461","1341","1080","1537","1401","1637","1719","665"
"43a2b7d3-9d57-4a08-a564-db94470b0320","2","1","8","2279","1803","1452","1839","1408","1661","1667","729"
"43a2b7d3-9d57-4a08-a564-db94470b0320","2","1","9","5901","1256","980","1401","1472","1264","930","641"
"43a2b7d3-9d57-4a08-a564-db94470b0320","2","1","10","5901","1256","980","1401","1472","1264","930","641"
"4dfc506d-5928-4039-b257-1767b88d3276","0","1","0","788","1547","1306","1961","1459","1730","1760","391"
"4dfc506d-5928-4039-b257-1767b88d3276","0","1","1","765","856","661","983","894","1489","1573","634"
"4dfc506d-5928-4039-b257-1767b88d3276","0","1","2","770","2862","2574","680","843","1001","1107","413"
"4dfc506d-5928-4039-b257-1767b88d3276","0","1","3","762","2297","2137","1027","1303","1191","994","484"
"4dfc506d-5928-4039-b257-1767b88d3276","1","1","0","719","960","804","736","616","1133","1221","305"
"4dfc506d-5928-4039-b257-1767b88d3276","1","1","3","647","786","3178","3170","872","742","1559","1241"
"4dfc506d-5928-4039-b257-1767b88d3276","1","1","4","693","702","498","724","2010","2080","962","660"
"4dfc506d-5928-4039-b257-1767b88d3276","1","1","6","777","729","651","608","588","6123","6566","853"
"4dfc506d-5928-4039-b257-1767b88d3276","1","1","8","702","718","555","428","700","928","2810","2523"
"5b834c47-8cef-4bdb-af3a-0fb64c36ff07","0","1","0","1117","1570","1110","1814","2299","1874","2072","753"
"5b834c47-8cef-4bdb-af3a-0fb64c36ff07","0","1","1","1159","1592","1109","2272","2260","2116","1637","782"
"5b834c47-8cef-4bdb-af3a-0fb64c36ff07","0","1","2","2059","2920","1866","3714","2932","1540","1676","581"
"5b834c47-8cef-4bdb-af3a-0fb64c36ff07","0","1","3","1234","2636","2078","2736","1666","1347","1502","564"
"5b834c47-8cef-4bdb-af3a-0fb64c36ff07","0","1","4","1149","2343","1841","2728","2192","2378","2432","670"
"5b834c47-8cef-4bdb-af3a-0fb64c36ff07","0","1","5","1765","2014","1470","1958","2050","1595","1770","718"
"5b834c47-8cef-4bdb-af3a-0fb64c36ff07","0","1","6","1228","1650","1121","1744","2082","1881","2221","1015"
"5b834c47-8cef-4bdb-af3a-0fb64c36ff07","0","1","7","1313","1777","1162","1753","1766","1590","1824","686"
"5b834c47-8cef-4bdb-af3a-0fb64c36ff07","0","1","8","1151","1535","1059","1744","1992","1526","1792","711"
"5b834c47-8cef-4bdb-af3a-0fb64c36ff07","0","1","9","1099","1141","699","1397","1377","967","1144","630"
"5b834c47-8cef-4bdb-af3a-0fb64c36ff07","0","1","10","1099","1141","699","1397","1377","967","1144","630"
"5b834c47-8cef-4bdb-af3a-0fb64c36ff07","1","1","0","1343","1585","1161","1905","1781","1600","1665","933"
"5b834c47-8cef-4bdb-af3a-0fb64c36ff07","1","1","1","1163","1647","1196","1759","1850","1612","1703","803"
"5b834c47-8cef-4bdb-af3a-0fb64c36ff07","1","1","2","1253","1723","1284","1965","2003","1404","1514","630"
"5b834c47-8cef-4bdb-af3a-0fb64c36ff07","1","1","3","1228","1785","1126","2256","2470","1644","1966","927"
"5b834c47-8cef-4bdb-af3a-0fb64c36ff07","1","1","4","1189","1427","827","1390","1481","1856","2164","711"
"5b834c47-8cef-4bdb-af3a-0fb64c36ff07","1","1","5","1193","1403","955","1698","1764","1311","1428","807"
"5b834c47-8cef-4bdb-af3a-0fb64c36ff07","1","1","6","1111","1261","875","1358","1623","1425","1630","769"
"5b834c47-8cef-4bdb-af3a-0fb64c36ff07","1","1","7","1788","2660","2066","2757","2407","2011","2225","726"
"5b834c47-8cef-4bdb-af3a-0fb64c36ff07","1","1","8","1436","1510","987","1406","1538","1412","1611","836"
"5b834c47-8cef-4bdb-af3a-0fb64c36ff07","1","1","9","1230","2166","1668","2056","1481","1306","1281","592"
"5b834c47-8cef-4bdb-af3a-0fb64c36ff07","1","1","10","1230","2166","1668","2056","1481","1306","1281","592"
"5b834c47-8cef-4bdb-af3a-0fb64c36ff07","2","1","0","1443","1859","1073","1672","1500","1134","1235","673"
"5b834c47-8cef-4bdb-af3a-0fb64c36ff07","2","1","1","1331","1871","1103","1714","1546","1109","1269","571"
"5b834c47-8cef-4bdb-af3a-0fb64c36ff07","2","1","2","2195","2655","1129","2743","3108","1507","1625","626"
"5b834c47-8cef-4bdb-af3a-0fb64c36ff07","2","1","3","1316","1697","1086","1871","2415","1990","2243","832"
"5b834c47-8cef-4bdb-af3a-0fb64c36ff07","2","1","4","1115","2013","1554","2247","2325","1750","1831","608"
"5b834c47-8cef-4bdb-af3a-0fb64c36ff07","2","1","5","1362","1853","1086","1705","2557","2181","2212","535"
"5b834c47-8cef-4bdb-af3a-0fb64c36ff07","2","1","6","1137","1820","1260","1788","2060","1723","1870","623"
"5b834c47-8cef-4bdb-af3a-0fb64c36ff07","2","1","7","1037","1674","1125","1707","4473","4830","2321","640"
"5b834c47-8cef-4bdb-af3a-0fb64c36ff07","2","1","8","1563","1938","1013","1574","2266","1745","1998","791"
"5b834c47-8cef-4bdb-af3a-0fb64c36ff07","2","1","9","1051","1447","874","1518","1663","1473","1221","535"
"5b834c47-8cef-4bdb-af3a-0fb64c36ff07","2","1","10","1051","1447","874","1518","1663","1473","1221","535"
"5bb2e225-97b1-4e34-ad76-4fe1249d664c","0","1","0","1080","992","698","868","934","1021","1471","1159"
"5bb2e225-97b1-4e34-ad76-4fe1249d664c","0","1","1","1080","992","698","868","934","1021","1471","1159"
"5bb2e225-97b1-4e34-ad76-4fe1249d664c","1","1","0","882","630","542","568","945","2520","2881","1177"
"5bb2e225-97b1-4e34-ad76-4fe1249d664c","1","1","2","984","824","811","780","1771","2309","1277","843"
"64d50c85-15cf-4c7f-a23e-29347123ef5f","0","1","11","5118","3746","1983","2741","3655","3524","4552","2019"
"64d50c85-15cf-4c7f-a23e-29347123ef5f","1","1","3","3491","2620","1406","1796","2112","2246","2639","1274"
"6f2e2139-b4e8-4092-8b40-a79c691b9e4d","0","1","1","3022","2486","1848","2687","1730","1817","2189","1523"
"6f2e2139-b4e8-4092-8b40-a79c691b9e4d","0","1","2","2412","1715","1703","2334","2194","2110","1858","1232"
"6f2e2139-b4e8-4092-8b40-a79c691b9e4d","0","1","3","2844","2761","2232","2527","2366","2709","3038","1712"
"6f2e2139-b4e8-4092-8b40-a79c691b9e4d","0","1","4","2090","1892","2039","2290","1709","1289","1997","1508"
"6f2e2139-b4e8-4092-8b40-a79c691b9e4d","0","1","5","1790","2498","2236","2093","1984","1982","2308","1073"
"6f2e2139-b4e8-4092-8b40-a79c691b9e4d","0","1","6","2063","1484","1535","2232","1783","1053","1383","1119"
"6f2e2139-b4e8-4092-8b40-a79c691b9e4d","0","1","7","1597","2498","2268","2192","1172","842","934","751"
"6f2e2139-b4e8-4092-8b40-a79c691b9e4d","0","1","8","885","1667","1385","2327","2389","1207","1270","754"
"6f2e2139-b4e8-4092-8b40-a79c691b9e4d","0","1","9","2631","2077","1737","2483","2531","1946","2184","825"
"6f2e2139-b4e8-4092-8b40-a79c691b9e4d","0","1","10","2631","2077","1737","2483","2531","1946","2184","825"
"6f2e2139-b4e8-4092-8b40-a79c691b9e4d","1","1","0","4669","3814","2113","2741","9523","9456","6520","2618"
"6f2e2139-b4e8-4092-8b40-a79c691b9e4d","1","1","1","1287","1734","1209","3180","3289","1878","2584","1844"
"6f2e2139-b4e8-4092-8b40-a79c691b9e4d","1","1","2","1577","1745","1014","1743","2016","1339","1854","1341"
"6f2e2139-b4e8-4092-8b40-a79c691b9e4d","1","1","3","1424","2174","1607","1846","924","1660","2706","3429"
"6f2e2139-b4e8-4092-8b40-a79c691b9e4d","1","1","5","2009","1708","1482","2292","1732","1268","1850","1359"
"6f2e2139-b4e8-4092-8b40-a79c691b9e4d","1","1","6","15526","2012","1689","1942","1249","1179","1440","880"
"6f2e2139-b4e8-4092-8b40-a79c691b9e4d","1","1","7","1085","1337","807","1243","1548","1107","998","2095"
"6f2e2139-b4e8-4092-8b40-a79c691b9e4d","1","1","9","1262","1484","884","1341","1868","1158","1256","641"
"6f2e2139-b4e8-4092-8b40-a79c691b9e4d","1","1","10","1262","1484","884","1341","1868","1158","1256","641"
"6f2e2139-b4e8-4092-8b40-a79c691b9e4d","2","1","0","15594","5584","2607","3584","2078","2170","2764","2211"
"6f2e2139-b4e8-4092-8b40-a79c691b9e4d","2","1","1","7277","3502","2057","3070","2825","1484","3368","2357"
"6f2e2139-b4e8-4092-8b40-a79c691b9e4d","2","1","2","3835","4306","3636","4252","2354","2318","3262","2117"
"6f2e2139-b4e8-4092-8b40-a79c691b9e4d","2","1","3","2494","2120","2149","2700","1619","2711","2784","2481"
"6f2e2139-b4e8-4092-8b40-a79c691b9e4d","2","1","4","2649","2018","1292","1827","2679","2079","2275","784"
"6f2e2139-b4e8-4092-8b40-a79c691b9e4d","2","1","5","2904","2628","2351","2507","1562","1057","1330","899"
"6f2e2139-b4e8-4092-8b40-a79c691b9e4d","2","1","6","2476","2126","1838","1956","1210","815","1044","821"
"6f2e2139-b4e8-4092-8b40-a79c691b9e4d","2","1","7","2202","3019","2740","3034","1461","1160","1150","778"
"6f2e2139-b4e8-4092-8b40-a79c691b9e4d","2","1","8","1647","2374","1989","2292","1784","1179","1129","757"
"6f2e2139-b4e8-4092-8b40-a79c691b9e4d","2","1","9","1874","2185","2014","3138","4584","2785","3612","1226"
"6f2e2139-b4e8-4092-8b40-a79c691b9e4d","2","1","10","1874","2185","2014","3138","4584","2785","3612","1226"
"74b61803-d2f8-4edc-8f94-6699f321d3a8","0","1","0","3655","3888","2368","2283","3825","5103","5876","2773"
"74b61803-d2f8-4edc-8f94-6699f321d3a8","0","1","2","4119","3136","2744","2483","2789","2102","2510","1970"
"74b61803-d2f8-4edc-8f94-6699f321d3a8","0","1","3","3009","-11384","-13056","-13293","-9359","-9440","-9572","-19655"
"74b61803-d2f8-4edc-8f94-6699f321d3a8","1","1","0","2290","3096","2272","2860","2563","1947","2862","5110"
"74b61803-d2f8-4edc-8f94-6699f321d3a8","1","1","1","7217","4642","3458","1983","2094","1803","1975","1409"
"74b61803-d2f8-4edc-8f94-6699f321d3a8","1","1","2","72865","69511","2423","1978","1927","1631","1734","1221"
"74b61803-d2f8-4edc-8f94-6699f321d3a8","1","1","3","1960","2556","1886","2460","3202","3017","3308","1699"
"74b61803-d2f8-4edc-8f94-6699f321d3a8","1","1","4","3095","3593","2149","2376","1976","1736","1813","1251"
"74b61803-d2f8-4edc-8f94-6699f321d3a8","1","1","5","6009","4638","3247","1180","1735","2420","2909","1767"
"74b61803-d2f8-4edc-8f94-6699f321d3a8","1","1","6","10664","2792","1898","2202","2923","6811","7036","2110"
"74b61803-d2f8-4edc-8f94-6699f321d3a8","1","1","7","3672","2836","2056","2278","10506","9876","1495","1394"
"76ceee13-0c73-46a3-9d3c-936d65b65283","0","1","0","1321","1383","1038","1688","1915","2532","3080","2174"
"76ceee13-0c73-46a3-9d3c-936d65b65283","0","1","1","1240","1503","1138","1772","1840","1998","2001","1064"
"76ceee13-0c73-46a3-9d3c-936d65b65283","0","1","2","1388","1142","996","1362","1364","1660","1762","1058"
"76ceee13-0c73-46a3-9d3c-936d65b65283","0","1","3","1125","1404","1202","1128","1008","1322","1520","922"
"76ceee13-0c73-46a3-9d3c-936d65b65283","0","1","4","1085","999","793","1545","1696","1611","2160","1612"
"76ceee13-0c73-46a3-9d3c-936d65b65283","0","1","5","1529","1273","1023","1201","1396","2045","2012","1328"
"76ceee13-0c73-46a3-9d3c-936d65b65283","0","1","6","1106","1370","1170","1637","1530","1717","1386","996"
"76ceee13-0c73-46a3-9d3c-936d65b65283","0","1","7","1327","1746","1533","1518","2911","3456","1204","670"
"76ceee13-0c73-46a3-9d3c-936d65b65283","0","1","8","1423","1120","855","1126","1626","2009","1847","1064"
"76ceee13-0c73-46a3-9d3c-936d65b65283","0","1","9","2154","1582","1228","987","830","1046","1259","952"
"76ceee13-0c73-46a3-9d3c-936d65b65283","0","1","10","2154","1582","1228","987","830","1046","1259","952"
"76ceee13-0c73-46a3-9d3c-936d65b65283","1","1","0","1233","1841","1519","1501","1029","1730","2052","1307"
"76ceee13-0c73-46a3-9d3c-936d65b65283","1","1","1","2028","1369","1353","1414","1994","2490","2212","656"
"76ceee13-0c73-46a3-9d3c-936d65b65283","1","1","2","1290","1269","1130","1216","1408","1700","1685","1033"
"76ceee13-0c73-46a3-9d3c-936d65b65283","1","1","3","1138","1262","1102","1410","1531","2041","1799","977"
"76ceee13-0c73-46a3-9d3c-936d65b65283","1","1","4","1287","1434","1104","1452","1466","1738","1466","617"
"76ceee13-0c73-46a3-9d3c-936d65b65283","1","1","5","1116","1234","955","954","891","936","942","594"
"76ceee13-0c73-46a3-9d3c-936d65b65283","1","1","6","1496","1125","987","1087","1092","1178","1175","687"
"76ceee13-0c73-46a3-9d3c-936d65b65283","1","1","7","1044","1800","1636","1578","1174","1489","1566","580"
"76ceee13-0c73-46a3-9d3c-936d65b65283","1","1","8","1690","1281","1178","1123","1154","959","975","630"
"76ceee13-0c73-46a3-9d3c-936d65b65283","2","1","0","1066","1312","1148","1056","1897","1916","2675","1278"
"76ceee13-0c73-46a3-9d3c-936d65b65283","2","1","1","1107","1362","1143","1798","1665","2176","1620","797"
"76ceee13-0c73-46a3-9d3c-936d65b65283","2","1","2","1270","1920","1752","1707","1025","919","872","566"
"76ceee13-0c73-46a3-9d3c-936d65b65283","2","1","3","2344","1807","1222","1128","919","753","881","596"
"76ceee13-0c73-46a3-9d3c-936d65b65283","2","1","4","1427","1475","1238","2031","1946","969","1172","802"
"76ceee13-0c73-46a3-9d3c-936d65b65283","2","1","5","2164","1507","1141","1453","1766","1932","1877","903"
"76ceee13-0c73-46a3-9d3c-936d65b65283","2","1","6","3731","1124","931","965","1319","1178","959","456"
"76ceee13-0c73-46a3-9d3c-936d65b65283","2","1","7","1136","1656","1225","1281","974","922","955","701"
"76ceee13-0c73-46a3-9d3c-936d65b65283","2","1","9","1306","1159","935","1940","2613","2521","1469","507"
"76ceee13-0c73-46a3-9d3c-936d65b65283","2","1","10","1306","1159","935","1940","2613","2521","1469","507"
"78274e72-031c-4168-bb19-ef98352003a6","0","1","0","7072","5715","1600","2687","1953","1952","3216","2822"
"78274e72-031c-4168-bb19-ef98352003a6","0","1","1","2382","1840","1054","1567","1378","1472","1585","1238"
"78274e72-031c-4168-bb19-ef98352003a6","0","1","2","1736","1807","1088","2143","1968","1550","1825","1716"
"78274e72-031c-4168-bb19-ef98352003a6","0","1","3","2968","2097","1455","1922","1648","1969","2176","1670"
"78274e72-031c-4168-bb19-ef98352003a6","0","1","4","3085","1968","1216","2129","1777","1008","1455","1092"
"78274e72-031c-4168-bb19-ef98352003a6","0","1","5","3581","1855","1199","2047","1713","912","1409","1074"
"78274e72-031c-4168-bb19-ef98352003a6","0","1","6","2746","2159","1519","2160","1520","1024","1312","949"
"78274e72-031c-4168-bb19-ef98352003a6","0","1","7","4144","2083","991","1649","1312","1374","1504","1155"
"78274e72-031c-4168-bb19-ef98352003a6","0","1","8","2334","2672","1152","2048","1568","960","1249","1123"
"78274e72-031c-4168-bb19-ef98352003a6","0","1","9","3618","1457","1086","1647","1425","976","1249","950"
"78274e72-031c-4168-bb19-ef98352003a6","0","1","10","3618","1457","1086","1647","1425","976","1249","950"
"78274e72-031c-4168-bb19-ef98352003a6","1","1","0","6995","6241","1599","2320","1568","1280","1840","1448"
"78274e72-031c-4168-bb19-ef98352003a6","1","1","1","4241","4368","1791","2224","1281","1855","2001","1635"
"78274e72-031c-4168-bb19-ef98352003a6","1","1","2","2489","1519","992","1680","1329","1360","1969","1795"
"78274e72-031c-4168-bb19-ef98352003a6","1","1","3","1961","2111","1215","1648","1440","1600","1695","1203"
"78274e72-031c-4168-bb19-ef98352003a6","1","1","4","4923","2512","752","1489","1296","736","1120","915"
"78274e72-031c-4168-bb19-ef98352003a6","1","1","5","2308","1440","1120","1888","1328","2128","2304","818"
"78274e72-031c-4168-bb19-ef98352003a6","1","1","6","2164","3904","3056","1904","1792","1536","1567","1155"
"78274e72-031c-4168-bb19-ef98352003a6","1","1","7","3024","1680","1168","2335","2880","1840","2031","691"
"78274e72-031c-4168-bb19-ef98352003a6","1","1","8","2850","2112","1120","1920","1392","1024","1264","979"
"78274e72-031c-4168-bb19-ef98352003a6","1","1","9","7698","1584","1088","1568","1472","1857","2176","1698"
"78274e72-031c-4168-bb19-ef98352003a6","1","1","10","7698","1584","1088","1568","1472","1857","2176","1698"
"78274e72-031c-4168-bb19-ef98352003a6","2","1","0","7863","5968","1744","2256","1793","2799","2799","891"
"78274e72-031c-4168-bb19-ef98352003a6","2","1","1","2543","2288","1024","1633","1472","1472","1697","1315"
"78274e72-031c-4168-bb19-ef98352003a6","2","1","2","1456","1232","734","1983","2048","1601","1458","1045"
"78274e72-031c-4168-bb19-ef98352003a6","2","1","3","1879","1841","1441","1665","1376","1743","1826","1427"
"78274e72-031c-4168-bb19-ef98352003a6","2","1","4","2810","2113","1618","2576","2047","1421","1695","1267"
"78274e72-031c-4168-bb19-ef98352003a6","2","1","5","1679","1266","1023","1856","1520","876","1266","1047"
"78274e72-031c-4168-bb19-ef98352003a6","2","1","6","3295","4720","3376","1792","1809","1856","1937","1397"
"78274e72-031c-4168-bb19-ef98352003a6","2","1","7","1878","1440","1024","1263","1136","894","976","708"
"78274e72-031c-4168-bb19-ef98352003a6","2","1","8","2337","2113","959","1631","1184","894","991","722"
"78274e72-031c-4168-bb19-ef98352003a6","2","1","9","4574","1968","768","1247","1120","929","991","612"
"78274e72-031c-4168-bb19-ef98352003a6","2","1","10","4574","1968","768","1247","1120","929","991","612"
"78274e72-031c-4168-bb19-ef98352003a6","2","1","11","4574","1968","768","1247","1120","929","991","612"
"7f51dfb9-2994-446b-b18f-be0095e0e0a8","0","1","0","1920","1493","1237","1770","1880","2191","2446","1587"
"7f51dfb9-2994-446b-b18f-be0095e0e0a8","0","1","1","1337","1946","1644","1841","1656","2078","1800","1264"
"7f51dfb9-2994-446b-b18f-be0095e0e0a8","0","1","2","1083","1293","1091","1598","1871","2253","1919","804"
"7f51dfb9-2994-446b-b18f-be0095e0e0a8","0","1","3","1121","1224","873","983","908","1236","1198","635"
"7f51dfb9-2994-446b-b18f-be0095e0e0a8","0","1","4","887","1185","1122","1117","1083","1559","1994","1164"
"7f51dfb9-2994-446b-b18f-be0095e0e0a8","0","1","5","1224","749","647","1118","959","1542","1437","1032"
"7f51dfb9-2994-446b-b18f-be0095e0e0a8","0","1","6","1768","1560","1487","1797","1064","1784","1894","1123"
"7f51dfb9-2994-446b-b18f-be0095e0e0a8","0","1","7","3070","2442","1123","992","1396","1749","1706","869"
"7f51dfb9-2994-446b-b18f-be0095e0e0a8","0","1","9","835","962","934","986","1012","1021","875","582"
"7f51dfb9-2994-446b-b18f-be0095e0e0a8","0","1","10","835","962","934","986","1012","1021","875","582"
"7f51dfb9-2994-446b-b18f-be0095e0e0a8","1","1","0","1048","1562","1214","1324","1364","1707","1646","729"
"7f51dfb9-2994-446b-b18f-be0095e0e0a8","1","1","1","968","1219","1114","1141","1082","1342","1454","960"
"7f51dfb9-2994-446b-b18f-be0095e0e0a8","1","1","2","1117","1357","955","933","2990","3724","1861","814"
"7f51dfb9-2994-446b-b18f-be0095e0e0a8","1","1","3","1067","1512","1714","1755","3815","3860","1559","760"
"7f51dfb9-2994-446b-b18f-be0095e0e0a8","1","1","4","1238","1192","841","1043","1085","1503","1211","574"
"7f51dfb9-2994-446b-b18f-be0095e0e0a8","1","1","5","1000","996","786","1305","1488","1636","1725","858"
"7f51dfb9-2994-446b-b18f-be0095e0e0a8","1","1","7","828","954","843","882","1016","1580","1641","1110"
"7f51dfb9-2994-446b-b18f-be0095e0e0a8","1","1","8","1395","978","785","1145","1666","2959","3157","2144"
"9a28ea73-1f26-4647-a236-ccf56a82f33b","0","1","0","915","919","699","902","1888","3134","3730","1195"
"9a28ea73-1f26-4647-a236-ccf56a82f33b","0","1","1","793","795","570","648","991","1735","2073","662"
"9a28ea73-1f26-4647-a236-ccf56a82f33b","0","1","2","791","907","669","969","1423","1434","1693","544"
"9a28ea73-1f26-4647-a236-ccf56a82f33b","0","1","3","10431","854","580","673","1197","2129","2278","573"
"9a28ea73-1f26-4647-a236-ccf56a82f33b","0","1","4","722","689","522","770","1111","1074","1201","411"
"9a28ea73-1f26-4647-a236-ccf56a82f33b","0","1","5","701","701","545","770","1210","1067","1287","487"
"9a28ea73-1f26-4647-a236-ccf56a82f33b","0","1","6","749","660","492","755","831","568","697","391"
"9a28ea73-1f26-4647-a236-ccf56a82f33b","0","1","7","2315","654","462","496","1095","15490","15530","416"
"9a28ea73-1f26-4647-a236-ccf56a82f33b","0","1","8","741","579","451","465","1584","2830","2184","576"
"9a28ea73-1f26-4647-a236-ccf56a82f33b","0","1","9","759","618","441","548","1410","5065","1626","451"
"9a28ea73-1f26-4647-a236-ccf56a82f33b","0","1","10","759","618","441","548","1410","5065","1626","451"
"9a28ea73-1f26-4647-a236-ccf56a82f33b","0","1","11","795","633","445","478","1212","1236","1419","463"
"9a28ea73-1f26-4647-a236-ccf56a82f33b","0","1","13","851","645","474","578","889","820","858","332"
"9a28ea73-1f26-4647-a236-ccf56a82f33b","0","1","14","558","582","419","631","886","1034","1139","312"
"9a28ea73-1f26-4647-a236-ccf56a82f33b","0","1","15","738","704","529","767","823","638","709","317"
"9a28ea73-1f26-4647-a236-ccf56a82f33b","0","1","16","590","639","480","455","935","849","872","348"
"9a28ea73-1f26-4647-a236-ccf56a82f33b","0","1","17","662","677","441","509","819","843","789","340"
"9a28ea73-1f26-4647-a236-ccf56a82f33b","0","1","18","757","617","491","597","866","957","1107","446"
"9a28ea73-1f26-4647-a236-ccf56a82f33b","0","1","19","582","569","460","649","710","556","634","350"
"9a28ea73-1f26-4647-a236-ccf56a82f33b","0","1","20","660","591","428","500","766","722","768","322"
"9a28ea73-1f26-4647-a236-ccf56a82f33b","0","1","21","660","591","428","500","766","722","768","322"
"9a28ea73-1f26-4647-a236-ccf56a82f33b","1","1","0","734","923","847","1572","1533","787","821","360"
"9a28ea73-1f26-4647-a236-ccf56a82f33b","1","1","1","917","618","508","506","597","554","667","356"
"9a28ea73-1f26-4647-a236-ccf56a82f33b","1","1","2","656","624","462","404","860","808","878","393"
"9a28ea73-1f26-4647-a236-ccf56a82f33b","1","1","3","844","923","795","874","532","519","729","465"
"9a28ea73-1f26-4647-a236-ccf56a82f33b","1","1","4","602","627","457","427","1271","1213","1336","385"
"9a28ea73-1f26-4647-a236-ccf56a82f33b","1","1","5","724","745","609","514","848","727","818","387"
"9a28ea73-1f26-4647-a236-ccf56a82f33b","1","1","6","608","609","462","530","839","753","902","399"
"9a28ea73-1f26-4647-a236-ccf56a82f33b","1","1","7","629","573","446","479","780","713","742","314"
"9a28ea73-1f26-4647-a236-ccf56a82f33b","1","1","8","618","545","396","498","586","558","547","324"
"9a28ea73-1f26-4647-a236-ccf56a82f33b","1","1","9","607","607","457","379","2484","3045","1413","311"
"9a28ea73-1f26-4647-a236-ccf56a82f33b","1","1","10","607","607","457","379","2484","3045","1413","311"
"9a28ea73-1f26-4647-a236-ccf56a82f33b","2","1","0","999","1113","547","590","1007","995","976","370"
"9a28ea73-1f26-4647-a236-ccf56a82f33b","2","1","1","509","583","423","396","873","793","915","409"
"9a28ea73-1f26-4647-a236-ccf56a82f33b","2","1","2","582","528","431","503","640","583","749","425"
"9a28ea73-1f26-4647-a236-ccf56a82f33b","2","1","3","577","905","780","604","987","923","1128","535"
"9a28ea73-1f26-4647-a236-ccf56a82f33b","2","1","4","631","623","417","509","639","798","775","373"
"9a28ea73-1f26-4647-a236-ccf56a82f33b","2","1","5","596","543","409","490","601","550","637","330"
"9a28ea73-1f26-4647-a236-ccf56a82f33b","2","1","6","700","853","521","606","1069","1098","1120","369"
"9a28ea73-1f26-4647-a236-ccf56a82f33b","2","1","7","668","620","445","539","844","765","836","351"
"9a28ea73-1f26-4647-a236-ccf56a82f33b","2","1","8","788","604","452","567","690","666","812","481"
"9a28ea73-1f26-4647-a236-ccf56a82f33b","2","1","9","600","564","394","359","1123","1157","1267","401"
"9a28ea73-1f26-4647-a236-ccf56a82f33b","2","1","10","600","564","394","359","1123","1157","1267","401"
"a11b642e-75bc-4ae8-bb00-cbff9c3b2e88","1","1","0","10533","6911","1925","3581","3918","4145","5290","4575"
"a11b642e-75bc-4ae8-bb00-cbff9c3b2e88","1","1","1","4526","3073","1468","2584","3029","2871","2943","2418"
"a11b642e-75bc-4ae8-bb00-cbff9c3b2e88","1","1","2","3060","3300","2155","2853","2507","1664","2537","2075"
"a11b642e-75bc-4ae8-bb00-cbff9c3b2e88","1","1","3","3658","3499","1796","2589","2580","2363","2776","2174"
"a11b642e-75bc-4ae8-bb00-cbff9c3b2e88","1","1","4","3047","3287","2020","3132","2815","3157","3374","2934"
"a11b642e-75bc-4ae8-bb00-cbff9c3b2e88","1","1","5","2606","2761","1577","2332","2235","1900","2082","1646"
"a11b642e-75bc-4ae8-bb00-cbff9c3b2e88","1","1","6","2799","2518","1512","2716","3245","1976","2355","1683"
"a11b642e-75bc-4ae8-bb00-cbff9c3b2e88","1","1","7","2876","2573","1412","2205","2899","2168","2557","1653"
"a11b642e-75bc-4ae8-bb00-cbff9c3b2e88","1","1","8","3431","3473","1984","2974","2391","1757","1977","1864"
"a11b642e-75bc-4ae8-bb00-cbff9c3b2e88","1","1","9","2558","2217","1275","2055","2199","1385","1672","1393"
"a11b642e-75bc-4ae8-bb00-cbff9c3b2e88","1","1","10","2558","2217","1275","2055","2199","1385","1672","1393"
"a11b642e-75bc-4ae8-bb00-cbff9c3b2e88","2","1","0","3970","4715","2910","2745","3003","3715","3804","3801"
"a11b642e-75bc-4ae8-bb00-cbff9c3b2e88","2","1","1","4859","3504","1831","2886","3531","2577","2913","1673"
"a11b642e-75bc-4ae8-bb00-cbff9c3b2e88","2","1","2","3441","2933","1142","2758","2946","2008","2339","1870"
"a11b642e-75bc-4ae8-bb00-cbff9c3b2e88","2","1","3","3696","3136","1609","2734","2479","1387","1953","1778"
"a11b642e-75bc-4ae8-bb00-cbff9c3b2e88","2","1","4","3502","3184","1760","2370","2915","2269","2610","1583"
"a11b642e-75bc-4ae8-bb00-cbff9c3b2e88","2","1","5","4078","3164","1503","2070","2613","2114","2227","1453"
"a11b642e-75bc-4ae8-bb00-cbff9c3b2e88","2","1","6","4188","2579","1361","2631","3222","2336","2251","1566"
"a11b642e-75bc-4ae8-bb00-cbff9c3b2e88","2","1","7","3477","2272","1222","1917","2760","2444","2612","1775"
"a11b642e-75bc-4ae8-bb00-cbff9c3b2e88","2","1","8","2838","2588","1062","2289","2697","2315","2262","1654"
"a11b642e-75bc-4ae8-bb00-cbff9c3b2e88","2","1","9","2905","2640","1562","2114","2331","1947","2002","1468"
"a11b642e-75bc-4ae8-bb00-cbff9c3b2e88","2","1","10","2905","2640","1562","2114","2331","1947","2002","1468"
"a6507dfb-3bf3-4007-bc5f-0e74cb0809d5","0","1","0","1657","1106","1024","1668","2280","2162","2398","1168"
"a6507dfb-3bf3-4007-bc5f-0e74cb0809d5","0","1","1","1977","1636","611","897","1131","1492","1453","611"
"a6507dfb-3bf3-4007-bc5f-0e74cb0809d5","0","1","2","1626","1110","1056","1440","1230","1491","1543","642"
"a6507dfb-3bf3-4007-bc5f-0e74cb0809d5","0","1","3","1708","1387","1047","1791","1864","4313","3749","455"
"a6507dfb-3bf3-4007-bc5f-0e74cb0809d5","0","1","4","1728","1202","1120","1442","1210","1401","1568","792"
"a6507dfb-3bf3-4007-bc5f-0e74cb0809d5","0","1","5","1991","934","871","736","10753","10901","954","587"
"a6507dfb-3bf3-4007-bc5f-0e74cb0809d5","0","1","6","2190","1285","929","1952","2211","1729","1644","549"
"a6507dfb-3bf3-4007-bc5f-0e74cb0809d5","0","1","7","1458","926","810","1126","1168","1115","1310","769"
"a6507dfb-3bf3-4007-bc5f-0e74cb0809d5","0","1","8","1921","1236","813","1258","1339","1429","1508","693"
"a6507dfb-3bf3-4007-bc5f-0e74cb0809d5","0","1","9","1840","1316","766","1077","973","1058","1090","657"
"a6507dfb-3bf3-4007-bc5f-0e74cb0809d5","0","1","10","1840","1316","766","1077","973","1058","1090","657"
"a6507dfb-3bf3-4007-bc5f-0e74cb0809d5","1","1","0","1882","1239","993","1287","1776","1831","1810","1001"
"a6507dfb-3bf3-4007-bc5f-0e74cb0809d5","1","1","1","1407","1061","1071","1504","1638","2381","2392","894"
"a6507dfb-3bf3-4007-bc5f-0e74cb0809d5","1","1","2","1450","999","920","1376","1173","1664","1538","602"
"a6507dfb-3bf3-4007-bc5f-0e74cb0809d5","1","1","3","1965","1673","1149","1248","1345","1792","1681","865"
"a6507dfb-3bf3-4007-bc5f-0e74cb0809d5","1","1","4","2521","1465","761","960","889","1272","1513","986"
"a6507dfb-3bf3-4007-bc5f-0e74cb0809d5","1","1","5","1277","845","641","1020","2029","4120","1449","1120"
"a6507dfb-3bf3-4007-bc5f-0e74cb0809d5","1","1","6","1160","610","528","1198","1505","1257","1186","531"
"a6507dfb-3bf3-4007-bc5f-0e74cb0809d5","1","1","7","926","637","961","1488","1460","1176","821","563"
"a6507dfb-3bf3-4007-bc5f-0e74cb0809d5","1","1","8","1345","877","633","1049","3089","3009","1104","564"
"a6507dfb-3bf3-4007-bc5f-0e74cb0809d5","1","1","9","1229","800","713","801","1482","1744","1385","744"
"a6507dfb-3bf3-4007-bc5f-0e74cb0809d5","1","1","10","1229","800","713","801","1482","1744","1385","744"
"a6507dfb-3bf3-4007-bc5f-0e74cb0809d5","2","1","0","541","1211","1159","1509","810","4007","4330","815"
"b5efef81-d69e-4e71-8b5e-6e4b1aaa82cc","0","1","0","2691","3192","1957","2126","1514","2174","2135","684"
"b5efef81-d69e-4e71-8b5e-6e4b1aaa82cc","0","1","1","1690","1549","1435","1710","1469","1405","1495","911"
"b5efef81-d69e-4e71-8b5e-6e4b1aaa82cc","0","1","2","1943","1477","1250","1780","1418","933","997","743"
"b5efef81-d69e-4e71-8b5e-6e4b1aaa82cc","0","1","3","1541","1437","1319","1276","1864","1882","1785","558"
"b5efef81-d69e-4e71-8b5e-6e4b1aaa82cc","0","1","4","2689","1607","1216","1450","1459","1433","1150","635"
"b5efef81-d69e-4e71-8b5e-6e4b1aaa82cc","0","1","5","2673","1545","889","1328","1297","1261","1153","570"
"b5efef81-d69e-4e71-8b5e-6e4b1aaa82cc","0","1","6","1702","1803","1611","1713","944","1030","903","505"
"b5efef81-d69e-4e71-8b5e-6e4b1aaa82cc","0","1","7","1024","962","945","1118","1431","2055","1984","860"
"b5efef81-d69e-4e71-8b5e-6e4b1aaa82cc","0","1","8","1024","962","945","1118","1431","2055","1984","860"
"b5efef81-d69e-4e71-8b5e-6e4b1aaa82cc","0","1","9","2133","1326","1076","1280","1123","964","914","581"
"b5efef81-d69e-4e71-8b5e-6e4b1aaa82cc","0","1","10","1370","876","737","809","904","963","809","475"
"b5efef81-d69e-4e71-8b5e-6e4b1aaa82cc","0","1","11","1370","876","737","809","904","963","809","475"
"b5efef81-d69e-4e71-8b5e-6e4b1aaa82cc","1","1","0","1406","1566","1216","1721","1519","1347","1340","677"
"b5efef81-d69e-4e71-8b5e-6e4b1aaa82cc","1","1","1","1136","1726","1442","1663","1266","1159","1290","776"
"b5efef81-d69e-4e71-8b5e-6e4b1aaa82cc","1","1","2","2326","904","557","948","3191","3133","3116","758"
"b5efef81-d69e-4e71-8b5e-6e4b1aaa82cc","1","1","3","1043","1818","1470","1790","1163","1114","1140","653"
"b5efef81-d69e-4e71-8b5e-6e4b1aaa82cc","1","1","4","1428","1328","1216","1721","2274","2054","833","524"
"b5efef81-d69e-4e71-8b5e-6e4b1aaa82cc","1","1","5","1649","935","682","1304","1121","1008","889","602"
"b5efef81-d69e-4e71-8b5e-6e4b1aaa82cc","1","1","6","1201","855","612","1702","1676","1176","853","517"
"b5efef81-d69e-4e71-8b5e-6e4b1aaa82cc","1","1","7","1831","1290","920","1324","1276","1072","1029","590"
"b5efef81-d69e-4e71-8b5e-6e4b1aaa82cc","1","1","8","990","1332","1006","1311","1104","1115","1011","549"
"b5efef81-d69e-4e71-8b5e-6e4b1aaa82cc","1","1","9","1606","1424","1385","1496","1224","1099","1211","530"
"b5efef81-d69e-4e71-8b5e-6e4b1aaa82cc","1","1","10","1606","1424","1385","1496","1224","1099","1211","530"
"b5efef81-d69e-4e71-8b5e-6e4b1aaa82cc","2","1","0","1929","1589","1072","1463","1517","2201","1924","792"
"b5efef81-d69e-4e71-8b5e-6e4b1aaa82cc","2","1","1","1229","1091","811","1062","2267","2123","1591","1157"
"b5efef81-d69e-4e71-8b5e-6e4b1aaa82cc","2","1","2","1117","1494","1088","1660","1752","1788","1727","610"
"b5efef81-d69e-4e71-8b5e-6e4b1aaa82cc","2","1","3","1114","1465","1385","1550","1377","1178","1198","570"
"b5efef81-d69e-4e71-8b5e-6e4b1aaa82cc","2","1","4","1037","1549","1352","1793","1518","948","954","822"
"b5efef81-d69e-4e71-8b5e-6e4b1aaa82cc","2","1","5","1226","1312","631","860","1194","1054","1042","514"
"b5efef81-d69e-4e71-8b5e-6e4b1aaa82cc","2","1","7","1186","1071","996","816","988","951","1054","510"
"b5efef81-d69e-4e71-8b5e-6e4b1aaa82cc","2","1","8","1316","1180","972","1816","2059","1075","1002","479"
"b5efef81-d69e-4e71-8b5e-6e4b1aaa82cc","2","1","9","1170","1087","622","1181","1277","1020","934","616"
"b5efef81-d69e-4e71-8b5e-6e4b1aaa82cc","2","1","10","1170","1087","622","1181","1277","1020","934","616"
"bafdabe2-8b49-434a-aaf3-b06d61906024","0","1","0","3031","2424","1728","5128","4928","1632","1968","1087"
"bafdabe2-8b49-434a-aaf3-b06d61906024","0","1","1","1907","2040","1504","2768","5016","3712","1456","868"
"bafdabe2-8b49-434a-aaf3-b06d61906024","0","1","2","2350","2112","1743","2152","2112","1784","2056","1123"
"bafdabe2-8b49-434a-aaf3-b06d61906024","0","1","3","3371","3024","2080","3087","3944","3064","1144","741"
"bafdabe2-8b49-434a-aaf3-b06d61906024","0","1","4","3776","2808","1136","1967","3696","3024","3152","1003"
"bafdabe2-8b49-434a-aaf3-b06d61906024","0","1","5","2900","2464","1560","2326","1977","1504","1568","1035"
"bafdabe2-8b49-434a-aaf3-b06d61906024","0","1","6","2713","3608","2008","3007","2400","1328","1752","1117"
"bafdabe2-8b49-434a-aaf3-b06d61906024","0","1","7","1929","1728","1336","3655","3425","2792","1511","1082"
"bafdabe2-8b49-434a-aaf3-b06d61906024","0","1","9","2749","3288","1945","2135","1632","1233","1656","1143"
"bafdabe2-8b49-434a-aaf3-b06d61906024","0","1","10","2749","3288","1945","2135","1632","1233","1656","1143"
"bafdabe2-8b49-434a-aaf3-b06d61906024","1","1","0","3369","3400","2384","3950","3560","2240","2400","1087"
"bafdabe2-8b49-434a-aaf3-b06d61906024","1","1","1","3444","2880","1480","2656","2303","1264","2574","1924"
"bafdabe2-8b49-434a-aaf3-b06d61906024","1","1","2","2938","2897","1944","3367","2367","1075","1352","996"
"bafdabe2-8b49-434a-aaf3-b06d61906024","1","1","3","4345","3070","1608","2991","2945","1728","2113","1068"
"bafdabe2-8b49-434a-aaf3-b06d61906024","1","1","4","2696","2712","1512","2406","2775","2151","2447","1196"
"bafdabe2-8b49-434a-aaf3-b06d61906024","1","1","5","2485","2778","1247","2231","2584","1736","2312","1220"
"bafdabe2-8b49-434a-aaf3-b06d61906024","1","1","6","1993","2128","1750","2376","2522","2047","2190","876"
"bafdabe2-8b49-434a-aaf3-b06d61906024","1","1","7","2608","1784","920","1640","1872","1047","1183","775"
"bafdabe2-8b49-434a-aaf3-b06d61906024","1","1","8","2050","1808","1520","2159","1849","1336","1560","900"
"bafdabe2-8b49-434a-aaf3-b06d61906024","1","1","9","2609","2168","1287","1998","1664","1057","1160","835"
"bafdabe2-8b49-434a-aaf3-b06d61906024","1","1","10","2609","2168","1287","1998","1664","1057","1160","835"
"e41db89e-c7b4-4c6c-9016-d89e258bf28b","0","1","0","1979","1435","665","1457","1416","836","1017","598"
"e41db89e-c7b4-4c6c-9016-d89e258bf28b","0","1","3","1073","798","625","918","1753","1878","1230","441"
"e41db89e-c7b4-4c6c-9016-d89e258bf28b","0","1","4","911","738","542","606","667","1043","1151","410"
"e41db89e-c7b4-4c6c-9016-d89e258bf28b","0","1","5","974","711","505","581","650","1068","1363","595"
"e41db89e-c7b4-4c6c-9016-d89e258bf28b","0","1","7","805","1179","1045","555","835","908","944","392"
"e41db89e-c7b4-4c6c-9016-d89e258bf28b","0","1","8","799","661","527","714","1290","1363","1550","695"
"e41db89e-c7b4-4c6c-9016-d89e258bf28b","0","1","9","967","700","553","758","827","674","976","749"
"e41db89e-c7b4-4c6c-9016-d89e258bf28b","0","1","10","967","700","553","758","827","674","976","749"
"e41db89e-c7b4-4c6c-9016-d89e258bf28b","1","1","0","1066","2033","1795","758","1172","1146","1463","816"
"e41db89e-c7b4-4c6c-9016-d89e258bf28b","1","1","1","1128","720","667","1063","1507","1555","1474","478"
"e41db89e-c7b4-4c6c-9016-d89e258bf28b","1","1","2","989","1265","1295","1604","990","965","1035","594"
"e41db89e-c7b4-4c6c-9016-d89e258bf28b","1","1","3","1283","1069","1038","1240","1458","1790","1882","441"
"e41db89e-c7b4-4c6c-9016-d89e258bf28b","1","1","4","1288","925","979","1076","1633","1567","2039","862"
"e41db89e-c7b4-4c6c-9016-d89e258bf28b","1","1","5","3739","1110","1050","1214","1022","1064","1361","683"
"e41db89e-c7b4-4c6c-9016-d89e258bf28b","1","1","6","1054","929","948","1011","1070","1161","1481","672"
"e41db89e-c7b4-4c6c-9016-d89e258bf28b","1","1","7","1638","936","855","981","1161","1126","1405","839"
"e6404804-9a54-418a-a8f0-775592877cfe","0","1","0","906","849","737","751","711","3172","5303","2557"
"e6404804-9a54-418a-a8f0-775592877cfe","0","1","1","1163","614","603","651","1040","2842","3413","1131"
"e6404804-9a54-418a-a8f0-775592877cfe","0","1","2","994","652","484","491","728","2020","2473","902"
"e6404804-9a54-418a-a8f0-775592877cfe","0","1","3","852","1021","880","937","843","2745","3077","919"
"e6404804-9a54-418a-a8f0-775592877cfe","0","1","5","780","621","585","769","822","2514","2764","1132"
"e6404804-9a54-418a-a8f0-775592877cfe","0","1","6","1120","610","564","686","749","1438","1688","1068"
"e6404804-9a54-418a-a8f0-775592877cfe","0","1","7","902","641","469","493","610","1305","1800","983"
"e6404804-9a54-418a-a8f0-775592877cfe","0","1","8","1207","766","567","552","644","1236","1234","507"
"e6404804-9a54-418a-a8f0-775592877cfe","0","1","9","951","649","508","458","536","1127","1161","511"
"e6404804-9a54-418a-a8f0-775592877cfe","0","1","10","951","649","508","458","536","1127","1161","511"
"e6404804-9a54-418a-a8f0-775592877cfe","1","1","0","1078","661","564","606","748","1880","1799","448"
"e6404804-9a54-418a-a8f0-775592877cfe","1","1","1","704","578","502","514","1265","1352","864","671"
"e6404804-9a54-418a-a8f0-775592877cfe","1","1","2","932","1307","1203","1507","929","1281","1129","922"
"e6404804-9a54-418a-a8f0-775592877cfe","1","1","3","823","622","503","503","650","1189","1247","467"
"e6404804-9a54-418a-a8f0-775592877cfe","1","1","4","915","655","501","459","670","1046","1036","452"
"e6404804-9a54-418a-a8f0-775592877cfe","1","1","5","3219","605","483","404","489","727","775","680"
"e6404804-9a54-418a-a8f0-775592877cfe","1","1","6","1113","768","532","408","497","970","938","1020"
"e6404804-9a54-418a-a8f0-775592877cfe","1","1","7","955","999","899","816","600","757","873","466"
"e6404804-9a54-418a-a8f0-775592877cfe","1","1","8","744","556","493","463","609","1049","938","1087"
"e6404804-9a54-418a-a8f0-775592877cfe","1","1","9","840","549","447","381","449","617","682","525"
"e6404804-9a54-418a-a8f0-775592877cfe","1","1","10","840","549","447","381","449","617","682","525"
"e6404804-9a54-418a-a8f0-775592877cfe","2","1","0","804","635","485","645","3221","3118","925","662"
"e6404804-9a54-418a-a8f0-775592877cfe","2","1","1","958","577","446","603","1904","1838","614","517"
"e861cdce-a713-40ab-82ac-4d9691788a19","0","1","1","5162","3630","2031","2991","1962","2081","2421","849"
"e861cdce-a713-40ab-82ac-4d9691788a19","0","1","2","2949","2224","1378","2504","2119","2077","1844","658"
"e861cdce-a713-40ab-82ac-4d9691788a19","0","1","3","3238","2025","1624","2169","1488","3025","3160","1040"
"e861cdce-a713-40ab-82ac-4d9691788a19","0","1","4","2787","2183","1568","2409","1824","1688","1530","607"
"e861cdce-a713-40ab-82ac-4d9691788a19","0","1","5","2832","1919","1535","2584","2256","2631","1664","681"
"e861cdce-a713-40ab-82ac-4d9691788a19","0","1","6","6167","1608","864","2242","2361","1776","1778","729"
"e861cdce-a713-40ab-82ac-4d9691788a19","0","1","7","3644","3262","1434","2249","1815","2009","1902","639"
"e861cdce-a713-40ab-82ac-4d9691788a19","0","1","8","3880","2446","1128","1800","1691","1929","1552","572"
"e861cdce-a713-40ab-82ac-4d9691788a19","0","1","9","5628","5668","2079","2657","1631","1705","1480","610"
"e861cdce-a713-40ab-82ac-4d9691788a19","0","1","10","5628","5668","2079","2657","1631","1705","1480","610"
"e861cdce-a713-40ab-82ac-4d9691788a19","1","1","0","5981","5461","2855","3412","1466","5463","6844","2157"
"e861cdce-a713-40ab-82ac-4d9691788a19","1","1","2","8088","5657","1663","2287","1965","2245","1967","720"
"e861cdce-a713-40ab-82ac-4d9691788a19","1","1","3","2828","2479","1739","2144","1221","1641","1859","707"
"e861cdce-a713-40ab-82ac-4d9691788a19","1","1","4","1308","1388","1205","1761","1569","1653","1537","591"
"e861cdce-a713-40ab-82ac-4d9691788a19","1","1","6","3053","2110","1367","2142","2158","2137","1778","632"
"e861cdce-a713-40ab-82ac-4d9691788a19","1","1","7","2624","2400","1345","1961","1435","1498","1440","668"
"e861cdce-a713-40ab-82ac-4d9691788a19","1","1","9","2232","2001","1314","2019","1772","1530","1329","575"
"e861cdce-a713-40ab-82ac-4d9691788a19","1","1","10","2232","2001","1314","2019","1772","1530","1329","575"
"e861cdce-a713-40ab-82ac-4d9691788a19","2","1","0","3394","2593","1640","3108","2579","1768","1465","701"
"e861cdce-a713-40ab-82ac-4d9691788a19","2","1","1","2177","1555","1058","1863","1694","1716","1583","688"
"e861cdce-a713-40ab-82ac-4d9691788a19","2","1","2","6890","2744","1257","1502","1006","1341","1287","575"
"e861cdce-a713-40ab-82ac-4d9691788a19","2","1","3","2850","2570","1547","2136","1420","1373","1536","721"
"e861cdce-a713-40ab-82ac-4d9691788a19","2","1","4","2131","1527","1051","1886","1925","1739","1438","511"
"e861cdce-a713-40ab-82ac-4d9691788a19","2","1","5","2925","1760","1176","1820","1582","1296","1215","771"
"e861cdce-a713-40ab-82ac-4d9691788a19","2","1","6","2057","2425","1242","2111","1754","1488","1483","560"
"e861cdce-a713-40ab-82ac-4d9691788a19","2","1","7","2507","1914","1121","1811","2432","2403","2287","574"
"e861cdce-a713-40ab-82ac-4d9691788a19","2","1","8","2492","1656","940","1767","1838","1657","1325","553"
"e861cdce-a713-40ab-82ac-4d9691788a19","2","1","9","1596","1786","1356","1783","1161","1234","1105","534"
"e861cdce-a713-40ab-82ac-4d9691788a19","2","1","10","1596","1786","1356","1783","1161","1234","1105","534"
"ea92f37c-6652-4339-b685-7ae99d5f272f","0","1","0","3870","2793","979","1468","1991","2369","2688","1491"
"ea92f37c-6652-4339-b685-7ae99d5f272f","0","1","1","3042","1587","1260","2110","1999","1978","2101","745"
"ea92f37c-6652-4339-b685-7ae99d5f272f","0","1","2","1293","1213","1149","2027","1472","643","1641","1572"
"ea92f37c-6652-4339-b685-7ae99d5f272f","0","1","3","1167","2018","1759","1491","3916","3320","1165","1033"
"ea92f37c-6652-4339-b685-7ae99d5f272f","0","1","4","900","1496","1235","1541","1478","2237","1924","650"
"ea92f37c-6652-4339-b685-7ae99d5f272f","0","1","5","1080","1794","1716","1819","1126","1975","1766","440"
"ea92f37c-6652-4339-b685-7ae99d5f272f","0","1","6","1440","1470","1131","1594","1575","1643","1214","487"
"ea92f37c-6652-4339-b685-7ae99d5f272f","0","1","7","2813","1723","1205","1469","1246","1078","1509","1258"
"ea92f37c-6652-4339-b685-7ae99d5f272f","0","1","8","1057","1242","966","1686","1695","906","1064","579"
"ea92f37c-6652-4339-b685-7ae99d5f272f","0","1","9","2104","930","784","1137","1189","1235","1963","1566"
"ea92f37c-6652-4339-b685-7ae99d5f272f","0","1","10","2104","930","784","1137","1189","1235","1963","1566"
"ea92f37c-6652-4339-b685-7ae99d5f272f","1","1","0","1079","1056","916","1836","2855","2766","2348","702"
"ea92f37c-6652-4339-b685-7ae99d5f272f","1","1","1","1116","792","606","1516","2145","1524","1858","989"
"ea92f37c-6652-4339-b685-7ae99d5f272f","1","1","2","1009","1254","855","1247","1613","1449","1296","560"
"ea92f37c-6652-4339-b685-7ae99d5f272f","1","1","3","2615","1764","725","1172","2067","2030","1911","639"
"ea92f37c-6652-4339-b685-7ae99d5f272f","1","1","4","2035","1341","963","1403","611","201","1187","663"
"ea92f37c-6652-4339-b685-7ae99d5f272f","1","1","5","1092","1110","796","1129","1304","1353","1317","768"
"ea92f37c-6652-4339-b685-7ae99d5f272f","1","1","6","2489","1154","790","1023","1231","1315","1121","574"
"ea92f37c-6652-4339-b685-7ae99d5f272f","1","1","7","1010","1066","854","941","1145","1042","946","524"
"ea92f37c-6652-4339-b685-7ae99d5f272f","1","1","8","1986","1479","769","1042","1286","1030","968","559"
"ea92f37c-6652-4339-b685-7ae99d5f272f","1","1","9","913","1074","762","883","996","923","766","393"
"ea92f37c-6652-4339-b685-7ae99d5f272f","1","1","10","913","1074","762","883","996","923","766","393"
"ea92f37c-6652-4339-b685-7ae99d5f272f","2","1","0","2153","1405","1161","1646","1832","1337","1383","659"
"ea92f37c-6652-4339-b685-7ae99d5f272f","2","1","1","890","1689","1350","2168","2559","1546","1468","517"
"ea92f37c-6652-4339-b685-7ae99d5f272f","2","1","2","3333","2162","805","1322","2361","2031","1825","569"
"ea92f37c-6652-4339-b685-7ae99d5f272f","2","1","3","1422","1527","1033","1335","1450","1081","870","472"
"ea92f37c-6652-4339-b685-7ae99d5f272f","2","1","4","1040","2068","1759","1428","1657","1260","935","480"
"ea92f37c-6652-4339-b685-7ae99d5f272f","2","1","5","2245","1023","824","935","938","888","771","404"
"ea92f37c-6652-4339-b685-7ae99d5f272f","2","1","6","1156","1236","944","1474","1479","831","997","511"
"ea92f37c-6652-4339-b685-7ae99d5f272f","2","1","7","2719","928","704","736","1104","1040","814","487"
"ea92f37c-6652-4339-b685-7ae99d5f272f","2","1","8","2719","928","704","736","1104","1040","814","487"
"ea92f37c-6652-4339-b685-7ae99d5f272f","2","1","9","2465","1779","1119","1588","1751","1163","898","432"
"ea92f37c-6652-4339-b685-7ae99d5f272f","2","1","10","1076","1245","1215","1373","1242","1184","783","406"
"ea92f37c-6652-4339-b685-7ae99d5f272f","2","1","11","1076","1245","1215","1373","1242","1184","783","406"