"user","session","task","iteration","UD_qu","UD_u!","UD_!f","UD_fa","UD_aB","UD_B8","UD_8*","UD_*e","UD_en"
"1060d17b-2e21-4a6b-90f1-f451764a20d0","0","1","0","123","727","235","84","545","108","1041","194","95"
"1060d17b-2e21-4a6b-90f1-f451764a20d0","0","1","1","116","691","119","80","445","128","1024","114","107"
"1060d17b-2e21-4a6b-90f1-f451764a20d0","0","1","2","108","527","192","51","812","140","3232","106","95"
"1060d17b-2e21-4a6b-90f1-f451764a20d0","0","1","3","118","683","203","87","267","171","503","106","109"
"1060d17b-2e21-4a6b-90f1-f451764a20d0","0","1","4","100","475","119","55","200","399","1118","119","115"
"1060d17b-2e21-4a6b-90f1-f451764a20d0","0","1","5","104","795","146","71","290","114","1373","107","99"
"1060d17b-2e21-4a6b-90f1-f451764a20d0","0","1","6","127","731","135","71","428","41","363","87","88"
"1060d17b-2e21-4a6b-90f1-f451764a20d0","0","1","7","108","395","190","67","1093","23","322","24","91"
"1060d17b-2e21-4a6b-90f1-f451764a20d0","0","1","8","104","346","178","76","1285","116","602","4","115"
"1060d17b-2e21-4a6b-90f1-f451764a20d0","0","1","9","105","1130","32","68","333","111","494","103","108"
"1060d17b-2e21-4a6b-90f1-f451764a20d0","0","1","10","105","1130","32","68","333","111","494","103","108"
"1060d17b-2e21-4a6b-90f1-f451764a20d0","1","1","0","98","321","150","67","1199","28","616","12","87"
"1060d17b-2e21-4a6b-90f1-f451764a20d0","1","1","1","113","361","142","79","1098","159","230","159","103"
"1060d17b-2e21-4a6b-90f1-f451764a20d0","1","1","2","-100","465","24","87","1993","158","453","143","-88"
"1060d17b-2e21-4a6b-90f1-f451764a20d0","1","1","3","111","785","110","76","670","82","163","123","112"
"1060d17b-2e21-4a6b-90f1-f451764a20d0","1","1","4","113","700","109","80","888","89","840","86","99"
"1060d17b-2e21-4a6b-90f1-f451764a20d0","1","1","5","105","649","127","67","610","1419","224","82","71"
"1060d17b-2e21-4a6b-90f1-f451764a20d0","1","1","6","102","562","131","80","514","90","342","74","75"
"1060d17b-2e21-4a6b-90f1-f451764a20d0","1","1","7","93","402","11","103","492","32","370","98","104"
"1060d17b-2e21-4a6b-90f1-f451764a20d0","1","1","8","112","921","125","87","507","41","235","111","91"
"1060d17b-2e21-4a6b-90f1-f451764a20d0","1","1","9","103","313","12","91","506","24","178","111","74"
"1060d17b-2e21-4a6b-90f1-f451764a20d0","1","1","10","103","313","12","91","506","24","178","111","74"
"1060d17b-2e21-4a6b-90f1-f451764a20d0","2","1","0","80","371","5","83","473","29","276","21","87"
"1060d17b-2e21-4a6b-90f1-f451764a20d0","2","1","1","-117","483","12","76","206","712","279","6","95"
"1060d17b-2e21-4a6b-90f1-f451764a20d0","2","1","2","86","466","99","91","1558","195","215","8","87"
"1060d17b-2e21-4a6b-90f1-f451764a20d0","2","1","3","119","354","122","79","491","4","207","67","72"
"1060d17b-2e21-4a6b-90f1-f451764a20d0","2","1","4","88","392","98","69","796","24","239","94","80"
"1060d17b-2e21-4a6b-90f1-f451764a20d0","2","1","5","90","418","11","75","338","24","266","12","99"
"1060d17b-2e21-4a6b-90f1-f451764a20d0","2","1","6","113","375","21","80","352","63","215","12","83"
"1060d17b-2e21-4a6b-90f1-f451764a20d0","2","1","7","124","368","16","76","238","4","219","23","84"
"1060d17b-2e21-4a6b-90f1-f451764a20d0","2","1","8","95","343","28","88","240","8","248","71","95"
"10f69cd9-1e5d-4e54-93e8-bfbae554d069","0","1","0","83","491","195","151","192","176","384","2","88"
"10f69cd9-1e5d-4e54-93e8-bfbae554d069","0","1","1","95","353","174","95","239","388","240","190","105"
"10f69cd9-1e5d-4e54-93e8-bfbae554d069","0","1","2","82","332","190","-116","320","332","176","143","103"
"10f69cd9-1e5d-4e54-93e8-bfbae554d069","0","1","3","113","311","120","-74","328","160","193","182","-107"
"10f69cd9-1e5d-4e54-93e8-bfbae554d069","0","1","4","97","215","112","103","248","255","160","139","95"
"10f69cd9-1e5d-4e54-93e8-bfbae554d069","0","1","5","79","305","215","-86","184","295","159","126","1121"
"10f69cd9-1e5d-4e54-93e8-bfbae554d069","0","1","6","-82","154","102","-75","481","126","150","1","109"
"10f69cd9-1e5d-4e54-93e8-bfbae554d069","0","1","7","-89","224","135","71","198","136","1455","0","80"
"10f69cd9-1e5d-4e54-93e8-bfbae554d069","0","1","8","-85","212","757","960","649","183","2635","2","89"
"10f69cd9-1e5d-4e54-93e8-bfbae554d069","0","1","9","-56","256","141","-88","629","129","599","2","-64"
"10f69cd9-1e5d-4e54-93e8-bfbae554d069","0","1","10","-56","256","141","-88","629","129","599","2","-64"
"10f69cd9-1e5d-4e54-93e8-bfbae554d069","1","1","0","-75","584","147","-130","200","252","137","206","69"
"10f69cd9-1e5d-4e54-93e8-bfbae554d069","1","1","1","101","424","165","119","279","169","144","144","76"
"10f69cd9-1e5d-4e54-93e8-bfbae554d069","1","1","2","-88","319","80","-113","425","114","118","144","89"
"10f69cd9-1e5d-4e54-93e8-bfbae554d069","1","1","3","127","376","118","-111","346","120","167","119","-57"
"10f69cd9-1e5d-4e54-93e8-bfbae554d069","1","1","4","127","348","122","140","267","151","1286","99","-83"
"10f69cd9-1e5d-4e54-93e8-bfbae554d069","1","1","5","104","414","143","-97","529","128","140","216","94"
"10f69cd9-1e5d-4e54-93e8-bfbae554d069","1","1","6","122","342","126","-97","776","136","104","143","-84"
"10f69cd9-1e5d-4e54-93e8-bfbae554d069","1","1","7","101","327","142","-97","192","140","114","135","81"
"10f69cd9-1e5d-4e54-93e8-bfbae554d069","1","1","8","-100","282","142","-125","232","255","128","160","-94"
"10f69cd9-1e5d-4e54-93e8-bfbae554d069","1","1","9","-99","310","116","-103","407","111","1146","182","88"
"10f69cd9-1e5d-4e54-93e8-bfbae554d069","1","1","10","-99","310","116","-103","407","111","1146","182","88"
"10f69cd9-1e5d-4e54-93e8-bfbae554d069","2","1","0","95","548","1","120","295","615","127","125","92"
"10f69cd9-1e5d-4e54-93e8-bfbae554d069","2","1","1","88","366","146","123","223","168","336","182","-73"
"10f69cd9-1e5d-4e54-93e8-bfbae554d069","2","1","2","113","495","120","-96","767","118","240","111","88"
"10f69cd9-1e5d-4e54-93e8-bfbae554d069","2","1","3","113","424","146","-97","177","238","86","119","71"
"10f69cd9-1e5d-4e54-93e8-bfbae554d069","2","1","4","119","352","160","-104","353","103","1252","150","96"
"10f69cd9-1e5d-4e54-93e8-bfbae554d069","2","1","5","128","348","127","133","458","136","328","111","81"
"10f69cd9-1e5d-4e54-93e8-bfbae554d069","2","1","6","-132","329","115","90","390","135","168","143","95"
"10f69cd9-1e5d-4e54-93e8-bfbae554d069","2","1","7","125","293","150","98","558","168","275","103","77"
"10f69cd9-1e5d-4e54-93e8-bfbae554d069","2","1","8","-68","260","151","103","603","147","239","1","1074"
"10f69cd9-1e5d-4e54-93e8-bfbae554d069","2","1","9","100","307","153","103","195","151","263","1","103"
"10f69cd9-1e5d-4e54-93e8-bfbae554d069","2","1","10","100","307","153","103","195","151","263","1","103"
"183e93f8-2ef0-4250-be77-b2d8a02c1033","0","1","0","129","162","179","54","177","171","610","963","-58"
"183e93f8-2ef0-4250-be77-b2d8a02c1033","0","1","1","131","147","279","-107","153","462","1123","177","-66"
"183e93f8-2ef0-4250-be77-b2d8a02c1033","0","1","2","114","177","220","-103","45","192","507","233","-39"
"183e93f8-2ef0-4250-be77-b2d8a02c1033","0","1","3","-89","108","16","-74","517","145","1080","103","-63"
"183e93f8-2ef0-4250-be77-b2d8a02c1033","0","1","4","171","179","15","-102","319","5306","265","134","-61"
"183e93f8-2ef0-4250-be77-b2d8a02c1033","0","1","5","-101","169","187","-105","512","927","175","146","86"
"183e93f8-2ef0-4250-be77-b2d8a02c1033","1","1","0","132","196","14","-74","332","12","1996","959","-115"
"183e93f8-2ef0-4250-be77-b2d8a02c1033","1","1","1","99","167","148","-91","170","103","252","116","-60"
"183e93f8-2ef0-4250-be77-b2d8a02c1033","1","1","2","-134","138","137","-76","304","26","192","526","61"
"183e93f8-2ef0-4250-be77-b2d8a02c1033","1","1","3","-100","949","0","-105","405","10","404","88","56"
"183e93f8-2ef0-4250-be77-b2d8a02c1033","1","1","4","147","269","166","-89","233","16","1092","137","-109"
"183e93f8-2ef0-4250-be77-b2d8a02c1033","1","1","5","-85","181","128","-66","620","115","179","193","-113"
"183e93f8-2ef0-4250-be77-b2d8a02c1033","1","1","6","-118","1190","313","-150","182","1","165","149","-80"
"183e93f8-2ef0-4250-be77-b2d8a02c1033","1","1","7","-88","183","325","-134","266","11","164","136","-98"
"183e93f8-2ef0-4250-be77-b2d8a02c1033","1","1","8","-93","169","207","-166","43","993","175","179","-90"
"183e93f8-2ef0-4250-be77-b2d8a02c1033","2","1","0","-120","302","159","-60","240","13","511","88","-50"
"183e93f8-2ef0-4250-be77-b2d8a02c1033","2","1","1","-73","156","148","135","194","2440","164","33","-94"
"24404d19-ec5c-4c88-a836-0dbbdd7fc2f6","0","1","0","-63","320","153","-94","332","5","519","329","-82"
"24404d19-ec5c-4c88-a836-0dbbdd7fc2f6","0","1","2","-64","199","101","-114","407","172","271","171","80"
"24404d19-ec5c-4c88-a836-0dbbdd7fc2f6","0","1","4","80","530","2","-64","273","49","279","136","-58"
"24404d19-ec5c-4c88-a836-0dbbdd7fc2f6","0","1","5","-54","252","11","-76","215","64","308","135","-64"
"24404d19-ec5c-4c88-a836-0dbbdd7fc2f6","0","1","8","-68","258","143","-66","200","200","246","137","-68"
"24404d19-ec5c-4c88-a836-0dbbdd7fc2f6","0","1","9","-71","168","210","-79","195","57","213","114","102"
"24404d19-ec5c-4c88-a836-0dbbdd7fc2f6","0","1","10","-83","204","2","-95","92","515","720","134","-58"
"24404d19-ec5c-4c88-a836-0dbbdd7fc2f6","0","1","11","-83","204","2","-95","92","515","720","134","-58"
"24404d19-ec5c-4c88-a836-0dbbdd7fc2f6","1","1","0","-90","182","5","-129","273","35","276","171","71"
"24404d19-ec5c-4c88-a836-0dbbdd7fc2f6","1","1","2","-73","175","27","-93","317","40","277","141","64"
"24404d19-ec5c-4c88-a836-0dbbdd7fc2f6","1","1","7","-90","180","191","-87","319","77","235","184","-70"
"24404d19-ec5c-4c88-a836-0dbbdd7fc2f6","2","1","2","-80","154","5","-97","333","34","276","224","100"
"24404d19-ec5c-4c88-a836-0dbbdd7fc2f6","2","1","6","98","439","10","-89","616","32","218","119","638"
"2e69a799-4e15-43aa-aadb-ef5c0013c6fe","0","1","0","87","872","296","74","469","264","833","209","-141"
"2e69a799-4e15-43aa-aadb-ef5c0013c6fe","0","1","1","131","198","207","-70","668","271","6090","294","122"
"2e69a799-4e15-43aa-aadb-ef5c0013c6fe","0","1","2","-138","280","240","100","680","270","357","212","140"
"2e69a799-4e15-43aa-aadb-ef5c0013c6fe","0","1","3","129","235","254","70","254","306","1314","245","120"
"2e69a799-4e15-43aa-aadb-ef5c0013c6fe","0","1","4","118","193","235","84","342","742","344","292","107"
"2e69a799-4e15-43aa-aadb-ef5c0013c6fe","0","1","6","122","181","214","93","329","199","140","251","112"
"2e69a799-4e15-43aa-aadb-ef5c0013c6fe","0","1","7","-91","320","204","62","284","212","157","229","109"
"2e69a799-4e15-43aa-aadb-ef5c0013c6fe","0","1","8","124","202","199","102","609","1498","121","232","143"
"2e69a799-4e15-43aa-aadb-ef5c0013c6fe","0","1","9","102","238","180","100","1127","286","246","218","85"
"2e69a799-4e15-43aa-aadb-ef5c0013c6fe","0","1","10","102","238","180","100","1127","286","246","218","85"
"2e69a799-4e15-43aa-aadb-ef5c0013c6fe","1","1","1","143","273","202","-96","388","231","241","160","118"
"2e69a799-4e15-43aa-aadb-ef5c0013c6fe","1","1","2","115","2376","227","103","481","219","413","328","127"
"2e69a799-4e15-43aa-aadb-ef5c0013c6fe","1","1","3","117","2060","199","84","134","1295","2084","154","103"
"2e69a799-4e15-43aa-aadb-ef5c0013c6fe","1","1","4","142","315","187","77","833","232","268","218","120"
"2e69a799-4e15-43aa-aadb-ef5c0013c6fe","1","1","5","-152","319","210","88","457","228","660","261","107"
"2e69a799-4e15-43aa-aadb-ef5c0013c6fe","1","1","6","-148","237","189","108","360","255","187","197","125"
"2e69a799-4e15-43aa-aadb-ef5c0013c6fe","1","1","7","149","223","211","103","436","241","276","221","158"
"2e69a799-4e15-43aa-aadb-ef5c0013c6fe","1","1","8","-137","923","242","123","257","259","267","225","130"
"2e69a799-4e15-43aa-aadb-ef5c0013c6fe","1","1","9","-110","307","214","97","466","257","477","181","137"
"2e69a799-4e15-43aa-aadb-ef5c0013c6fe","1","1","10","-110","307","214","97","466","257","477","181","137"
"2e69a799-4e15-43aa-aadb-ef5c0013c6fe","2","1","0","-67","265","176","79","124","3479","411","204","-125"
"2e69a799-4e15-43aa-aadb-ef5c0013c6fe","2","1","2","136","302","177","93","332","190","247","192","154"
"2e69a799-4e15-43aa-aadb-ef5c0013c6fe","2","1","4","-127","288","176","81","127","1489","184","238","-115"
"2e69a799-4e15-43aa-aadb-ef5c0013c6fe","2","1","5","-79","273","201","69","386","221","305","235","1677"
"2e69a799-4e15-43aa-aadb-ef5c0013c6fe","2","1","6","-144","338","175","90","321","219","597","190","-143"
"2e69a799-4e15-43aa-aadb-ef5c0013c6fe","2","1","7","95","736","239","91","299","262","756","134","-126"
"2e69a799-4e15-43aa-aadb-ef5c0013c6fe","2","1","8","-104","296","179","84","277","506","370","196","848"
"2e69a799-4e15-43aa-aadb-ef5c0013c6fe","2","1","9","-122","269","174","81","605","185","301","290","-123"
"2e69a799-4e15-43aa-aadb-ef5c0013c6fe","2","1","10","-122","269","174","81","605","185","301","290","-123"
"43a2b7d3-9d57-4a08-a564-db94470b0320","0","1","0","101","639","175","78","575","158","2571","182","112"
"43a2b7d3-9d57-4a08-a564-db94470b0320","0","1","1","109","520","176","80","780","142","1504","181","79"
"43a2b7d3-9d57-4a08-a564-db94470b0320","0","1","2","125","596","151","60","796","127","1045","133","72"
"43a2b7d3-9d57-4a08-a564-db94470b0320","0","1","3","117","588","144","88","704","104","1216","104","80"
"43a2b7d3-9d57-4a08-a564-db94470b0320","0","1","4","127","556","127","96","840","96","842","143","104"
"43a2b7d3-9d57-4a08-a564-db94470b0320","0","1","5","136","431","143","127","655","143","312","233","63"
"43a2b7d3-9d57-4a08-a564-db94470b0320","0","1","6","101","456","167","64","889","128","3396","183","72"
"43a2b7d3-9d57-4a08-a564-db94470b0320","0","1","7","125","756","151","80","860","143","425","151","72"
"43a2b7d3-9d57-4a08-a564-db94470b0320","0","1","8","-160","583","167","87","783","135","878","135","112"
"43a2b7d3-9d57-4a08-a564-db94470b0320","0","1","9","143","472","136","64","656","144","328","192","80"
"43a2b7d3-9d57-4a08-a564-db94470b0320","0","1","10","143","472","136","64","656","144","328","192","80"
"43a2b7d3-9d57-4a08-a564-db94470b0320","1","1","0","-92","511","151","128","634","100","971","120","86"
"43a2b7d3-9d57-4a08-a564-db94470b0320","1","1","1","-110","470","143","120","816","263","1108","118","-114"
"43a2b7d3-9d57-4a08-a564-db94470b0320","1","1","2","-133","472","143","96","760","119","892","134","71"
"43a2b7d3-9d57-4a08-a564-db94470b0320","1","1","3","-125","482","7","88","524","125","336","162","88"
"43a2b7d3-9d57-4a08-a564-db94470b0320","1","1","4","141","597","135","79","732","95","428","153","135"
"43a2b7d3-9d57-4a08-a564-db94470b0320","1","1","5","-117","518","143","80","840","95","888","230","88"
"43a2b7d3-9d57-4a08-a564-db94470b0320","1","1","6","-85","734","135","72","959","95","878","143","71"
"43a2b7d3-9d57-4a08-a564-db94470b0320","1","1","7","130","942","128","80","968","71","373","167","63"
"43a2b7d3-9d57-4a08-a564-db94470b0320","1","1","8","61","877","135","-73","454","0","375","119","76"
"43a2b7d3-9d57-4a08-a564-db94470b0320","1","1","9","80","481","135","64","1404","150","478","127","64"
"43a2b7d3-9d57-4a08-a564-db94470b0320","1","1","10","80","481","135","64","1404","150","478","127","64"
"43a2b7d3-9d57-4a08-a564-db94470b0320","2","1","0","172","505","151","117","784","168","1147","216","127"
"43a2b7d3-9d57-4a08-a564-db94470b0320","2","1","1","156","683","162","127","825","144","728","244","-107"
"43a2b7d3-9d57-4a08-a564-db94470b0320","2","1","2","-126","676","152","121","517","152","826","184","138"
"43a2b7d3-9d57-4a08-a564-db94470b0320","2","1","3","-119","555","151","122","861","206","430","158","86"
"43a2b7d3-9d57-4a08-a564-db94470b0320","2","1","4","-152","437","159","87","520","455","735","161","84"
"43a2b7d3-9d57-4a08-a564-db94470b0320","2","1","5","-132","442","175","93","678","143","435","162","93"
"43a2b7d3-9d57-4a08-a564-db94470b0320","2","1","6","179","430","159","127","639","411","577","215","-156"
"43a2b7d3-9d57-4a08-a564-db94470b0320","2","1","7","169","411","151","118","792","151","920","167","105"
"43a2b7d3-9d57-4a08-a564-db94470b0320","2","1","8","143","369","199","-112","596","192","815","159","103"
"43a2b7d3-9d57-4a08-a564-db94470b0320","2","1","9","162","434","158","112","584","480","296","137","71"
"43a2b7d3-9d57-4a08-a564-db94470b0320","2","1","10","162","434","158","112","584","480","296","137","71"
"4dfc506d-5928-4039-b257-1767b88d3276","0","1","0","-88","150","136","-81","756","140","1106","159","-62"
"4dfc506d-5928-4039-b257-1767b88d3276","0","1","1","-73","111","134","-110","410","71","863","116","-48"
"4dfc506d-5928-4039-b257-1767b88d3276","0","1","2","-45","199","2176","-81","325","138","515","112","-88"
"4dfc506d-5928-4039-b257-1767b88d3276","0","1","3","-68","140","1881","82","575","141","300","125","-88"
"4dfc506d-5928-4039-b257-1767b88d3276","1","1","0","-59","103","190","-70","152","95","773","98","-77"
"4dfc506d-5928-4039-b257-1767b88d3276","1","1","3","-62","72","404","2460","406","82","220","96","-46"
"4dfc506d-5928-4039-b257-1767b88d3276","1","1","4","-104","118","130","-87","203","1178","74","146","-72"
"4dfc506d-5928-4039-b257-1767b88d3276","1","1","6","-52","43","123","-51","175","198","5680","446","-69"
"4dfc506d-5928-4039-b257-1767b88d3276","1","1","8","-58","77","161","-82","95","118","184","2115","97"
"5b834c47-8cef-4bdb-af3a-0fb64c36ff07","0","1","0","74","510","63","66","692","85","172","62","58"
"5b834c47-8cef-4bdb-af3a-0fb64c36ff07","0","1","1","73","529","81","55","559","97","233","9","41"
"5b834c47-8cef-4bdb-af3a-0fb64c36ff07","0","1","2","51","1079","81","53","1890","85","466","72","59"
"5b834c47-8cef-4bdb-af3a-0fb64c36ff07","0","1","3","63","600","83","50","732","84","347","72","75"
"5b834c47-8cef-4bdb-af3a-0fb64c36ff07","0","1","4","69","551","64","54","853","93","859","92","58"
"5b834c47-8cef-4bdb-af3a-0fb64c36ff07","0","1","5","38","565","108","47","701","89","142","73","76"
"5b834c47-8cef-4bdb-af3a-0fb64c36ff07","0","1","6","65","583","73","50","595","106","187","86","50"
"5b834c47-8cef-4bdb-af3a-0fb64c36ff07","0","1","7","83","664","81","52","680","86","429","61","82"
"5b834c47-8cef-4bdb-af3a-0fb64c36ff07","0","1","8","88","578","76","53","709","90","197","56","54"
"5b834c47-8cef-4bdb-af3a-0fb64c36ff07","0","1","9","77","518","77","59","701","85","206","56","51"
"5b834c47-8cef-4bdb-af3a-0fb64c36ff07","0","1","10","77","518","77","59","701","85","206","56","51"
"5b834c47-8cef-4bdb-af3a-0fb64c36ff07","1","1","0","104","506","77","51","547","126","253","93","37"
"5b834c47-8cef-4bdb-af3a-0fb64c36ff07","1","1","1","86","521","128","56","536","125","217","100","75"
"5b834c47-8cef-4bdb-af3a-0fb64c36ff07","1","1","2","82","504","151","47","849","94","195","107","63"
"5b834c47-8cef-4bdb-af3a-0fb64c36ff07","1","1","3","-93","641","107","56","1151","108","206","91","56"
"5b834c47-8cef-4bdb-af3a-0fb64c36ff07","1","1","4","-61","618","104","51","653","68","978","78","62"
"5b834c47-8cef-4bdb-af3a-0fb64c36ff07","1","1","5","74","546","109","50","688","124","191","99","97"
"5b834c47-8cef-4bdb-af3a-0fb64c36ff07","1","1","6","85","475","110","54","560","94","267","89","58"
"5b834c47-8cef-4bdb-af3a-0fb64c36ff07","1","1","7","95","625","102","51","793","115","342","74","68"
"5b834c47-8cef-4bdb-af3a-0fb64c36ff07","1","1","8","99","602","114","53","409","102","165","88","59"
"5b834c47-8cef-4bdb-af3a-0fb64c36ff07","1","1","9","92","593","113","59","418","93","159","65","63"
"5b834c47-8cef-4bdb-af3a-0fb64c36ff07","1","1","10","92","593","113","59","418","93","159","65","63"
"5b834c47-8cef-4bdb-af3a-0fb64c36ff07","2","1","0","-61","782","79","44","608","101","161","81","63"
"5b834c47-8cef-4bdb-af3a-0fb64c36ff07","2","1","2","-111","1568","566","5","2223","97","644","8","53"
"5b834c47-8cef-4bdb-af3a-0fb64c36ff07","2","1","3","77","663","77","49","802","97","195","8","54"
"5b834c47-8cef-4bdb-af3a-0fb64c36ff07","2","1","4","-62","558","101","48","736","103","115","58","55"
"5b834c47-8cef-4bdb-af3a-0fb64c36ff07","2","1","5","-84","763","105","45","702","100","215","5","48"
"5b834c47-8cef-4bdb-af3a-0fb64c36ff07","2","1","6","-62","602","65","46","604","86","157","58","47"
"5b834c47-8cef-4bdb-af3a-0fb64c36ff07","2","1","7","-100","515","103","55","489","2513","648","72","46"
"5b834c47-8cef-4bdb-af3a-0fb64c36ff07","2","1","8","-74","916","129","31","752","110","145","47","50"
"5b834c47-8cef-4bdb-af3a-0fb64c36ff07","2","1","9","-34","570","90","44","425","156","140","50","48"
"5b834c47-8cef-4bdb-af3a-0fb64c36ff07","2","1","10","-34","570","90","44","425","156","140","50","48"
"5bb2e225-97b1-4e34-ad76-4fe1249d664c","0","1","0","86","214","240","84","288","179","300","164","87"
"5bb2e225-97b1-4e34-ad76-4fe1249d664c","0","1","1","86","214","240","84","288","179","300","164","87"
"5bb2e225-97b1-4e34-ad76-4fe1249d664c","1","1","0","76","211","153","90","149","196","1427","616","58"
"5bb2e225-97b1-4e34-ad76-4fe1249d664c","1","1","2","58","226","196","91","182","1138","419","136","58"
"64d50c85-15cf-4c7f-a23e-29347123ef5f","0","1","11","94","2029","192","76","1117","151","1482","115","99"
"64d50c85-15cf-4c7f-a23e-29347123ef5f","1","1","3","82","997","112","67","673","91","880","127","72"
"6f2e2139-b4e8-4092-8b40-a79c691b9e4d","0","1","1","-93","639","159","78","663","23","123","167","-90"
"6f2e2139-b4e8-4092-8b40-a79c691b9e4d","0","1","2","117","72","235","134","781","250","195","86","132"
"6f2e2139-b4e8-4092-8b40-a79c691b9e4d","0","1","3","-67","702","176","101","669","204","212","94","-91"
"6f2e2139-b4e8-4092-8b40-a79c691b9e4d","0","1","4","-110","251","193","115","426","171","147","192","-101"
"6f2e2139-b4e8-4092-8b40-a79c691b9e4d","0","1","5","-111","482","169","90","316","163","196","118","-152"
"6f2e2139-b4e8-4092-8b40-a79c691b9e4d","0","1","6","-94","176","183","97","752","135","155","168","153"
"6f2e2139-b4e8-4092-8b40-a79c691b9e4d","0","1","7","-74","431","182","77","364","184","145","141","132"
"6f2e2139-b4e8-4092-8b40-a79c691b9e4d","0","1","8","92","172","281","86","1395","184","124","134","154"
"6f2e2139-b4e8-4092-8b40-a79c691b9e4d","0","1","9","-107","301","194","76","951","176","132","130","-76"
"6f2e2139-b4e8-4092-8b40-a79c691b9e4d","0","1","10","-107","301","194","76","951","176","132","130","-76"
"6f2e2139-b4e8-4092-8b40-a79c691b9e4d","1","1","0","-128","1659","260","-81","779","4455","124","240","-99"
"6f2e2139-b4e8-4092-8b40-a79c691b9e4d","1","1","1","-73","500","146","-122","2068","155","253","114","-69"
"6f2e2139-b4e8-4092-8b40-a79c691b9e4d","1","1","2","-94","711","131","-101","762","226","87","152","-135"
"6f2e2139-b4e8-4092-8b40-a79c691b9e4d","1","1","3","147","520","165","111","350","193","191","96","889"
"6f2e2139-b4e8-4092-8b40-a79c691b9e4d","1","1","4","-99","737","145","87","1474","212","86","80","-126"
"6f2e2139-b4e8-4092-8b40-a79c691b9e4d","1","1","5","-71","167","174","82","749","183","124","67","-74"
"6f2e2139-b4e8-4092-8b40-a79c691b9e4d","1","1","6","99","265","154","142","316","208","142","144","-65"
"6f2e2139-b4e8-4092-8b40-a79c691b9e4d","1","1","7","-72","448","126","-97","391","175","-82","77","148"
"6f2e2139-b4e8-4092-8b40-a79c691b9e4d","1","1","8","-80","487","154","-84","509","204","-53","49","-107"
"6f2e2139-b4e8-4092-8b40-a79c691b9e4d","1","1","9","-99","522","184","-141","598","199","-98","48","-133"
"6f2e2139-b4e8-4092-8b40-a79c691b9e4d","1","1","10","-99","522","184","-141","598","199","-98","48","-133"
"6f2e2139-b4e8-4092-8b40-a79c691b9e4d","2","1","0","-101","3004","159","88","925","164","129","164","137"
"6f2e2139-b4e8-4092-8b40-a79c691b9e4d","2","1","1","-92","1408","130","-110","1229","213","-102","48","-73"
"6f2e2139-b4e8-4092-8b40-a79c691b9e4d","2","1","2","147","434","196","-104","631","184","153","176","-125"
"6f2e2139-b4e8-4092-8b40-a79c691b9e4d","2","1","3","-73","276","187","96","538","174","156","84","-66"
"6f2e2139-b4e8-4092-8b40-a79c691b9e4d","2","1","4","-82","689","209","-106","507","168","-63","44","-92"
"6f2e2139-b4e8-4092-8b40-a79c691b9e4d","2","1","5","129","158","222","-123","410","163","-69","42","-86"
"6f2e2139-b4e8-4092-8b40-a79c691b9e4d","2","1","6","125","347","157","-115","277","39","-76","54","-99"
"6f2e2139-b4e8-4092-8b40-a79c691b9e4d","2","1","7","-89","270","144","-111","169","38","-78","47","-73"
"6f2e2139-b4e8-4092-8b40-a79c691b9e4d","2","1","8","-66","342","213","-97","514","205","-76","48","-70"
"6f2e2139-b4e8-4092-8b40-a79c691b9e4d","2","1","9","-112","131","261","-109","1676","204","-67","57","-70"
"6f2e2139-b4e8-4092-8b40-a79c691b9e4d","2","1","10","-112","131","261","-109","1676","204","-67","57","-70"
"74b61803-d2f8-4edc-8f94-6699f321d3a8","0","1","0","124","793","345","65","434","385","1103","495","85"
"74b61803-d2f8-4edc-8f94-6699f321d3a8","0","1","2","117","1295","354","70","461","299","443","174","51"
"74b61803-d2f8-4edc-8f94-6699f321d3a8","1","1","0","149","1090","325","76","914","79","565","443","3335"
"74b61803-d2f8-4edc-8f94-6699f321d3a8","1","1","1","96","763","424","61","362","445","202","255","86"
"74b61803-d2f8-4edc-8f94-6699f321d3a8","1","1","2","105","66995","341","65","709","276","426","197","82"
"74b61803-d2f8-4edc-8f94-6699f321d3a8","1","1","3","134","781","366","97","1077","288","488","47","86"
"74b61803-d2f8-4edc-8f94-6699f321d3a8","1","1","4","83","945","427","83","776","273","353","258","89"
"74b61803-d2f8-4edc-8f94-6699f321d3a8","1","1","5","87","1404","336","89","383","294","535","53","82"
"74b61803-d2f8-4edc-8f94-6699f321d3a8","1","1","6","97","970","406","73","1014","313","4003","38","83"
"74b61803-d2f8-4edc-8f94-6699f321d3a8","1","1","7","99","837","367","102","981","9131","227","195","67"
"76ceee13-0c73-46a3-9d3c-936d65b65283","0","1","0","123","493","173","107","541","286","535","317","86"
"76ceee13-0c73-46a3-9d3c-936d65b65283","0","1","1","-84","448","300","60","846","225","618","124","-79"
"76ceee13-0c73-46a3-9d3c-936d65b65283","0","1","2","72","384","199","80","593","121","501","195","67"
"76ceee13-0c73-46a3-9d3c-936d65b65283","0","1","3","121","431","323","58","209","156","312","123","-87"
"76ceee13-0c73-46a3-9d3c-936d65b65283","0","1","4","119","352","184","95","418","215","251","161","-53"
"76ceee13-0c73-46a3-9d3c-936d65b65283","0","1","5","86","507","198","73","263","160","379","187","-114"
"76ceee13-0c73-46a3-9d3c-936d65b65283","0","1","6","103","445","244","65","272","221","203","189","-79"
"76ceee13-0c73-46a3-9d3c-936d65b65283","0","1","7","86","471","491","67","14","1941","627","121","81"
"76ceee13-0c73-46a3-9d3c-936d65b65283","0","1","8","49","463","178","70","273","161","283","178","92"
"76ceee13-0c73-46a3-9d3c-936d65b65283","0","1","9","107","502","249","77","229","206","235","192","70"
"76ceee13-0c73-46a3-9d3c-936d65b65283","0","1","10","107","502","249","77","229","206","235","192","70"
"76ceee13-0c73-46a3-9d3c-936d65b65283","1","1","0","-65","461","196","79","249","216","503","212","-71"
"76ceee13-0c73-46a3-9d3c-936d65b65283","1","1","1","-78","489","343","89","247","344","1112","139","99"
"76ceee13-0c73-46a3-9d3c-936d65b65283","1","1","2","108","381","183","97","331","238","293","151","-86"
"76ceee13-0c73-46a3-9d3c-936d65b65283","1","1","3","95","451","205","68","217","180","534","170","85"
"76ceee13-0c73-46a3-9d3c-936d65b65283","1","1","4","-65","523","210","69","250","189","564","124","-85"
"76ceee13-0c73-46a3-9d3c-936d65b65283","1","1","5","-73","407","188","60","225","168","272","160","77"
"76ceee13-0c73-46a3-9d3c-936d65b65283","1","1","6","77","347","212","56","307","293","348","124","-46"
"76ceee13-0c73-46a3-9d3c-936d65b65283","1","1","7","-60","331","437","101","424","185","776","129","-72"
"76ceee13-0c73-46a3-9d3c-936d65b65283","1","1","8","50","387","328","77","275","209","138","137","106"
"76ceee13-0c73-46a3-9d3c-936d65b65283","2","1","0","93","360","213","73","161","192","209","788","-85"
"76ceee13-0c73-46a3-9d3c-936d65b65283","2","1","1","101","401","238","66","337","174","676","165","97"
"76ceee13-0c73-46a3-9d3c-936d65b65283","2","1","2","128","406","241","59","194","196","153","184","79"
"76ceee13-0c73-46a3-9d3c-936d65b65283","2","1","3","990","296","298","109","263","174","124","144","-71"
"76ceee13-0c73-46a3-9d3c-936d65b65283","2","1","4","84","414","230","52","1134","213","157","156","74"
"76ceee13-0c73-46a3-9d3c-936d65b65283","2","1","5","91","569","224","60","662","176","618","124","99"
"76ceee13-0c73-46a3-9d3c-936d65b65283","2","1","6","57","340","151","71","188","152","88","147","84"
"76ceee13-0c73-46a3-9d3c-936d65b65283","2","1","7","-95","450","235","80","287","136","154","184","95"
"76ceee13-0c73-46a3-9d3c-936d65b65283","2","1","9","97","378","131","79","200","172","95","133","96"
"76ceee13-0c73-46a3-9d3c-936d65b65283","2","1","10","97","378","131","79","200","172","95","133","96"
"78274e72-031c-4168-bb19-ef98352003a6","0","1","0","46","4014","1","61","1104","0","63","80","48"
"78274e72-031c-4168-bb19-ef98352003a6","0","1","1","79","818","1","64","544","112","61","64","78"
"78274e72-031c-4168-bb19-ef98352003a6","0","1","2","96","784","128","80","1313","96","65","64","96"
"78274e72-031c-4168-bb19-ef98352003a6","0","1","3","46","657","142","63","671","46","81","64","48"
"78274e72-031c-4168-bb19-ef98352003a6","0","1","4","47","800","111","64","992","1","63","112","63"
"78274e72-031c-4168-bb19-ef98352003a6","0","1","5","61","720","0","64","993","64","62","63","63"
"78274e72-031c-4168-bb19-ef98352003a6","0","1","6","64","705","81","64","625","15","64","95","48"
"78274e72-031c-4168-bb19-ef98352003a6","0","1","7","78","1153","80","61","547","16","113","64","63"
"78274e72-031c-4168-bb19-ef98352003a6","0","1","8","77","560","96","64","768","15","80","79","96"
"78274e72-031c-4168-bb19-ef98352003a6","0","1","9","63","418","112","64","593","32","78","95","63"
"78274e72-031c-4168-bb19-ef98352003a6","0","1","10","63","418","112","64","593","32","78","95","63"
"78274e72-031c-4168-bb19-ef98352003a6","1","1","0","79","4529","80","79","464","0","48","47","80"
"78274e72-031c-4168-bb19-ef98352003a6","1","1","1","64","2607","112","63","385","0","80","112","127"
"78274e72-031c-4168-bb19-ef98352003a6","1","1","2","80","576","128","65","832","31","95","111","63"
"78274e72-031c-4168-bb19-ef98352003a6","1","1","3","64","881","143","81","449","96","111","64","81"
"78274e72-031c-4168-bb19-ef98352003a6","1","1","4","79","1760","16","80","736","31","64","64","80"
"78274e72-031c-4168-bb19-ef98352003a6","1","1","5","63","336","112","64","720","32","1296","112","80"
"78274e72-031c-4168-bb19-ef98352003a6","1","1","6","64","944","2112","64","832","1","64","64","80"
"78274e72-031c-4168-bb19-ef98352003a6","1","1","7","111","576","97","80","1168","1","48","48","64"
"78274e72-031c-4168-bb19-ef98352003a6","1","1","8","64","992","112","64","800","16","112","48","80"
"78274e72-031c-4168-bb19-ef98352003a6","1","1","9","63","528","160","64","576","16","112","95","80"
"78274e72-031c-4168-bb19-ef98352003a6","1","1","10","63","528","160","64","576","16","112","95","80"
"78274e72-031c-4168-bb19-ef98352003a6","2","1","0","41","4847","96","80","401","1","1631","64","79"
"78274e72-031c-4168-bb19-ef98352003a6","2","1","1","93","767","96","79","768","0","80","80","62"
"78274e72-031c-4168-bb19-ef98352003a6","2","1","2","60","481","110","80","1009","112","80","46","78"
"78274e72-031c-4168-bb19-ef98352003a6","2","1","3","47","462","144","79","466","79","64","78","78"
"78274e72-031c-4168-bb19-ef98352003a6","2","1","4","63","607","97","80","1281","80","64","81","112"
"78274e72-031c-4168-bb19-ef98352003a6","2","1","5","62","322","111","78","995","97","96","129","93"
"78274e72-031c-4168-bb19-ef98352003a6","2","1","6","47","1312","2495","64","800","80","63","80","97"
"78274e72-031c-4168-bb19-ef98352003a6","2","1","7","63","480","111","80","419","81","96","63","95"
"78274e72-031c-4168-bb19-ef98352003a6","2","1","8","47","1055","81","79","530","1","112","80","112"
"78274e72-031c-4168-bb19-ef98352003a6","2","1","9","15","1216","112","64","352","1","64","62","80"
"78274e72-031c-4168-bb19-ef98352003a6","2","1","10","15","1216","112","64","352","1","64","62","80"
"78274e72-031c-4168-bb19-ef98352003a6","2","1","11","15","1216","112","64","352","1","64","62","80"
"7f51dfb9-2994-446b-b18f-be0095e0e0a8","0","1","0","80","541","282","104","448","127","454","387","-89"
"7f51dfb9-2994-446b-b18f-be0095e0e0a8","0","1","1","109","326","211","103","289","199","389","237","104"
"7f51dfb9-2994-446b-b18f-be0095e0e0a8","0","1","2","98","274","229","116","381","227","699","204","99"
"7f51dfb9-2994-446b-b18f-be0095e0e0a8","0","1","3","-91","412","235","97","291","133","501","154","89"
"7f51dfb9-2994-446b-b18f-be0095e0e0a8","0","1","4","-93","164","295","102","321","97","436","135","-75"
"7f51dfb9-2994-446b-b18f-be0095e0e0a8","0","1","5","58","245","188","97","241","15","427","232","71"
"7f51dfb9-2994-446b-b18f-be0095e0e0a8","0","1","6","77","253","197","95","253","2","649","183","101"
"7f51dfb9-2994-446b-b18f-be0095e0e0a8","0","1","7","88","1542","273","96","234","236","359","183","91"
"7f51dfb9-2994-446b-b18f-be0095e0e0a8","0","1","9","-87","226","326","108","309","168","294","151","93"
"7f51dfb9-2994-446b-b18f-be0095e0e0a8","0","1","10","-87","226","326","108","309","168","294","151","93"
"7f51dfb9-2994-446b-b18f-be0095e0e0a8","1","1","0","54","486","211","75","225","138","447","194","75"
"7f51dfb9-2994-446b-b18f-be0095e0e0a8","1","1","1","-94","175","278","93","317","162","350","129","76"
"7f51dfb9-2994-446b-b18f-be0095e0e0a8","1","1","2","-81","518","213","76","203","2099","669","189","71"
"7f51dfb9-2994-446b-b18f-be0095e0e0a8","1","1","3","-102","364","679","551","618","2392","656","176","69"
"7f51dfb9-2994-446b-b18f-be0095e0e0a8","1","1","4","98","346","235","68","178","194","610","146","69"
"7f51dfb9-2994-446b-b18f-be0095e0e0a8","1","1","5","93","411","247","114","743","139","666","193","106"
"7f51dfb9-2994-446b-b18f-be0095e0e0a8","1","1","7","-104","195","261","93","226","159","385","179","87"
"7f51dfb9-2994-446b-b18f-be0095e0e0a8","1","1","8","60","295","196","76","109","623","875","1291","94"
"9a28ea73-1f26-4647-a236-ccf56a82f33b","0","1","0","-56","148","140","-49","445","111","1383","158","-75"
"9a28ea73-1f26-4647-a236-ccf56a82f33b","0","1","1","-64","185","125","-55","117","3","896","109","-65"
"9a28ea73-1f26-4647-a236-ccf56a82f33b","0","1","2","-74","187","138","-62","426","18","455","100","-36"
"9a28ea73-1f26-4647-a236-ccf56a82f33b","0","1","3","-58","262","133","-53","141","33","1022","121","-46"
"9a28ea73-1f26-4647-a236-ccf56a82f33b","0","1","4","-71","140","125","-52","414","127","423","104","-51"
"9a28ea73-1f26-4647-a236-ccf56a82f33b","0","1","5","-62","132","131","-42","308","14","194","122","-71"
"9a28ea73-1f26-4647-a236-ccf56a82f33b","0","1","6","-66","126","105","-65","305","6","115","126","-72"
"9a28ea73-1f26-4647-a236-ccf56a82f33b","0","1","7","-78","153","169","-71","174","146","14589","88","-55"
"9a28ea73-1f26-4647-a236-ccf56a82f33b","0","1","8","-76","93","148","-65","98","984","1415","101","-40"
"9a28ea73-1f26-4647-a236-ccf56a82f33b","0","1","9","-54","146","134","-67","142","3615","3835","114","-38"
"9a28ea73-1f26-4647-a236-ccf56a82f33b","0","1","10","-54","146","134","-67","142","3615","3835","114","-38"
"9a28ea73-1f26-4647-a236-ccf56a82f33b","0","1","11","-52","137","121","-68","136","117","199","106","-64"
"9a28ea73-1f26-4647-a236-ccf56a82f33b","0","1","12","-70","181","124","-70","448","158","116","102","-109"
"9a28ea73-1f26-4647-a236-ccf56a82f33b","0","1","13","-88","137","108","-48","130","28","97","75","-61"
"9a28ea73-1f26-4647-a236-ccf56a82f33b","0","1","14","-73","132","124","-62","296","112","536","84","-79"
"9a28ea73-1f26-4647-a236-ccf56a82f33b","0","1","15","-69","97","120","-87","266","11","156","100","-52"
"9a28ea73-1f26-4647-a236-ccf56a82f33b","0","1","16","-73","89","158","-89","126","122","104","78","-61"
"9a28ea73-1f26-4647-a236-ccf56a82f33b","0","1","17","-111","158","128","-64","93","29","85","0","-53"
"9a28ea73-1f26-4647-a236-ccf56a82f33b","0","1","18","-58","10","134","-63","134","20","253","76","-54"
"9a28ea73-1f26-4647-a236-ccf56a82f33b","0","1","19","-75","1","119","-58","227","13","131","88","-68"
"9a28ea73-1f26-4647-a236-ccf56a82f33b","0","1","20","-54","119","133","-70","106","42","130","92","-82"
"9a28ea73-1f26-4647-a236-ccf56a82f33b","0","1","21","-54","119","133","-70","106","42","130","92","-82"
"9a28ea73-1f26-4647-a236-ccf56a82f33b","1","1","0","61","109","113","-63","855","142","152","109","-70"
"9a28ea73-1f26-4647-a236-ccf56a82f33b","1","1","1","-69","87","153","-44","94","4","95","90","-83"
"9a28ea73-1f26-4647-a236-ccf56a82f33b","1","1","2","-70","104","164","-46","104","161","96","106","-53"
"9a28ea73-1f26-4647-a236-ccf56a82f33b","1","1","3","-44","47","125","-44","116","32","120","133","-44"
"9a28ea73-1f26-4647-a236-ccf56a82f33b","1","1","4","-65","90","137","-46","138","105","99","109","-59"
"9a28ea73-1f26-4647-a236-ccf56a82f33b","1","1","5","-64","125","182","-46","118","135","74","109","-61"
"9a28ea73-1f26-4647-a236-ccf56a82f33b","1","1","6","-58","98","129","-55","142","3","104","143","-55"
"9a28ea73-1f26-4647-a236-ccf56a82f33b","1","1","7","-90","80","121","-51","101","51","83","77","-72"
"9a28ea73-1f26-4647-a236-ccf56a82f33b","1","1","8","-49","84","121","-58","155","37","79","1","-60"
"9a28ea73-1f26-4647-a236-ccf56a82f33b","1","1","9","-56","90","113","-71","43","1814","683","67","-58"
"9a28ea73-1f26-4647-a236-ccf56a82f33b","1","1","10","-56","90","113","-71","43","1814","683","67","-58"
"9a28ea73-1f26-4647-a236-ccf56a82f33b","2","1","0","-81","414","135","-47","181","193","186","125","-36"
"9a28ea73-1f26-4647-a236-ccf56a82f33b","2","1","1","-89","105","145","-71","109","117","78","77","-65"
"9a28ea73-1f26-4647-a236-ccf56a82f33b","2","1","2","74","133","116","-67","102","18","99","132","-74"
"9a28ea73-1f26-4647-a236-ccf56a82f33b","2","1","3","-71","79","332","-34","154","129","101","183","-59"
"9a28ea73-1f26-4647-a236-ccf56a82f33b","2","1","4","-101","145","146","-47","101","23","183","3","-86"
"9a28ea73-1f26-4647-a236-ccf56a82f33b","2","1","5","-80","6","122","-56","105","13","122","82","-74"
"9a28ea73-1f26-4647-a236-ccf56a82f33b","2","1","6","-57","285","97","-43","99","8","102","12","-71"
"9a28ea73-1f26-4647-a236-ccf56a82f33b","2","1","7","-52","122","119","-75","109","19","116","105","-64"
"9a28ea73-1f26-4647-a236-ccf56a82f33b","2","1","8","-76","107","93","-89","127","33","152","112","-48"
"9a28ea73-1f26-4647-a236-ccf56a82f33b","2","1","9","-73","106","131","-39","71","92","131","99","-70"
"9a28ea73-1f26-4647-a236-ccf56a82f33b","2","1","10","-73","106","131","-39","71","92","131","99","-70"
"a11b642e-75bc-4ae8-bb00-cbff9c3b2e88","1","1","0","4955","4659","418","125","1754","312","86","118","97"
"a11b642e-75bc-4ae8-bb00-cbff9c3b2e88","1","1","1","100","1546","336","106","1433","244","72","104","96"
"a11b642e-75bc-4ae8-bb00-cbff9c3b2e88","1","1","2","71","916","192","101","1163","175","92","93","66"
"a11b642e-75bc-4ae8-bb00-cbff9c3b2e88","1","1","3","100","1516","197","105","1004","184","68","88","89"
"a11b642e-75bc-4ae8-bb00-cbff9c3b2e88","1","1","4","112","1145","194","106","1407","236","99","105","91"
"a11b642e-75bc-4ae8-bb00-cbff9c3b2e88","1","1","5","116","932","218","110","952","179","70","97","95"
"a11b642e-75bc-4ae8-bb00-cbff9c3b2e88","1","1","6","91","876","289","102","1667","222","88","110","100"
"a11b642e-75bc-4ae8-bb00-cbff9c3b2e88","1","1","7","112","984","201","100","1110","193","87","89","106"
"a11b642e-75bc-4ae8-bb00-cbff9c3b2e88","1","1","8","94","1364","290","106","1456","199","83","90","80"
"a11b642e-75bc-4ae8-bb00-cbff9c3b2e88","1","1","9","115","855","256","128","1079","180","87","96","106"
"a11b642e-75bc-4ae8-bb00-cbff9c3b2e88","1","1","10","115","855","256","128","1079","180","87","96","106"
"a11b642e-75bc-4ae8-bb00-cbff9c3b2e88","2","1","0","135","880","1956","91","1919","180","106","74","86"
"a11b642e-75bc-4ae8-bb00-cbff9c3b2e88","2","1","1","1205","1449","214","103","1433","127","81","96","100"
"a11b642e-75bc-4ae8-bb00-cbff9c3b2e88","2","1","2","99","1462","257","100","1684","154","88","121","77"
"a11b642e-75bc-4ae8-bb00-cbff9c3b2e88","2","1","3","128","1126","188","77","1427","201","112","110","91"
"a11b642e-75bc-4ae8-bb00-cbff9c3b2e88","2","1","4","105","1194","230","114","1048","130","91","102","78"
"a11b642e-75bc-4ae8-bb00-cbff9c3b2e88","2","1","5","129","1475","261","115","870","242","101","101","87"
"a11b642e-75bc-4ae8-bb00-cbff9c3b2e88","2","1","6","86","859","195","96","1310","241","86","86","80"
"a11b642e-75bc-4ae8-bb00-cbff9c3b2e88","2","1","7","106","865","198","92","925","183","87","93","96"
"a11b642e-75bc-4ae8-bb00-cbff9c3b2e88","2","1","8","101","1210","208","99","1033","208","96","102","98"
"a11b642e-75bc-4ae8-bb00-cbff9c3b2e88","2","1","9","125","937","207","87","722","232","76","87","83"
"a11b642e-75bc-4ae8-bb00-cbff9c3b2e88","2","1","10","125","937","207","87","722","232","76","87","83"
"a6507dfb-3bf3-4007-bc5f-0e74cb0809d5","0","1","0","140","357","123","125","427","97","434","223","98"
"a6507dfb-3bf3-4007-bc5f-0e74cb0809d5","0","1","1","97","347","90","80","352","177","622","10","88"
"a6507dfb-3bf3-4007-bc5f-0e74cb0809d5","0","1","2","72","227","114","117","326","3","700","120","94"
"a6507dfb-3bf3-4007-bc5f-0e74cb0809d5","0","1","3","112","242","9","101","441","173","2881","12","112"
"a6507dfb-3bf3-4007-bc5f-0e74cb0809d5","0","1","4","141","207","140","142","330","4","433","34","117"
"a6507dfb-3bf3-4007-bc5f-0e74cb0809d5","0","1","5","119","172","373","30","130","10030","270","165","104"
"a6507dfb-3bf3-4007-bc5f-0e74cb0809d5","0","1","6","138","474","121","130","972","27","445","103","75"
"a6507dfb-3bf3-4007-bc5f-0e74cb0809d5","0","1","7","105","345","117","98","343","11","355","134","92"
"a6507dfb-3bf3-4007-bc5f-0e74cb0809d5","0","1","8","123","228","104","102","372","3","529","32","97"
"a6507dfb-3bf3-4007-bc5f-0e74cb0809d5","0","1","9","134","379","136","134","305","16","295","37","110"
"a6507dfb-3bf3-4007-bc5f-0e74cb0809d5","0","1","10","134","379","136","134","305","16","295","37","110"
"a6507dfb-3bf3-4007-bc5f-0e74cb0809d5","1","1","0","151","424","182","129","431","194","457","48","42"
"a6507dfb-3bf3-4007-bc5f-0e74cb0809d5","1","1","1","124","215","9","127","446","186","1270","207","119"
"a6507dfb-3bf3-4007-bc5f-0e74cb0809d5","1","1","2","104","248","164","124","431","15","944","15","115"
"a6507dfb-3bf3-4007-bc5f-0e74cb0809d5","1","1","3","127","595","193","126","543","135","697","2","55"
"a6507dfb-3bf3-4007-bc5f-0e74cb0809d5","1","1","4","1128","816","183","127","359","15","671","128","88"
"a6507dfb-3bf3-4007-bc5f-0e74cb0809d5","1","1","5","107","248","139","129","511","2896","2042","192","103"
"a6507dfb-3bf3-4007-bc5f-0e74cb0809d5","1","1","6","108","168","1","134","631","8","248","0","110"
"a6507dfb-3bf3-4007-bc5f-0e74cb0809d5","1","1","7","119","128","158","96","286","16","200","24","123"
"a6507dfb-3bf3-4007-bc5f-0e74cb0809d5","1","1","8","135","304","127","103","502","2039","375","71","104"
"a6507dfb-3bf3-4007-bc5f-0e74cb0809d5","1","1","9","110","176","16","128","128","591","335","111","120"
"a6507dfb-3bf3-4007-bc5f-0e74cb0809d5","1","1","10","110","176","16","128","128","591","335","111","120"
"a6507dfb-3bf3-4007-bc5f-0e74cb0809d5","2","1","0","-91","138","3","118","336","7","3467","192","102"
"b5efef81-d69e-4e71-8b5e-6e4b1aaa82cc","0","1","0","120","1381","187","114","438","112","1141","128","114"
"b5efef81-d69e-4e71-8b5e-6e4b1aaa82cc","0","1","1","147","430","4","117","225","119","158","8","121"
"b5efef81-d69e-4e71-8b5e-6e4b1aaa82cc","0","1","2","127","286","173","111","600","20","139","140","137"
"b5efef81-d69e-4e71-8b5e-6e4b1aaa82cc","0","1","3","112","256","5","117","208","129","134","11","106"
"b5efef81-d69e-4e71-8b5e-6e4b1aaa82cc","0","1","4","113","576","44","105","355","47","274","16","121"
"b5efef81-d69e-4e71-8b5e-6e4b1aaa82cc","0","1","5","140","886","31","117","238","18","180","6","-145"
"b5efef81-d69e-4e71-8b5e-6e4b1aaa82cc","0","1","6","131","309","5","105","237","125","140","4","104"
"b5efef81-d69e-4e71-8b5e-6e4b1aaa82cc","0","1","7","7","224","164","120","248","176","483","10","-130"
"b5efef81-d69e-4e71-8b5e-6e4b1aaa82cc","0","1","8","7","224","164","120","248","176","483","10","-130"
"b5efef81-d69e-4e71-8b5e-6e4b1aaa82cc","0","1","9","151","381","155","120","428","12","147","108","122"
"b5efef81-d69e-4e71-8b5e-6e4b1aaa82cc","0","1","10","151","216","164","102","266","140","128","6","116"
"b5efef81-d69e-4e71-8b5e-6e4b1aaa82cc","0","1","11","151","216","164","102","266","140","128","6","116"
"b5efef81-d69e-4e71-8b5e-6e4b1aaa82cc","1","1","0","6","601","5","101","478","147","316","146","110"
"b5efef81-d69e-4e71-8b5e-6e4b1aaa82cc","1","1","1","-109","290","31","101","395","125","187","150","147"
"b5efef81-d69e-4e71-8b5e-6e4b1aaa82cc","1","1","2","116","391","5","99","315","194","149","165","139"
"b5efef81-d69e-4e71-8b5e-6e4b1aaa82cc","1","1","3","-115","341","172","96","409","120","256","162","121"
"b5efef81-d69e-4e71-8b5e-6e4b1aaa82cc","1","1","4","114","190","139","106","486","1313","191","162","-116"
"b5efef81-d69e-4e71-8b5e-6e4b1aaa82cc","1","1","5","4","283","11","91","379","18","155","153","116"
"b5efef81-d69e-4e71-8b5e-6e4b1aaa82cc","1","1","6","146","372","12","96","776","140","164","162","82"
"b5efef81-d69e-4e71-8b5e-6e4b1aaa82cc","1","1","7","6","337","12","87","432","151","142","132","133"
"b5efef81-d69e-4e71-8b5e-6e4b1aaa82cc","1","1","8","-127","336","5","100","244","106","177","123","132"
"b5efef81-d69e-4e71-8b5e-6e4b1aaa82cc","1","1","9","118","254","15","96","213","102","132","123","-137"
"b5efef81-d69e-4e71-8b5e-6e4b1aaa82cc","1","1","10","118","254","15","96","213","102","132","123","-137"
"b5efef81-d69e-4e71-8b5e-6e4b1aaa82cc","2","1","0","121","539","11","123","218","185","681","136","135"
"b5efef81-d69e-4e71-8b5e-6e4b1aaa82cc","2","1","1","131","413","33","116","420","1424","218","199","-120"
"b5efef81-d69e-4e71-8b5e-6e4b1aaa82cc","2","1","2","-138","393","207","122","747","179","629","152","-94"
"b5efef81-d69e-4e71-8b5e-6e4b1aaa82cc","2","1","3","136","396","180","134","297","157","141","137","-83"
"b5efef81-d69e-4e71-8b5e-6e4b1aaa82cc","2","1","4","-145","322","197","133","686","134","125","157","127"
"b5efef81-d69e-4e71-8b5e-6e4b1aaa82cc","2","1","5","-106","523","39","-107","304","129","152","131","112"
"b5efef81-d69e-4e71-8b5e-6e4b1aaa82cc","2","1","7","-120","190","16","123","124","150","122","136","-126"
"b5efef81-d69e-4e71-8b5e-6e4b1aaa82cc","2","1","8","-130","596","23","135","852","134","179","143","121"
"b5efef81-d69e-4e71-8b5e-6e4b1aaa82cc","2","1","9","-171","418","13","106","471","166","124","154","149"
"b5efef81-d69e-4e71-8b5e-6e4b1aaa82cc","2","1","10","-171","418","13","106","471","166","124","154","149"
"bafdabe2-8b49-434a-aaf3-b06d61906024","0","1","0","96","496","40","80","3512","232","64","56","64"
"bafdabe2-8b49-434a-aaf3-b06d61906024","0","1","1","80","544","96","80","1480","2592","48","64","63"
"bafdabe2-8b49-434a-aaf3-b06d61906024","0","1","2","72","417","16","72","584","232","104","72","56"
"bafdabe2-8b49-434a-aaf3-b06d61906024","0","1","3","72","1008","0","56","1040","1976","72","80","64"
"bafdabe2-8b49-434a-aaf3-b06d61906024","0","1","4","72","1704","0","56","1000","312","136","96","80"
"bafdabe2-8b49-434a-aaf3-b06d61906024","0","1","5","80","968","1","64","824","112","87","144","56"
"bafdabe2-8b49-434a-aaf3-b06d61906024","0","1","6","64","1672","1","88","1232","280","80","64","64"
"bafdabe2-8b49-434a-aaf3-b06d61906024","0","1","7","64","464","0","63","791","257","72","73","65"
"bafdabe2-8b49-434a-aaf3-b06d61906024","0","1","9","64","1015","1","65","583","240","63","56","64"
"bafdabe2-8b49-434a-aaf3-b06d61906024","0","1","10","64","1015","1","65","583","240","63","56","64"
"bafdabe2-8b49-434a-aaf3-b06d61906024","1","1","0","80","1024","1","56","1481","137","80","72","55"
"bafdabe2-8b49-434a-aaf3-b06d61906024","1","1","1","88","1433","24","72","1247","1","57","56","81"
"bafdabe2-8b49-434a-aaf3-b06d61906024","1","1","2","71","944","1","64","1512","104","64","53","64"
"bafdabe2-8b49-434a-aaf3-b06d61906024","1","1","3","848","1223","1","64","1465","95","71","56","73"
"bafdabe2-8b49-434a-aaf3-b06d61906024","1","1","4","63","1223","1","57","913","105","80","57","72"
"bafdabe2-8b49-434a-aaf3-b06d61906024","1","1","5","55","1289","1","62","1088","103","80","64","56"
"bafdabe2-8b49-434a-aaf3-b06d61906024","1","1","6","72","442","26","72","705","0","62","56","80"
"bafdabe2-8b49-434a-aaf3-b06d61906024","1","1","7","64","937","32","72","1040","113","72","65","64"
"bafdabe2-8b49-434a-aaf3-b06d61906024","1","1","8","72","369","0","56","711","79","72","56","80"
"bafdabe2-8b49-434a-aaf3-b06d61906024","1","1","9","80","960","1","80","831","72","80","64","64"
"bafdabe2-8b49-434a-aaf3-b06d61906024","1","1","10","80","960","1","80","831","72","80","64","64"
"e41db89e-c7b4-4c6c-9016-d89e258bf28b","0","1","0","134","206","175","-47","1051","73","402","190","70"
"e41db89e-c7b4-4c6c-9016-d89e258bf28b","0","1","3","66","112","138","-93","515","923","664","144","-77"
"e41db89e-c7b4-4c6c-9016-d89e258bf28b","0","1","4","95","172","137","-87","312","81","703","122","75"
"e41db89e-c7b4-4c6c-9016-d89e258bf28b","0","1","5","89","155","106","-96","291","74","735","286","94"
"e41db89e-c7b4-4c6c-9016-d89e258bf28b","0","1","7","96","121","788","-59","320","81","392","100","75"
"e41db89e-c7b4-4c6c-9016-d89e258bf28b","0","1","8","92","123","92","-88","308","91","311","278","91"
"e41db89e-c7b4-4c6c-9016-d89e258bf28b","0","1","9","119","127","3","-127","386","81","198","331","82"
"e41db89e-c7b4-4c6c-9016-d89e258bf28b","0","1","10","119","127","3","-127","386","81","198","331","82"
"e41db89e-c7b4-4c6c-9016-d89e258bf28b","1","1","0","105","158","1415","-64","435","75","317","347","90"
"e41db89e-c7b4-4c6c-9016-d89e258bf28b","1","1","1","119","117","104","87","408","96","427","129","105"
"e41db89e-c7b4-4c6c-9016-d89e258bf28b","1","1","2","104","162","119","108","366","77","375","145","108"
"e41db89e-c7b4-4c6c-9016-d89e258bf28b","1","1","3","111","140","146","106","393","82","674","134","107"
"e41db89e-c7b4-4c6c-9016-d89e258bf28b","1","1","4","80","159","1","75","332","89","240","327","84"
"e41db89e-c7b4-4c6c-9016-d89e258bf28b","1","1","5","102","162","10","102","347","102","269","260","83"
"e41db89e-c7b4-4c6c-9016-d89e258bf28b","1","1","6","124","142","2","94","284","98","322","238","103"
"e41db89e-c7b4-4c6c-9016-d89e258bf28b","1","1","7","85","150","195","106","436","66","187","253","83"
"e6404804-9a54-418a-a8f0-775592877cfe","0","1","0","99","115","141","89","171","109","2777","1825","92"
"e6404804-9a54-418a-a8f0-775592877cfe","0","1","1","69","68","4","104","153","166","1900","419","117"
"e6404804-9a54-418a-a8f0-775592877cfe","0","1","2","63","89","120","-113","144","124","1450","167","77"
"e6404804-9a54-418a-a8f0-775592877cfe","0","1","3","68","106","148","-89","232","155","2124","144","72"
"e6404804-9a54-418a-a8f0-775592877cfe","0","1","5","66","114","131","103","254","104","1600","239","94"
"e6404804-9a54-418a-a8f0-775592877cfe","0","1","6","89","105","151","127","251","154","566","192","80"
"e6404804-9a54-418a-a8f0-775592877cfe","0","1","7","69","123","143","-126","148","109","797","617","52"
"e6404804-9a54-418a-a8f0-775592877cfe","0","1","8","59","149","130","-104","166","105","718","92","92"
"e6404804-9a54-418a-a8f0-775592877cfe","0","1","9","68","82","98","-81","118","117","664","91","75"
"e6404804-9a54-418a-a8f0-775592877cfe","0","1","10","68","82","98","-81","118","117","664","91","75"
"e6404804-9a54-418a-a8f0-775592877cfe","1","1","0","71","78","123","-111","200","108","1242","2","77"
"e6404804-9a54-418a-a8f0-775592877cfe","1","1","1","90","78","109","-113","152","761","183","124","68"
"e6404804-9a54-418a-a8f0-775592877cfe","1","1","2","73","101","119","-92","237","123","233","156","76"
"e6404804-9a54-418a-a8f0-775592877cfe","1","1","3","85","83","122","-109","140","87","687","99","79"
"e6404804-9a54-418a-a8f0-775592877cfe","1","1","4","63","110","144","-87","148","104","473","84","70"
"e6404804-9a54-418a-a8f0-775592877cfe","1","1","5","81","7","143","-97","122","100","142","113","88"
"e6404804-9a54-418a-a8f0-775592877cfe","1","1","6","85","230","161","-75","134","98","415","82","100"
"e6404804-9a54-418a-a8f0-775592877cfe","1","1","7","73","83","155","-97","101","96","229","93","-87"
"e6404804-9a54-418a-a8f0-775592877cfe","1","1","8","93","6","141","-89","175","95","570","3","774"
"e6404804-9a54-418a-a8f0-775592877cfe","1","1","9","101","90","127","-75","103","80","198","120","110"
"e6404804-9a54-418a-a8f0-775592877cfe","1","1","10","101","90","127","-75","103","80","198","120","110"
"e6404804-9a54-418a-a8f0-775592877cfe","2","1","0","52","109","122","-127","238","2483","126","181","71"
"e6404804-9a54-418a-a8f0-775592877cfe","2","1","1","87","87","102","-112","203","1336","123","139","76"
"e861cdce-a713-40ab-82ac-4d9691788a19","0","1","1","-128","1583","32","80","1064","105","1112","127","-117"
"e861cdce-a713-40ab-82ac-4d9691788a19","0","1","2","-112","855","24","104","1286","392","1157","120","153"
"e861cdce-a713-40ab-82ac-4d9691788a19","0","1","3","103","456","25","79","599","422","2072","152","129"
"e861cdce-a713-40ab-82ac-4d9691788a19","0","1","4","-111","671","16","128","944","407","728","104","-146"
"e861cdce-a713-40ab-82ac-4d9691788a19","0","1","5","111","457","16","73","464","536","728","129","143"
"e861cdce-a713-40ab-82ac-4d9691788a19","0","1","6","-89","631","16","-88","1456","327","847","144","-107"
"e861cdce-a713-40ab-82ac-4d9691788a19","0","1","7","-125","1680","168","-128","918","343","1098","127","-118"
"e861cdce-a713-40ab-82ac-4d9691788a19","0","1","8","113","1335","24","-104","728","351","957","119","177"
"e861cdce-a713-40ab-82ac-4d9691788a19","0","1","9","-93","3545","40","-141","688","328","840","120","119"
"e861cdce-a713-40ab-82ac-4d9691788a19","0","1","10","-93","3545","40","-141","688","328","840","120","119"
"e861cdce-a713-40ab-82ac-4d9691788a19","1","1","0","-174","2558","14","122","651","374","4510","180","-149"
"e861cdce-a713-40ab-82ac-4d9691788a19","1","1","2","170","4114","202","111","741","535","910","121","-116"
"e861cdce-a713-40ab-82ac-4d9691788a19","1","1","3","181","818","194","148","629","104","917","125","-124"
"e861cdce-a713-40ab-82ac-4d9691788a19","1","1","4","165","194","30","-95","694","351","812","122","-116"
"e861cdce-a713-40ab-82ac-4d9691788a19","1","1","6","158","871","14","120","774","473","654","120","-147"
"e861cdce-a713-40ab-82ac-4d9691788a19","1","1","7","-134","928","183","-102","709","347","756","150","-145"
"e861cdce-a713-40ab-82ac-4d9691788a19","1","1","9","-137","567","183","-117","872","445","667","130","-160"
"e861cdce-a713-40ab-82ac-4d9691788a19","1","1","10","-137","567","183","-117","872","445","667","130","-160"
"e861cdce-a713-40ab-82ac-4d9691788a19","2","1","0","-108","830","11","-98","1528","427","737","127","140"
"e861cdce-a713-40ab-82ac-4d9691788a19","2","1","1","135","480","159","-98","932","319","908","140","154"
"e861cdce-a713-40ab-82ac-4d9691788a19","2","1","2","192","1540","198","86","504","239","754","146","138"
"e861cdce-a713-40ab-82ac-4d9691788a19","2","1","3","130","1134","210","88","752","261","634","133","-130"
"e861cdce-a713-40ab-82ac-4d9691788a19","2","1","4","-138","342","14","-99","843","420","700","134","-126"
"e861cdce-a713-40ab-82ac-4d9691788a19","2","1","5","-135","441","137","-94","922","315","636","146","154"
"e861cdce-a713-40ab-82ac-4d9691788a19","2","1","6","153","1180","187","-67","1021","269","753","126","-144"
"e861cdce-a713-40ab-82ac-4d9691788a19","2","1","7","-152","608","157","-85","843","403","798","150","-158"
"e861cdce-a713-40ab-82ac-4d9691788a19","2","1","8","-134","598","153","-112","984","379","800","131","145"
"e861cdce-a713-40ab-82ac-4d9691788a19","2","1","9","-128","327","5","-67","583","236","635","124","160"
"e861cdce-a713-40ab-82ac-4d9691788a19","2","1","10","-128","327","5","-67","583","236","635","124","160"
"ea92f37c-6652-4339-b685-7ae99d5f272f","0","1","0","124","1559","273","-98","283","248","514","220","104"
"ea92f37c-6652-4339-b685-7ae99d5f272f","0","1","1","127","355","180","-94","1226","164","1305","187","78"
"ea92f37c-6652-4339-b685-7ae99d5f272f","0","1","2","112","203","104","142","1137","156","173","215","75"
"ea92f37c-6652-4339-b685-7ae99d5f272f","0","1","3","127","402","1351","88","921","2540","143","189","77"
"ea92f37c-6652-4339-b685-7ae99d5f272f","0","1","4","-87","200","221","-105","330","279","1202","179","80"
"ea92f37c-6652-4339-b685-7ae99d5f272f","0","1","5","-113","176","272","136","203","163","1140","158","54"
"ea92f37c-6652-4339-b685-7ae99d5f272f","0","1","6","-98","234","137","-91","315","248","407","161","87"
"ea92f37c-6652-4339-b685-7ae99d5f272f","0","1","7","98","536","132","-73","461","146","322","157","111"
"ea92f37c-6652-4339-b685-7ae99d5f272f","0","1","8","102","267","228","-62","1090","189","298","214","82"
"ea92f37c-6652-4339-b685-7ae99d5f272f","0","1","9","133","300","145","158","439","165","294","1177","101"
"ea92f37c-6652-4339-b685-7ae99d5f272f","0","1","10","133","300","145","158","439","165","294","1177","101"
"ea92f37c-6652-4339-b685-7ae99d5f272f","1","1","0","88","321","148","134","732","219","390","144","61"
"ea92f37c-6652-4339-b685-7ae99d5f272f","1","1","1","106","190","139","-78","1084","193","465","373","89"
"ea92f37c-6652-4339-b685-7ae99d5f272f","1","1","2","114","403","283","-95","410","137","211","163","89"
"ea92f37c-6652-4339-b685-7ae99d5f272f","1","1","3","106","1041","247","-104","284","173","239","228","-126"
"ea92f37c-6652-4339-b685-7ae99d5f272f","1","1","4","-135","288","184","-77","704","-824","231","180","79"
"ea92f37c-6652-4339-b685-7ae99d5f272f","1","1","5","-80","314","148","-60","379","136","203","171","-89"
"ea92f37c-6652-4339-b685-7ae99d5f272f","1","1","6","-95","294","170","-96","397","147","364","135","89"
"ea92f37c-6652-4339-b685-7ae99d5f272f","1","1","7","107","221","247","-60","297","164","214","226","71"
"ea92f37c-6652-4339-b685-7ae99d5f272f","1","1","8","-97","647","193","-78","482","155","245","171","88"
"ea92f37c-6652-4339-b685-7ae99d5f272f","1","1","9","-106","249","195","-56","252","155","227","185","81"
"ea92f37c-6652-4339-b685-7ae99d5f272f","1","1","10","-106","249","195","-56","252","155","227","185","81"
"ea92f37c-6652-4339-b685-7ae99d5f272f","2","1","0","-72","218","183","-80","799","483","339","257","-66"
"ea92f37c-6652-4339-b685-7ae99d5f272f","2","1","1","-122","210","248","-120","1107","408","145","183","-92"
"ea92f37c-6652-4339-b685-7ae99d5f272f","2","1","2","93","1356","171","-47","628","165","254","142","81"
"ea92f37c-6652-4339-b685-7ae99d5f272f","2","1","3","122","416","178","-114","607","231","305","164","96"
"ea92f37c-6652-4339-b685-7ae99d5f272f","2","1","4","77","288","1195","-80","648","162","264","147","80"
"ea92f37c-6652-4339-b685-7ae99d5f272f","2","1","5","95","223","141","-73","276","217","287","152","78"
"ea92f37c-6652-4339-b685-7ae99d5f272f","2","1","6","107","245","137","-100","844","132","253","209","94"
"ea92f37c-6652-4339-b685-7ae99d5f272f","2","1","7","71","224","144","-64","208","234","176","120","96"
"ea92f37c-6652-4339-b685-7ae99d5f272f","2","1","8","71","224","144","-64","208","234","176","120","96"
"ea92f37c-6652-4339-b685-7ae99d5f272f","2","1","9","88","657","311","-103","752","260","217","157","69"
"ea92f37c-6652-4339-b685-7ae99d5f272f","2","1","10","106","300","192","154","302","210","295","142","80"
"ea92f37c-6652-4339-b685-7ae99d5f272f","2","1","11","106","300","192","154","302","210","295","142","80"