"user","session","task","iteration","UU_qu","UU_u!","UU_!f","UU_fa","UU_aB","UU_B8","UU_8*","UU_*e","UU_en"
"1060d17b-2e21-4a6b-90f1-f451764a20d0","0","1","0","479","1123","1299","359","731","522","1467","730","191"
"1060d17b-2e21-4a6b-90f1-f451764a20d0","0","1","1","216","916","1262","280","918","813","1670","587","231"
"1060d17b-2e21-4a6b-90f1-f451764a20d0","0","1","2","254","3451","1172","316","1136","570","3429","694","192"
"1060d17b-2e21-4a6b-90f1-f451764a20d0","0","1","3","209","3000","1672","376","973","985","1040","537","297"
"1060d17b-2e21-4a6b-90f1-f451764a20d0","0","1","4","255","644","1179","293","481","797","1615","523","174"
"1060d17b-2e21-4a6b-90f1-f451764a20d0","0","1","5","238","1429","1158","112","496","424","1551","291","110"
"1060d17b-2e21-4a6b-90f1-f451764a20d0","0","1","6","305","1936","567","114","700","417","711","244","148"
"1060d17b-2e21-4a6b-90f1-f451764a20d0","0","1","7","232","977","1154","267","1553","531","590","225","164"
"1060d17b-2e21-4a6b-90f1-f451764a20d0","0","1","8","254","996","1055","184","1589","570","1078","211","188"
"1060d17b-2e21-4a6b-90f1-f451764a20d0","0","1","9","235","1525","802","207","798","948","995","356","225"
"1060d17b-2e21-4a6b-90f1-f451764a20d0","0","1","10","235","1525","802","207","798","948","995","356","225"
"1060d17b-2e21-4a6b-90f1-f451764a20d0","1","1","0","124","1657","1060","216","1410","393","1051","277","115"
"1060d17b-2e21-4a6b-90f1-f451764a20d0","1","1","1","121","1211","843","142","1290","545","464","691","271"
"1060d17b-2e21-4a6b-90f1-f451764a20d0","1","1","2","16","776","1601","303","2135","804","1102","979","6"
"1060d17b-2e21-4a6b-90f1-f451764a20d0","1","1","3","192","1006","857","226","1143","571","300","611","161"
"1060d17b-2e21-4a6b-90f1-f451764a20d0","1","1","4","163","1426","1316","186","1394","651","1285","582","162"
"1060d17b-2e21-4a6b-90f1-f451764a20d0","1","1","5","150","1254","713","189","836","1618","398","1001","122"
"1060d17b-2e21-4a6b-90f1-f451764a20d0","1","1","6","199","823","651","267","744","527","504","602","128"
"1060d17b-2e21-4a6b-90f1-f451764a20d0","1","1","7","155","830","810","297","719","839","579","341","148"
"1060d17b-2e21-4a6b-90f1-f451764a20d0","1","1","8","240","1139","921","145","741","381","523","740","156"
"1060d17b-2e21-4a6b-90f1-f451764a20d0","1","1","9","151","609","867","350","747","477","303","688","173"
"1060d17b-2e21-4a6b-90f1-f451764a20d0","1","1","10","151","609","867","350","747","477","303","688","173"
"1060d17b-2e21-4a6b-90f1-f451764a20d0","2","1","0","83","614","370","119","704","376","659","215","140"
"1060d17b-2e21-4a6b-90f1-f451764a20d0","2","1","1","4","1470","407","107","407","918","500","422","177"
"1060d17b-2e21-4a6b-90f1-f451764a20d0","2","1","2","94","647","525","276","1683","655","471","312","152"
"1060d17b-2e21-4a6b-90f1-f451764a20d0","2","1","3","151","524","866","86","994","363","388","470","127"
"1060d17b-2e21-4a6b-90f1-f451764a20d0","2","1","4","178","538","515","105","1320","340","404","314","142"
"1060d17b-2e21-4a6b-90f1-f451764a20d0","2","1","5","142","798","586","128","690","682","518","273","154"
"1060d17b-2e21-4a6b-90f1-f451764a20d0","2","1","6","161","614","312","99","636","400","471","228","107"
"1060d17b-2e21-4a6b-90f1-f451764a20d0","2","1","7","152","601","314","113","594","322","435","230","92"
"1060d17b-2e21-4a6b-90f1-f451764a20d0","2","1","8","110","574","395","105","456","274","402","260","106"
"10f69cd9-1e5d-4e54-93e8-bfbae554d069","0","1","0","235","588","607","248","335","657","720","184","113"
"10f69cd9-1e5d-4e54-93e8-bfbae554d069","0","1","1","223","521","624","136","483","1365","416","463","118"
"10f69cd9-1e5d-4e54-93e8-bfbae554d069","0","1","2","83","453","595","36","465","879","400","240","207"
"10f69cd9-1e5d-4e54-93e8-bfbae554d069","0","1","3","114","380","356","38","424","768","857","467","20"
"10f69cd9-1e5d-4e54-93e8-bfbae554d069","0","1","4","97","319","337","105","351","816","308","252","109"
"10f69cd9-1e5d-4e54-93e8-bfbae554d069","0","1","5","110","490","701","34","337","736","313","214","1209"
"10f69cd9-1e5d-4e54-93e8-bfbae554d069","0","1","6","38","258","375","24","602","623","392","145","135"
"10f69cd9-1e5d-4e54-93e8-bfbae554d069","0","1","7","15","304","297","73","334","737","1955","276","143"
"10f69cd9-1e5d-4e54-93e8-bfbae554d069","0","1","8","22","301","871","1048","713","632","3265","239","115"
"10f69cd9-1e5d-4e54-93e8-bfbae554d069","0","1","9","39","312","473","23","714","1175","999","393","22"
"10f69cd9-1e5d-4e54-93e8-bfbae554d069","0","1","10","39","312","473","23","714","1175","999","393","22"
"10f69cd9-1e5d-4e54-93e8-bfbae554d069","1","1","0","48","680","664","32","344","775","442","679","113"
"10f69cd9-1e5d-4e54-93e8-bfbae554d069","1","1","1","128","537","584","120","381","634","247","472","150"
"10f69cd9-1e5d-4e54-93e8-bfbae554d069","1","1","2","24","390","393","31","530","669","239","490","133"
"10f69cd9-1e5d-4e54-93e8-bfbae554d069","1","1","3","152","448","864","37","579","512","248","498","18"
"10f69cd9-1e5d-4e54-93e8-bfbae554d069","1","1","4","129","434","356","140","427","570","1579","535","3"
"10f69cd9-1e5d-4e54-93e8-bfbae554d069","1","1","5","106","503","729","21","640","586","335","521","98"
"10f69cd9-1e5d-4e54-93e8-bfbae554d069","1","1","6","123","471","515","17","920","915","216","556","23"
"10f69cd9-1e5d-4e54-93e8-bfbae554d069","1","1","7","121","384","384","39","271","694","859","488","91"
"10f69cd9-1e5d-4e54-93e8-bfbae554d069","1","1","8","28","332","391","8","335","768","208","551","9"
"10f69cd9-1e5d-4e54-93e8-bfbae554d069","1","1","9","24","408","407","25","552","685","2084","631","97"
"10f69cd9-1e5d-4e54-93e8-bfbae554d069","1","1","10","24","408","407","25","552","685","2084","631","97"
"10f69cd9-1e5d-4e54-93e8-bfbae554d069","2","1","0","192","832","384","121","391","871","246","473","118"
"10f69cd9-1e5d-4e54-93e8-bfbae554d069","2","1","1","130","452","768","140","414","629","588","441","30"
"10f69cd9-1e5d-4e54-93e8-bfbae554d069","2","1","2","114","550","449","38","882","656","421","465","98"
"10f69cd9-1e5d-4e54-93e8-bfbae554d069","2","1","3","137","528","593","21","482","622","182","456","74"
"10f69cd9-1e5d-4e54-93e8-bfbae554d069","2","1","4","172","446","897","24","496","521","1512","440","104"
"10f69cd9-1e5d-4e54-93e8-bfbae554d069","2","1","5","128","472","328","133","579","568","512","245","113"
"10f69cd9-1e5d-4e54-93e8-bfbae554d069","2","1","6","15","389","299","91","526","656","320","312","97"
"10f69cd9-1e5d-4e54-93e8-bfbae554d069","2","1","7","126","357","278","100","740","590","460","280","84"
"10f69cd9-1e5d-4e54-93e8-bfbae554d069","2","1","8","55","324","297","105","806","392","523","147","1154"
"10f69cd9-1e5d-4e54-93e8-bfbae554d069","2","1","9","100","387","342","134","309","592","529","199","115"
"10f69cd9-1e5d-4e54-93e8-bfbae554d069","2","1","10","100","387","342","134","309","592","529","199","115"
"183e93f8-2ef0-4250-be77-b2d8a02c1033","0","1","0","222","301","376","930","271","540","1107","1109","25"
"183e93f8-2ef0-4250-be77-b2d8a02c1033","0","1","1","420","241","1046","54","323","705","1213","716","32"
"183e93f8-2ef0-4250-be77-b2d8a02c1033","0","1","2","402","270","676","100","123","377","782","410","17"
"183e93f8-2ef0-4250-be77-b2d8a02c1033","0","1","3","10","319","213","22","687","397","1157","709","50"
"183e93f8-2ef0-4250-be77-b2d8a02c1033","0","1","4","175","388","274","6","504","5459","358","366","24"
"183e93f8-2ef0-4250-be77-b2d8a02c1033","0","1","5","25","292","491","25","619","1038","268","314","540"
"183e93f8-2ef0-4250-be77-b2d8a02c1033","1","1","0","267","375","209","27","529","135","2129","1211","2"
"183e93f8-2ef0-4250-be77-b2d8a02c1033","1","1","1","117","257","361","23","368","239","361","422","7"
"183e93f8-2ef0-4250-be77-b2d8a02c1033","1","1","2","11","210","350","40","514","152","341","632","81"
"183e93f8-2ef0-4250-be77-b2d8a02c1033","1","1","3","70","1203","451","11","575","136","492","272","90"
"183e93f8-2ef0-4250-be77-b2d8a02c1033","1","1","4","150","374","419","40","407","139","1180","293","7"
"183e93f8-2ef0-4250-be77-b2d8a02c1033","1","1","5","18","274","330","23","757","238","511","351","4"
"183e93f8-2ef0-4250-be77-b2d8a02c1033","1","1","6","24","1327","763","26","377","121","434","336","29"
"183e93f8-2ef0-4250-be77-b2d8a02c1033","1","1","7","25","563","686","32","508","135","313","385","5"
"183e93f8-2ef0-4250-be77-b2d8a02c1033","1","1","8","36","245","482","117","150","1278","312","380","39"
"183e93f8-2ef0-4250-be77-b2d8a02c1033","2","1","0","9","471","343","59","419","106","706","306","19"
"183e93f8-2ef0-4250-be77-b2d8a02c1033","2","1","1","24","214","241","404","304","2531","343","263","5"
"24404d19-ec5c-4c88-a836-0dbbdd7fc2f6","0","1","0","47","572","473","41","651","590","902","911","2"
"24404d19-ec5c-4c88-a836-0dbbdd7fc2f6","0","1","2","53","297","478","17","560","563","537","381","119"
"24404d19-ec5c-4c88-a836-0dbbdd7fc2f6","0","1","4","93","755","380","60","561","469","494","621","35"
"24404d19-ec5c-4c88-a836-0dbbdd7fc2f6","0","1","5","35","556","296","63","530","458","508","506","41"
"24404d19-ec5c-4c88-a836-0dbbdd7fc2f6","0","1","8","44","629","435","47","847","359","483","334","9"
"24404d19-ec5c-4c88-a836-0dbbdd7fc2f6","0","1","9","15","730","622","60","564","233","377","166","145"
"24404d19-ec5c-4c88-a836-0dbbdd7fc2f6","0","1","10","10","515","181","59","292","682","1145","357","33"
"24404d19-ec5c-4c88-a836-0dbbdd7fc2f6","0","1","11","10","515","181","59","292","682","1145","357","33"
"24404d19-ec5c-4c88-a836-0dbbdd7fc2f6","1","1","0","24","360","239","22","530","464","556","548","106"
"24404d19-ec5c-4c88-a836-0dbbdd7fc2f6","1","1","2","5","335","245","25","569","127","506","257","75"
"24404d19-ec5c-4c88-a836-0dbbdd7fc2f6","1","1","7","6","296","530","43","523","227","600","591","2"
"24404d19-ec5c-4c88-a836-0dbbdd7fc2f6","2","1","2","23","343","231","9","592","152","476","350","114"
"24404d19-ec5c-4c88-a836-0dbbdd7fc2f6","2","1","6","105","627","216","28","1123","299","401","210","786"
"2e69a799-4e15-43aa-aadb-ef5c0013c6fe","0","1","0","179","1813","1063","92","796","921","1690","674","2"
"2e69a799-4e15-43aa-aadb-ef5c0013c6fe","0","1","1","177","866","1045","12","902","1161","6769","575","180"
"2e69a799-4e15-43aa-aadb-ef5c0013c6fe","0","1","2","19","593","551","146","892","1088","1163","805","226"
"2e69a799-4e15-43aa-aadb-ef5c0013c6fe","0","1","3","166","448","784","102","467","1178","1855","400","146"
"2e69a799-4e15-43aa-aadb-ef5c0013c6fe","0","1","4","201","446","604","206","642","926","602","541","131"
"2e69a799-4e15-43aa-aadb-ef5c0013c6fe","0","1","6","185","1363","503","138","629","784","397","464","162"
"2e69a799-4e15-43aa-aadb-ef5c0013c6fe","0","1","7","40","598","428","98","547","589","328","460","143"
"2e69a799-4e15-43aa-aadb-ef5c0013c6fe","0","1","8","174","406","906","104","766","1999","274","359","165"
"2e69a799-4e15-43aa-aadb-ef5c0013c6fe","0","1","9","166","439","525","134","1254","545","417","379","121"
"2e69a799-4e15-43aa-aadb-ef5c0013c6fe","0","1","10","166","439","525","134","1254","545","417","379","121"
"2e69a799-4e15-43aa-aadb-ef5c0013c6fe","1","1","1","195","503","1045","12","579","791","438","438","231"
"2e69a799-4e15-43aa-aadb-ef5c0013c6fe","1","1","2","420","2669","637","163","693","587","578","624","173"
"2e69a799-4e15-43aa-aadb-ef5c0013c6fe","1","1","3","202","2440","477","116","582","1809","2558","401","166"
"2e69a799-4e15-43aa-aadb-ef5c0013c6fe","1","1","4","144","585","446","140","1069","446","459","439","183"
"2e69a799-4e15-43aa-aadb-ef5c0013c6fe","1","1","5","11","767","438","110","665","479","775","366","129"
"2e69a799-4e15-43aa-aadb-ef5c0013c6fe","1","1","6","34","611","502","126","510","816","358","362","170"
"2e69a799-4e15-43aa-aadb-ef5c0013c6fe","1","1","7","328","435","842","105","653","981","433","318","166"
"2e69a799-4e15-43aa-aadb-ef5c0013c6fe","1","1","8","12","1370","426","162","649","800","371","379","137"
"2e69a799-4e15-43aa-aadb-ef5c0013c6fe","1","1","9","34","555","638","112","696","531","705","334","204"
"2e69a799-4e15-43aa-aadb-ef5c0013c6fe","1","1","10","34","555","638","112","696","531","705","334","204"
"2e69a799-4e15-43aa-aadb-ef5c0013c6fe","2","1","0","68","434","381","134","273","4080","548","446","3"
"2e69a799-4e15-43aa-aadb-ef5c0013c6fe","2","1","2","137","560","610","131","673","485","407","383","185"
"2e69a799-4e15-43aa-aadb-ef5c0013c6fe","2","1","4","11","480","418","108","313","1711","349","494","13"
"2e69a799-4e15-43aa-aadb-ef5c0013c6fe","2","1","5","87","502","411","135","594","468","455","274","2107"
"2e69a799-4e15-43aa-aadb-ef5c0013c6fe","2","1","6","11","642","430","160","440","726","1350","436","21"
"2e69a799-4e15-43aa-aadb-ef5c0013c6fe","2","1","7","569","872","434","136","880","649","963","383","10"
"2e69a799-4e15-43aa-aadb-ef5c0013c6fe","2","1","8","43","564","461","187","480","895","547","464","1282"
"2e69a799-4e15-43aa-aadb-ef5c0013c6fe","2","1","9","38","505","425","83","780","441","465","578","10"
"2e69a799-4e15-43aa-aadb-ef5c0013c6fe","2","1","10","38","505","425","83","780","441","465","578","10"
"43a2b7d3-9d57-4a08-a564-db94470b0320","0","1","0","706","1056","1005","651","993","727","2980","1099","197"
"43a2b7d3-9d57-4a08-a564-db94470b0320","0","1","1","568","952","1112","152","1053","659","1829","843","202"
"43a2b7d3-9d57-4a08-a564-db94470b0320","0","1","2","229","1109","870","149","1037","466","1812","365","190"
"43a2b7d3-9d57-4a08-a564-db94470b0320","0","1","3","190","851","544","208","912","568","1376","450","159"
"43a2b7d3-9d57-4a08-a564-db94470b0320","0","1","4","200","748","648","192","1016","734","994","1020","315"
"43a2b7d3-9d57-4a08-a564-db94470b0320","0","1","5","287","740","720","768","896","423","491","582","257"
"43a2b7d3-9d57-4a08-a564-db94470b0320","0","1","6","381","613","543","192","1059","1054","3571","788","209"
"43a2b7d3-9d57-4a08-a564-db94470b0320","0","1","7","206","980","457","227","1004","458","582","408","161"
"43a2b7d3-9d57-4a08-a564-db94470b0320","0","1","8","5","815","608","152","1064","489","1039","699","163"
"43a2b7d3-9d57-4a08-a564-db94470b0320","0","1","9","175","708","512","184","848","592","440","680","161"
"43a2b7d3-9d57-4a08-a564-db94470b0320","0","1","10","175","708","512","184","848","592","440","680","161"
"43a2b7d3-9d57-4a08-a564-db94470b0320","1","1","0","53","823","544","352","869","456","1259","381","129"
"43a2b7d3-9d57-4a08-a564-db94470b0320","1","1","1","46","781","568","152","1008","480","1397","925","22"
"43a2b7d3-9d57-4a08-a564-db94470b0320","1","1","2","15","717","576","128","888","368","1173","351","117"
"43a2b7d3-9d57-4a08-a564-db94470b0320","1","1","3","6","791","1168","264","693","931","569","639","145"
"43a2b7d3-9d57-4a08-a564-db94470b0320","1","1","4","157","973","562","130","940","416","553","467","164"
"43a2b7d3-9d57-4a08-a564-db94470b0320","1","1","5","55","782","552","120","1024","528","1397","819","105"
"43a2b7d3-9d57-4a08-a564-db94470b0320","1","1","6","22","934","545","88","1183","1586","1070","813","130"
"43a2b7d3-9d57-4a08-a564-db94470b0320","1","1","7","136","1439","567","88","1112","1510","794","840","137"
"43a2b7d3-9d57-4a08-a564-db94470b0320","1","1","8","109","1157","1099","56","661","3077","479","520","101"
"43a2b7d3-9d57-4a08-a564-db94470b0320","1","1","9","111","870","416","104","1548","550","574","728","65"
"43a2b7d3-9d57-4a08-a564-db94470b0320","1","1","10","111","870","416","104","1548","550","574","728","65"
"43a2b7d3-9d57-4a08-a564-db94470b0320","2","1","0","186","813","554","165","984","693","2368","1188","179"
"43a2b7d3-9d57-4a08-a564-db94470b0320","2","1","1","182","1051","629","202","1009","1297","1163","944","46"
"43a2b7d3-9d57-4a08-a564-db94470b0320","2","1","2","20","956","1037","168","859","497","1060","489","187"
"43a2b7d3-9d57-4a08-a564-db94470b0320","2","1","3","31","845","753","139","1060","564","588","432","208"
"43a2b7d3-9d57-4a08-a564-db94470b0320","2","1","4","11","711","688","119","761","632","1043","426","139"
"43a2b7d3-9d57-4a08-a564-db94470b0320","2","1","5","13","903","597","156","879","424","626","552","215"
"43a2b7d3-9d57-4a08-a564-db94470b0320","2","1","6","184","622","512","200","816","646","914","888","6"
"43a2b7d3-9d57-4a08-a564-db94470b0320","2","1","7","169","732","609","150","929","440","1060","370","155"
"43a2b7d3-9d57-4a08-a564-db94470b0320","2","1","8","148","590","1208","23","807","466","984","409","151"
"43a2b7d3-9d57-4a08-a564-db94470b0320","2","1","9","164","647","607","160","792","632","424","354","159"
"43a2b7d3-9d57-4a08-a564-db94470b0320","2","1","10","164","647","607","160","792","632","424","354","159"
"4dfc506d-5928-4039-b257-1767b88d3276","0","1","0","32","273","1154","29","914","435","1137","328","32"
"4dfc506d-5928-4039-b257-1767b88d3276","0","1","1","29","228","526","18","573","193","1133","318","46"
"4dfc506d-5928-4039-b257-1767b88d3276","0","1","2","82","320","2415","38","403","321","602","322","4"
"4dfc506d-5928-4039-b257-1767b88d3276","0","1","3","74","253","1902","122","884","379","503","253","28"
"4dfc506d-5928-4039-b257-1767b88d3276","1","1","0","45","228","628","51","247","248","790","278","10"
"4dfc506d-5928-4039-b257-1767b88d3276","1","1","3","45","196","483","2571","520","241","387","1013","61"
"4dfc506d-5928-4039-b257-1767b88d3276","1","1","4","21","226","351","39","464","1420","399","321","14"
"4dfc506d-5928-4039-b257-1767b88d3276","1","1","6","47","179","451","64","216","257","5825","682","26"
"4dfc506d-5928-4039-b257-1767b88d3276","1","1","8","45","255","360","17","212","389","422","2117","168"
"5b834c47-8cef-4bdb-af3a-0fb64c36ff07","0","1","0","122","641","881","98","898","1369","299","489","137"
"5b834c47-8cef-4bdb-af3a-0fb64c36ff07","0","1","1","124","663","878","97","1378","840","457","437","121"
"5b834c47-8cef-4bdb-af3a-0fb64c36ff07","0","1","2","120","1214","1637","94","2064","827","539","395","113"
"5b834c47-8cef-4bdb-af3a-0fb64c36ff07","0","1","3","111","718","1870","90","859","767","453","366","92"
"5b834c47-8cef-4bdb-af3a-0fb64c36ff07","0","1","4","100","666","1646","80","1066","1100","1065","360","104"
"5b834c47-8cef-4bdb-af3a-0fb64c36ff07","0","1","5","106","841","1105","89","872","1136","288","435","137"
"5b834c47-8cef-4bdb-af3a-0fb64c36ff07","0","1","6","83","723","909","72","836","1224","416","687","99"
"5b834c47-8cef-4bdb-af3a-0fb64c36ff07","0","1","7","103","814","943","69","822","927","521","462","132"
"5b834c47-8cef-4bdb-af3a-0fb64c36ff07","0","1","8","95","679","849","109","862","1074","299","509","100"
"5b834c47-8cef-4bdb-af3a-0fb64c36ff07","0","1","9","84","604","530","83","861","492","315","422","99"
"5b834c47-8cef-4bdb-af3a-0fb64c36ff07","0","1","10","84","604","530","83","861","492","315","422","99"
"5b834c47-8cef-4bdb-af3a-0fb64c36ff07","1","1","0","133","687","869","111","1002","719","426","646","114"
"5b834c47-8cef-4bdb-af3a-0fb64c36ff07","1","1","1","102","709","922","86","879","941","328","559","133"
"5b834c47-8cef-4bdb-af3a-0fb64c36ff07","1","1","2","110","704","991","93","1032","925","296","387","142"
"5b834c47-8cef-4bdb-af3a-0fb64c36ff07","1","1","3","16","777","899","91","1373","1062","360","652","121"
"5b834c47-8cef-4bdb-af3a-0fb64c36ff07","1","1","4","7","743","616","86","792","654","1063","515","111"
"5b834c47-8cef-4bdb-af3a-0fb64c36ff07","1","1","5","90","692","695","114","998","702","299","551","148"
"5b834c47-8cef-4bdb-af3a-0fb64c36ff07","1","1","6","89","652","605","93","770","814","401","509","126"
"5b834c47-8cef-4bdb-af3a-0fb64c36ff07","1","1","7","168","782","1805","104","950","1404","450","486","132"
"5b834c47-8cef-4bdb-af3a-0fb64c36ff07","1","1","8","109","732","768","89","663","839","319","555","127"
"5b834c47-8cef-4bdb-af3a-0fb64c36ff07","1","1","9","101","775","1382","104","683","753","288","333","130"
"5b834c47-8cef-4bdb-af3a-0fb64c36ff07","1","1","10","101","775","1382","104","683","753","288","333","130"
"5b834c47-8cef-4bdb-af3a-0fb64c36ff07","2","1","0","32","935","831","89","831","624","287","425","122"
"5b834c47-8cef-4bdb-af3a-0fb64c36ff07","2","1","2","8","1794","742","161","2406","546","778","398","94"
"5b834c47-8cef-4bdb-af3a-0fb64c36ff07","2","1","3","85","785","904","60","984","1420","388","532","107"
"5b834c47-8cef-4bdb-af3a-0fb64c36ff07","2","1","4","7","643","1301","168","879","1326","281","327","115"
"5b834c47-8cef-4bdb-af3a-0fb64c36ff07","2","1","5","7","891","871","87","852","1663","368","281","101"
"5b834c47-8cef-4bdb-af3a-0fb64c36ff07","2","1","6","7","710","1041","111","701","1294","332","330","118"
"5b834c47-8cef-4bdb-af3a-0fb64c36ff07","2","1","7","31","616","927","97","786","3645","888","301","99"
"5b834c47-8cef-4bdb-af3a-0fb64c36ff07","2","1","8","6","1180","678","71","954","1272","271","565","100"
"5b834c47-8cef-4bdb-af3a-0fb64c36ff07","2","1","9","48","642","723","79","806","822","270","285","120"
"5b834c47-8cef-4bdb-af3a-0fb64c36ff07","2","1","10","48","642","723","79","806","822","270","285","120"
"5bb2e225-97b1-4e34-ad76-4fe1249d664c","0","1","0","356","332","390","190","528","300","481","869","109"
"5bb2e225-97b1-4e34-ad76-4fe1249d664c","0","1","1","356","332","390","190","528","300","481","869","109"
"5bb2e225-97b1-4e34-ad76-4fe1249d664c","1","1","0","119","300","287","166","268","601","1800","676","128"
"5bb2e225-97b1-4e34-ad76-4fe1249d664c","1","1","2","117","376","389","272","315","1275","901","239","122"
"64d50c85-15cf-4c7f-a23e-29347123ef5f","0","1","11","665","2440","735","837","1361","1533","1747","1423","331"
"64d50c85-15cf-4c7f-a23e-29347123ef5f","1","1","3","599","1365","738","300","870","1009","1040","681","433"
"6f2e2139-b4e8-4092-8b40-a79c691b9e4d","0","1","1","34","745","1614","128","1104","576","800","836","10"
"6f2e2139-b4e8-4092-8b40-a79c691b9e4d","0","1","2","322","370","1140","265","1164","899","828","381","218"
"6f2e2139-b4e8-4092-8b40-a79c691b9e4d","0","1","3","53","1057","1584","293","826","1348","1204","690","30"
"6f2e2139-b4e8-4092-8b40-a79c691b9e4d","0","1","4","14","549","1219","522","742","560","413","1195","47"
"6f2e2139-b4e8-4092-8b40-a79c691b9e4d","0","1","5","33","951","1403","364","495","1215","588","668","13"
"6f2e2139-b4e8-4092-8b40-a79c691b9e4d","0","1","6","24","396","970","345","1100","435","270","813","191"
"6f2e2139-b4e8-4092-8b40-a79c691b9e4d","0","1","7","46","851","1527","321","526","402","278","438","180"
"6f2e2139-b4e8-4092-8b40-a79c691b9e4d","0","1","8","358","500","901","156","1551","768","283","403","192"
"6f2e2139-b4e8-4092-8b40-a79c691b9e4d","0","1","9","19","466","1485","87","1105","1415","377","568","12"
"6f2e2139-b4e8-4092-8b40-a79c691b9e4d","0","1","10","19","466","1485","87","1105","1415","377","568","12"
"6f2e2139-b4e8-4092-8b40-a79c691b9e4d","1","1","0","26","1818","1842","112","1047","8283","905","1787","50"
"6f2e2139-b4e8-4092-8b40-a79c691b9e4d","1","1","1","52","719","890","100","2336","731","879","1129","89"
"6f2e2139-b4e8-4092-8b40-a79c691b9e4d","1","1","2","24","997","630","98","1146","671","284","1125","19"
"6f2e2139-b4e8-4092-8b40-a79c691b9e4d","1","1","3","339","629","1353","145","513","377","1120","1402","1098"
"6f2e2139-b4e8-4092-8b40-a79c691b9e4d","1","1","5","74","324","1239","86","1141","587","289","1157","37"
"6f2e2139-b4e8-4092-8b40-a79c691b9e4d","1","1","6","306","403","1402","149","545","697","253","698","71"
"6f2e2139-b4e8-4092-8b40-a79c691b9e4d","1","1","7","53","563","649","43","677","731","90","352","1571"
"6f2e2139-b4e8-4092-8b40-a79c691b9e4d","1","1","9","30","632","723","51","751","925","80","450","13"
"6f2e2139-b4e8-4092-8b40-a79c691b9e4d","1","1","10","30","632","723","51","751","925","80","450","13"
"6f2e2139-b4e8-4092-8b40-a79c691b9e4d","2","1","0","5","3148","2330","133","1280","753","1062","1113","165"
"6f2e2139-b4e8-4092-8b40-a79c691b9e4d","2","1","1","32","1503","1875","87","1238","1390","85","2106","64"
"6f2e2139-b4e8-4092-8b40-a79c691b9e4d","2","1","2","432","646","3375","49","1024","1177","748","1521","1"
"6f2e2139-b4e8-4092-8b40-a79c691b9e4d","2","1","3","51","449","1547","429","911","375","1963","620","54"
"6f2e2139-b4e8-4092-8b40-a79c691b9e4d","2","1","4","29","692","1215","74","747","1752","87","604","30"
"6f2e2139-b4e8-4092-8b40-a79c691b9e4d","2","1","5","315","438","2004","67","658","714","95","684","51"
"6f2e2139-b4e8-4092-8b40-a79c691b9e4d","2","1","6","161","682","1408","95","610","390","92","601","52"
"6f2e2139-b4e8-4092-8b40-a79c691b9e4d","2","1","7","29","508","2393","109","676","565","88","535","77"
"6f2e2139-b4e8-4092-8b40-a79c691b9e4d","2","1","8","54","699","1555","77","873","737","83","514","84"
"6f2e2139-b4e8-4092-8b40-a79c691b9e4d","2","1","9","1","440","1632","73","1694","2708","59","1049","51"
"6f2e2139-b4e8-4092-8b40-a79c691b9e4d","2","1","10","1","440","1632","73","1694","2708","59","1049","51"
"74b61803-d2f8-4edc-8f94-6699f321d3a8","0","1","0","1357","1240","1415","506","707","2677","2153","1431","292"
"74b61803-d2f8-4edc-8f94-6699f321d3a8","0","1","2","425","1816","1012","1211","614","1034","915","860","638"
"74b61803-d2f8-4edc-8f94-6699f321d3a8","1","1","0","386","1514","1345","503","1337","799","725","1417","3533"
"74b61803-d2f8-4edc-8f94-6699f321d3a8","1","1","1","957","2364","1417","440","550","1165","450","805","356"
"74b61803-d2f8-4edc-8f94-6699f321d3a8","1","1","2","469","68092","1055","271","993","728","619","663","365"
"74b61803-d2f8-4edc-8f94-6699f321d3a8","1","1","3","315","1178","1197","292","1337","1670","1087","839","261"
"74b61803-d2f8-4edc-8f94-6699f321d3a8","1","1","4","839","1374","1463","257","1083","719","710","657","237"
"74b61803-d2f8-4edc-8f94-6699f321d3a8","1","1","5","282","3611","832","208","476","1140","1187","876","239"
"74b61803-d2f8-4edc-8f94-6699f321d3a8","1","1","6","220","1594","1075","199","1334","1463","5028","858","227"
"74b61803-d2f8-4edc-8f94-6699f321d3a8","1","1","7","239","1433","1263","197","1185","9226","446","954","221"
"76ceee13-0c73-46a3-9d3c-936d65b65283","0","1","0","142","744","620","167","1074","781","1218","1367","124"
"76ceee13-0c73-46a3-9d3c-936d65b65283","0","1","1","29","654","736","196","1140","564","1140","522","20"
"76ceee13-0c73-46a3-9d3c-936d65b65283","0","1","2","86","596","532","252","777","415","1061","407","91"
"76ceee13-0c73-46a3-9d3c-936d65b65283","0","1","3","128","548","849","236","366","464","701","511","22"
"76ceee13-0c73-46a3-9d3c-936d65b65283","0","1","4","148","495","475","175","1079","537","413","1425","25"
"76ceee13-0c73-46a3-9d3c-936d65b65283","0","1","5","109","832","418","280","701","488","1119","565","23"
"76ceee13-0c73-46a3-9d3c-936d65b65283","0","1","6","132","630","711","274","896","425","668","514","17"
"76ceee13-0c73-46a3-9d3c-936d65b65283","0","1","7","138","716","978","310","721","1947","802","396","99"
"76ceee13-0c73-46a3-9d3c-936d65b65283","0","1","8","80","713","376","229","699","768","815","425","107"
"76ceee13-0c73-46a3-9d3c-936d65b65283","0","1","9","163","823","703","204","329","374","572","519","96"
"76ceee13-0c73-46a3-9d3c-936d65b65283","0","1","10","163","823","703","204","329","374","572","519","96"
"76ceee13-0c73-46a3-9d3c-936d65b65283","1","1","0","44","655","1077","248","372","488","1119","661","30"
"76ceee13-0c73-46a3-9d3c-936d65b65283","1","1","1","53","650","588","604","565","914","1258","384","126"
"76ceee13-0c73-46a3-9d3c-936d65b65283","1","1","2","142","695","540","276","583","646","802","475","49"
"76ceee13-0c73-46a3-9d3c-936d65b65283","1","1","3","98","679","580","294","741","564","953","462","96"
"76ceee13-0c73-46a3-9d3c-936d65b65283","1","1","4","33","716","620","291","751","493","744","418","19"
"76ceee13-0c73-46a3-9d3c-936d65b65283","1","1","5","45","587","529","246","367","338","456","316","94"
"76ceee13-0c73-46a3-9d3c-936d65b65283","1","1","6","99","493","610","231","458","459","568","441","26"
"76ceee13-0c73-46a3-9d3c-936d65b65283","1","1","7","40","538","1162","267","586","422","905","424","27"
"76ceee13-0c73-46a3-9d3c-936d65b65283","1","1","8","62","515","754","296","401","534","299","351","118"
"76ceee13-0c73-46a3-9d3c-936d65b65283","2","1","0","99","600","706","202","361","1407","309","1151","27"
"76ceee13-0c73-46a3-9d3c-936d65b65283","2","1","1","103","602","758","184","1094","453","966","375","132"
"76ceee13-0c73-46a3-9d3c-936d65b65283","2","1","2","139","579","1330","249","369","466","278","324","117"
"76ceee13-0c73-46a3-9d3c-936d65b65283","2","1","3","1574","469","754","295","377","356","283","416","21"
"76ceee13-0c73-46a3-9d3c-936d65b65283","2","1","4","93","675","791","186","1284","528","291","566","102"
"76ceee13-0c73-46a3-9d3c-936d65b65283","2","1","5","93","879","626","205","846","775","973","305","243"
"76ceee13-0c73-46a3-9d3c-936d65b65283","2","1","6","131","664","386","221","509","660","197","254","93"
"76ceee13-0c73-46a3-9d3c-936d65b65283","2","1","7","19","668","874","133","509","412","288","391","176"
"76ceee13-0c73-46a3-9d3c-936d65b65283","2","1","9","131","602","523","188","1360","1144","217","280","105"
"76ceee13-0c73-46a3-9d3c-936d65b65283","2","1","10","131","602","523","188","1360","1144","217","280","105"
"78274e72-031c-4168-bb19-ef98352003a6","0","1","0","289","4270","1202","142","1344","528","1184","1504","197"
"78274e72-031c-4168-bb19-ef98352003a6","0","1","1","175","1040","704","128","736","578","702","417","180"
"78274e72-031c-4168-bb19-ef98352003a6","0","1","2","160","928","815","129","1327","592","944","385","452"
"78274e72-031c-4168-bb19-ef98352003a6","0","1","3","159","1010","974","128","962","621","1057","544","150"
"78274e72-031c-4168-bb19-ef98352003a6","0","1","4","160","960","895","161","1184","496","320","640","195"
"78274e72-031c-4168-bb19-ef98352003a6","0","1","5","124","1008","784","127","1136","514","255","704","177"
"78274e72-031c-4168-bb19-ef98352003a6","0","1","6","143","928","1152","144","945","495","209","623","181"
"78274e72-031c-4168-bb19-ef98352003a6","0","1","7","142","1280","739","125","865","383","673","464","131"
"78274e72-031c-4168-bb19-ef98352003a6","0","1","8","1149","656","944","112","1088","432","208","624","371"
"78274e72-031c-4168-bb19-ef98352003a6","0","1","9","159","673","688","143","928","418","223","640","165"
"78274e72-031c-4168-bb19-ef98352003a6","0","1","10","159","673","688","143","928","418","223","640","165"
"78274e72-031c-4168-bb19-ef98352003a6","1","1","0","303","4752","1265","111","1024","512","208","1120","168"
"78274e72-031c-4168-bb19-ef98352003a6","1","1","1","145","2815","1472","111","753","480","1007","514","194"
"78274e72-031c-4168-bb19-ef98352003a6","1","1","2","128","784","687","97","1024","273","895","832","163"
"78274e72-031c-4168-bb19-ef98352003a6","1","1","3","239","1042","894","160","737","624","688","479","147"
"78274e72-031c-4168-bb19-ef98352003a6","1","1","4","175","1920","496","96","913","367","192","592","195"
"78274e72-031c-4168-bb19-ef98352003a6","1","1","5","143","400","960","96","944","352","1552","432","130"
"78274e72-031c-4168-bb19-ef98352003a6","1","1","6","96","1168","2704","128","1184","544","640","384","195"
"78274e72-031c-4168-bb19-ef98352003a6","1","1","7","175","720","896","128","1408","1424","176","432","131"
"78274e72-031c-4168-bb19-ef98352003a6","1","1","8","176","1088","912","112","1008","336","480","464","147"
"78274e72-031c-4168-bb19-ef98352003a6","1","1","9","143","752","752","112","864","560","1009","623","178"
"78274e72-031c-4168-bb19-ef98352003a6","1","1","10","143","752","752","112","864","560","1009","623","178"
"78274e72-031c-4168-bb19-ef98352003a6","2","1","0","122","4944","943","704","705","464","2031","305","186"
"78274e72-031c-4168-bb19-ef98352003a6","2","1","1","685","1039","657","95","977","479","784","434","177"
"78274e72-031c-4168-bb19-ef98352003a6","2","1","2","173","562","557","96","1440","592","578","400","147"
"78274e72-031c-4168-bb19-ef98352003a6","2","1","3","129","830","929","144","736","575","898","432","161"
"78274e72-031c-4168-bb19-ef98352003a6","2","1","4","160","879","1137","209","1327","591","784","400","147"
"78274e72-031c-4168-bb19-ef98352003a6","2","1","5","110","401","817","127","1023","448","400","515","228"
"78274e72-031c-4168-bb19-ef98352003a6","2","1","6","159","1489","3119","80","1088","705","863","449","148"
"78274e72-031c-4168-bb19-ef98352003a6","2","1","7","127","834","542","128","704","384","225","448","131"
"78274e72-031c-4168-bb19-ef98352003a6","2","1","8","241","1166","753","95","864","304","256","432","146"
"78274e72-031c-4168-bb19-ef98352003a6","2","1","9","79","1265","639","80","640","464","177","351","148"
"78274e72-031c-4168-bb19-ef98352003a6","2","1","10","79","1265","639","80","640","464","177","351","148"
"78274e72-031c-4168-bb19-ef98352003a6","2","1","11","79","1265","639","80","640","464","177","351","148"
"7f51dfb9-2994-446b-b18f-be0095e0e0a8","0","1","0","106","863","604","311","1137","536","966","1071","4"
"7f51dfb9-2994-446b-b18f-be0095e0e0a8","0","1","1","297","727","1031","212","809","738","820","441","392"
"7f51dfb9-2994-446b-b18f-be0095e0e0a8","0","1","2","243","483","665","217","945","825","864","457","182"
"7f51dfb9-2994-446b-b18f-be0095e0e0a8","0","1","3","38","572","523","190","505","310","712","309","115"
"7f51dfb9-2994-446b-b18f-be0095e0e0a8","0","1","4","5","355","732","199","481","505","894","692","14"
"7f51dfb9-2994-446b-b18f-be0095e0e0a8","0","1","5","87","347","373","172","761","123","899","430","130"
"7f51dfb9-2994-446b-b18f-be0095e0e0a8","0","1","6","118","361","1158","221","615","323","1099","474","199"
"7f51dfb9-2994-446b-b18f-be0095e0e0a8","0","1","7","102","1813","615","237","413","842","728","372","128"
"7f51dfb9-2994-446b-b18f-be0095e0e0a8","0","1","9","27","337","511","312","489","319","522","202","152"
"7f51dfb9-2994-446b-b18f-be0095e0e0a8","0","1","10","27","337","511","312","489","319","522","202","152"
"7f51dfb9-2994-446b-b18f-be0095e0e0a8","1","1","0","102","709","805","186","544","709","679","396","101"
"7f51dfb9-2994-446b-b18f-be0095e0e0a8","1","1","1","26","400","699","190","530","455","674","487","149"
"7f51dfb9-2994-446b-b18f-be0095e0e0a8","1","1","2","10","617","649","207","290","2569","1068","323","92"
"7f51dfb9-2994-446b-b18f-be0095e0e0a8","1","1","3","9","529","872","677","885","2804","789","358","269"
"7f51dfb9-2994-446b-b18f-be0095e0e0a8","1","1","4","311","490","489","208","581","364","736","305","143"
"7f51dfb9-2994-446b-b18f-be0095e0e0a8","1","1","5","133","553","403","241","908","453","1018","393","113"
"7f51dfb9-2994-446b-b18f-be0095e0e0a8","1","1","7","13","334","503","201","439","469","898","433","164"
"7f51dfb9-2994-446b-b18f-be0095e0e0a8","1","1","8","118","425","495","160","686","896","1486","1398","135"
"9a28ea73-1f26-4647-a236-ccf56a82f33b","0","1","0","64","332","467","48","527","1264","1788","789","1"
"9a28ea73-1f26-4647-a236-ccf56a82f33b","0","1","1","47","300","384","71","318","547","987","542","29"
"9a28ea73-1f26-4647-a236-ccf56a82f33b","0","1","2","17","301","515","40","552","769","539","403","57"
"9a28ea73-1f26-4647-a236-ccf56a82f33b","0","1","3","18","336","442","64","300","780","1190","341","64"
"9a28ea73-1f26-4647-a236-ccf56a82f33b","0","1","4","18","235","365","62","468","529","491","308","35"
"9a28ea73-1f26-4647-a236-ccf56a82f33b","0","1","5","24","240","375","62","464","642","269","390","22"
"9a28ea73-1f26-4647-a236-ccf56a82f33b","0","1","6","57","207","330","81","449","236","188","279","39"
"9a28ea73-1f26-4647-a236-ccf56a82f33b","0","1","7","12","192","372","51","242","731","14691","254","60"
"9a28ea73-1f26-4647-a236-ccf56a82f33b","0","1","8","22","161","320","63","230","1226","1472","470","49"
"9a28ea73-1f26-4647-a236-ccf56a82f33b","0","1","9","23","202","339","46","297","1000","3910","331","45"
"9a28ea73-1f26-4647-a236-ccf56a82f33b","0","1","10","23","202","339","46","297","1000","3910","331","45"
"9a28ea73-1f26-4647-a236-ccf56a82f33b","0","1","11","17","207","357","18","224","902","246","388","28"
"9a28ea73-1f26-4647-a236-ccf56a82f33b","0","1","13","5","220","332","59","295","487","168","231","30"
"9a28ea73-1f26-4647-a236-ccf56a82f33b","0","1","14","23","148","338","65","352","407","571","273","4"
"9a28ea73-1f26-4647-a236-ccf56a82f33b","0","1","15","32","175","428","23","436","277","191","252","30"
"9a28ea73-1f26-4647-a236-ccf56a82f33b","0","1","16","28","159","379","31","203","612","160","222","70"
"9a28ea73-1f26-4647-a236-ccf56a82f33b","0","1","17","14","218","334","47","256","452","228","138","59"
"9a28ea73-1f26-4647-a236-ccf56a82f33b","0","1","18","104","65","390","46","295","462","334","331","34"
"9a28ea73-1f26-4647-a236-ccf56a82f33b","0","1","19","94","78","322","61","385","206","192","249","40"
"9a28ea73-1f26-4647-a236-ccf56a82f33b","0","1","20","36","177","324","46","263","387","178","245","29"
"9a28ea73-1f26-4647-a236-ccf56a82f33b","0","1","21","36","177","324","46","263","387","178","245","29"
"9a28ea73-1f26-4647-a236-ccf56a82f33b","1","1","0","69","214","701","41","943","486","213","264","35"
"9a28ea73-1f26-4647-a236-ccf56a82f33b","1","1","1","17","180","352","63","244","246","158","267","26"
"9a28ea73-1f26-4647-a236-ccf56a82f33b","1","1","2","46","170","338","58","172","584","156","299","34"
"9a28ea73-1f26-4647-a236-ccf56a82f33b","1","1","3","82","82","715","45","239","204","192","365","28"
"9a28ea73-1f26-4647-a236-ccf56a82f33b","1","1","4","65","169","328","50","186","989","176","276","32"
"9a28ea73-1f26-4647-a236-ccf56a82f33b","1","1","5","40","213","428","93","175","534","136","283","42"
"9a28ea73-1f26-4647-a236-ccf56a82f33b","1","1","6","28","187","336","37","286","461","148","296","59"
"9a28ea73-1f26-4647-a236-ccf56a82f33b","1","1","7","6","168","309","49","242","438","134","221","42"
"9a28ea73-1f26-4647-a236-ccf56a82f33b","1","1","8","49","153","294","33","292","203","218","163","22"
"9a28ea73-1f26-4647-a236-ccf56a82f33b","1","1","9","59","168","324","55","113","2245","730","252","12"
"9a28ea73-1f26-4647-a236-ccf56a82f33b","1","1","10","59","168","324","55","113","2245","730","252","12"
"9a28ea73-1f26-4647-a236-ccf56a82f33b","2","1","0","116","484","432","45","248","667","261","241","54"
"9a28ea73-1f26-4647-a236-ccf56a82f33b","2","1","1","2","160","332","36","173","593","136","303","48"
"9a28ea73-1f26-4647-a236-ccf56a82f33b","2","1","2","75","209","318","37","264","272","149","346","29"
"9a28ea73-1f26-4647-a236-ccf56a82f33b","2","1","3","26","170","638","51","247","655","175","427","34"
"9a28ea73-1f26-4647-a236-ccf56a82f33b","2","1","4","2","189","331","42","282","268","349","181","26"
"9a28ea73-1f26-4647-a236-ccf56a82f33b","2","1","5","92","67","304","44","264","237","154","259","39"
"9a28ea73-1f26-4647-a236-ccf56a82f33b","2","1","6","57","352","387","67","249","710","238","180","53"
"9a28ea73-1f26-4647-a236-ccf56a82f33b","2","1","7","55","195","318","54","286","429","159","267","41"
"9a28ea73-1f26-4647-a236-ccf56a82f33b","2","1","8","15","195","318","46","296","259","238","348","47"
"9a28ea73-1f26-4647-a236-ccf56a82f33b","2","1","9","41","163","287","50","153","881","194","284","54"
"9a28ea73-1f26-4647-a236-ccf56a82f33b","2","1","10","41","163","287","50","153","881","194","284","54"
"a11b642e-75bc-4ae8-bb00-cbff9c3b2e88","1","1","0","5459","4680","1727","177","2095","1771","2033","1798","830"
"a11b642e-75bc-4ae8-bb00-cbff9c3b2e88","1","1","1","397","1781","995","238","1687","1210","1407","570","513"
"a11b642e-75bc-4ae8-bb00-cbff9c3b2e88","1","1","2","493","1342","1536","193","1316","1099","412","1201","554"
"a11b642e-75bc-4ae8-bb00-cbff9c3b2e88","1","1","3","495","1761","1343","208","1235","1242","890","828","524"
"a11b642e-75bc-4ae8-bb00-cbff9c3b2e88","1","1","4","414","1432","1553","180","1593","1148","1823","639","571"
"a11b642e-75bc-4ae8-bb00-cbff9c3b2e88","1","1","5","536","1108","1233","168","1149","1028","675","558","483"
"a11b642e-75bc-4ae8-bb00-cbff9c3b2e88","1","1","6","394","1203","1012","173","1820","1354","469","754","548"
"a11b642e-75bc-4ae8-bb00-cbff9c3b2e88","1","1","7","490","1258","937","201","1268","1530","480","740","520"
"a11b642e-75bc-4ae8-bb00-cbff9c3b2e88","1","1","8","375","1676","1516","156","1592","749","872","555","520"
"a11b642e-75bc-4ae8-bb00-cbff9c3b2e88","1","1","9","390","1053","889","188","1234","905","325","622","533"
"a11b642e-75bc-4ae8-bb00-cbff9c3b2e88","1","1","10","390","1053","889","188","1234","905","325","622","533"
"a11b642e-75bc-4ae8-bb00-cbff9c3b2e88","2","1","0","1316","1294","2240","256","2205","633","2796","555","556"
"a11b642e-75bc-4ae8-bb00-cbff9c3b2e88","2","1","1","1558","1837","1314","129","1657","1848","505","687","562"
"a11b642e-75bc-4ae8-bb00-cbff9c3b2e88","2","1","2","545","1471","1016","117","1882","1047","763","683","512"
"a11b642e-75bc-4ae8-bb00-cbff9c3b2e88","2","1","3","636","1452","1176","107","1639","810","365","979","546"
"a11b642e-75bc-4ae8-bb00-cbff9c3b2e88","2","1","4","515","1642","1132","180","1288","1561","468","711","495"
"a11b642e-75bc-4ae8-bb00-cbff9c3b2e88","2","1","5","485","1738","1070","170","1091","1467","426","576","552"
"a11b642e-75bc-4ae8-bb00-cbff9c3b2e88","2","1","6","597","1151","917","152","1757","1409","480","603","569"
"a11b642e-75bc-4ae8-bb00-cbff9c3b2e88","2","1","7","488","1139","751","197","1167","1488","714","593","555"
"a11b642e-75bc-4ae8-bb00-cbff9c3b2e88","2","1","8","532","1214","943","115","1439","1242","667","561","522"
"a11b642e-75bc-4ae8-bb00-cbff9c3b2e88","2","1","9","420","1216","1129","154","1038","1226","405","603","536"
"a11b642e-75bc-4ae8-bb00-cbff9c3b2e88","2","1","10","420","1216","1129","154","1038","1226","405","603","536"
"a6507dfb-3bf3-4007-bc5f-0e74cb0809d5","0","1","0","326","497","423","461","907","1037","645","813","144"
"a6507dfb-3bf3-4007-bc5f-0e74cb0809d5","0","1","1","976","451","306","201","480","530","834","266","133"
"a6507dfb-3bf3-4007-bc5f-0e74cb0809d5","0","1","2","310","302","570","411","573","363","881","302","159"
"a6507dfb-3bf3-4007-bc5f-0e74cb0809d5","0","1","3","492","466","541","282","977","706","3071","145","120"
"a6507dfb-3bf3-4007-bc5f-0e74cb0809d5","0","1","4","278","323","742","262","578","512","641","419","165"
"a6507dfb-3bf3-4007-bc5f-0e74cb0809d5","0","1","5","200","287","566","190","353","10240","438","306","113"
"a6507dfb-3bf3-4007-bc5f-0e74cb0809d5","0","1","6","224","643","556","204","1313","824","564","283","147"
"a6507dfb-3bf3-4007-bc5f-0e74cb0809d5","0","1","7","239","453","339","363","541","362","555","404","165"
"a6507dfb-3bf3-4007-bc5f-0e74cb0809d5","0","1","8","738","309","312","420","630","391","780","340","102"
"a6507dfb-3bf3-4007-bc5f-0e74cb0809d5","0","1","9","578","465","407","273","533","301","529","276","147"
"a6507dfb-3bf3-4007-bc5f-0e74cb0809d5","0","1","10","578","465","407","273","533","301","529","276","147"
"a6507dfb-3bf3-4007-bc5f-0e74cb0809d5","1","1","0","288","616","486","315","668","922","672","410","376"
"a6507dfb-3bf3-4007-bc5f-0e74cb0809d5","1","1","1","316","517","352","417","744","604","1479","495","190"
"a6507dfb-3bf3-4007-bc5f-0e74cb0809d5","1","1","2","284","379","440","349","751","197","1147","209","190"
"a6507dfb-3bf3-4007-bc5f-0e74cb0809d5","1","1","3","320","1047","433","264","744","463","1128","225","209"
"a6507dfb-3bf3-4007-bc5f-0e74cb0809d5","1","1","4","1192","1017","384","176","583","257","791","480","386"
"a6507dfb-3bf3-4007-bc5f-0e74cb0809d5","1","1","5","255","385","312","192","655","1311","2665","369","128"
"a6507dfb-3bf3-4007-bc5f-0e74cb0809d5","1","1","6","221","368","129","199","871","569","448","177","154"
"a6507dfb-3bf3-4007-bc5f-0e74cb0809d5","1","1","7","200","225","331","533","782","241","439","157","167"
"a6507dfb-3bf3-4007-bc5f-0e74cb0809d5","1","1","8","252","440","320","177","679","2336","496","311","132"
"a6507dfb-3bf3-4007-bc5f-0e74cb0809d5","1","1","9","230","400","280","209","328","1073","471","432","176"
"a6507dfb-3bf3-4007-bc5f-0e74cb0809d5","1","1","10","230","400","280","209","328","1073","471","432","176"
"a6507dfb-3bf3-4007-bc5f-0e74cb0809d5","2","1","0","6","337","777","183","552","193","3598","546","138"
"b5efef81-d69e-4e71-8b5e-6e4b1aaa82cc","0","1","0","310","1733","1269","336","708","584","1320","343","162"
"b5efef81-d69e-4e71-8b5e-6e4b1aaa82cc","0","1","1","269","609","818","438","458","690","482","442","145"
"b5efef81-d69e-4e71-8b5e-6e4b1aaa82cc","0","1","2","335","513","756","267","930","332","271","414","197"
"b5efef81-d69e-4e71-8b5e-6e4b1aaa82cc","0","1","3","246","638","665","272","344","1365","381","168","143"
"b5efef81-d69e-4e71-8b5e-6e4b1aaa82cc","0","1","4","254","1078","388","326","780","458","550","189","170"
"b5efef81-d69e-4e71-8b5e-6e4b1aaa82cc","0","1","5","276","1038","371","366","622","426","451","294","5"
"b5efef81-d69e-4e71-8b5e-6e4b1aaa82cc","0","1","6","187","571","1176","173","369","507","391","130","124"
"b5efef81-d69e-4e71-8b5e-6e4b1aaa82cc","0","1","7","48","354","567","248","467","836","1000","324","19"
"b5efef81-d69e-4e71-8b5e-6e4b1aaa82cc","0","1","8","48","354","567","248","467","836","1000","324","19"
"b5efef81-d69e-4e71-8b5e-6e4b1aaa82cc","0","1","9","186","772","519","166","750","327","315","284","129"
"b5efef81-d69e-4e71-8b5e-6e4b1aaa82cc","0","1","10","215","355","457","141","375","490","364","95","144"
"b5efef81-d69e-4e71-8b5e-6e4b1aaa82cc","0","1","11","215","355","457","141","375","490","364","95","144"
"b5efef81-d69e-4e71-8b5e-6e4b1aaa82cc","1","1","0","44","751","777","289","660","671","494","322","177"
"b5efef81-d69e-4e71-8b5e-6e4b1aaa82cc","1","1","1","23","578","1016","138","540","689","325","401","237"
"b5efef81-d69e-4e71-8b5e-6e4b1aaa82cc","1","1","2","218","532","270","146","537","2607","304","399","204"
"b5efef81-d69e-4e71-8b5e-6e4b1aaa82cc","1","1","3","15","468","1220","123","619","517","387","356","166"
"b5efef81-d69e-4e71-8b5e-6e4b1aaa82cc","1","1","4","181","330","931","145","784","1451","305","390","20"
"b5efef81-d69e-4e71-8b5e-6e4b1aaa82cc","1","1","5","96","415","428","122","765","325","297","285","175"
"b5efef81-d69e-4e71-8b5e-6e4b1aaa82cc","1","1","6","149","490","362","132","1220","420","312","261","108"
"b5efef81-d69e-4e71-8b5e-6e4b1aaa82cc","1","1","7","177","499","620","138","578","647","279","254","199"
"b5efef81-d69e-4e71-8b5e-6e4b1aaa82cc","1","1","8","4","471","730","141","445","618","296","203","227"
"b5efef81-d69e-4e71-8b5e-6e4b1aaa82cc","1","1","9","152","546","844","249","418","653","241","419","2"
"b5efef81-d69e-4e71-8b5e-6e4b1aaa82cc","1","1","10","152","546","844","249","418","653","241","419","2"
"b5efef81-d69e-4e71-8b5e-6e4b1aaa82cc","2","1","0","355","721","634","256","584","800","1035","274","164"
"b5efef81-d69e-4e71-8b5e-6e4b1aaa82cc","2","1","1","145","720","357","147","591","1645","307","1063","5"
"b5efef81-d69e-4e71-8b5e-6e4b1aaa82cc","2","1","2","16","632","708","141","1018","715","802","389","48"
"b5efef81-d69e-4e71-8b5e-6e4b1aaa82cc","2","1","3","139","562","900","319","511","681","283","391","37"
"b5efef81-d69e-4e71-8b5e-6e4b1aaa82cc","2","1","4","5","506","893","275","822","554","258","276","413"
"b5efef81-d69e-4e71-8b5e-6e4b1aaa82cc","2","1","5","57","692","457","5","437","645","276","250","140"
"b5efef81-d69e-4e71-8b5e-6e4b1aaa82cc","2","1","7","41","615","295","276","261","574","240","390","2"
"b5efef81-d69e-4e71-8b5e-6e4b1aaa82cc","2","1","8","41","758","251","559","1029","606","292","238","128"
"b5efef81-d69e-4e71-8b5e-6e4b1aaa82cc","2","1","9","7","580","329","131","734","518","239","343","158"
"b5efef81-d69e-4e71-8b5e-6e4b1aaa82cc","2","1","10","7","580","329","131","734","518","239","343","158"
"bafdabe2-8b49-434a-aaf3-b06d61906024","0","1","0","400","792","1328","104","3736","1168","240","792","119"
"bafdabe2-8b49-434a-aaf3-b06d61906024","0","1","1","176","928","1016","104","1744","3248","200","600","116"
"bafdabe2-8b49-434a-aaf3-b06d61906024","0","1","2","136","824","1224","112","832","1240","296","752","179"
"bafdabe2-8b49-434a-aaf3-b06d61906024","0","1","3","128","1433","1535","120","1432","2448","224","448","141"
"bafdabe2-8b49-434a-aaf3-b06d61906024","0","1","4","128","2105","647","88","1232","2432","360","672","107"
"bafdabe2-8b49-434a-aaf3-b06d61906024","0","1","5","144","1433","967","128","1232","681","415","584","123"
"bafdabe2-8b49-434a-aaf3-b06d61906024","0","1","6","152","2024","1496","160","1352","976","232","824","141"
"bafdabe2-8b49-434a-aaf3-b06d61906024","0","1","7","120","760","912","128","2615","745","223","800","131"
"bafdabe2-8b49-434a-aaf3-b06d61906024","0","1","9","489","1560","1303","97","736","864","216","816","174"
"bafdabe2-8b49-434a-aaf3-b06d61906024","0","1","10","489","1560","1303","97","736","864","216","816","174"
"bafdabe2-8b49-434a-aaf3-b06d61906024","1","1","0","207","1385","1888","135","1928","1553","240","744","183"
"bafdabe2-8b49-434a-aaf3-b06d61906024","1","1","1","128","1792","1048","73","1559","743","209","1623","149"
"bafdabe2-8b49-434a-aaf3-b06d61906024","1","1","2","184","1280","1504","104","1760","567","260","629","171"
"bafdabe2-8b49-434a-aaf3-b06d61906024","1","1","3","1215","1520","1183","128","1681","1200","312","696","131"
"bafdabe2-8b49-434a-aaf3-b06d61906024","1","1","4","128","1560","1087","88","1232","1512","320","720","236"
"bafdabe2-8b49-434a-aaf3-b06d61906024","1","1","5","383","1585","865","86","1281","1279","264","872","164"
"bafdabe2-8b49-434a-aaf3-b06d61906024","1","1","6","136","856","1208","128","1066","1400","286","504","148"
"bafdabe2-8b49-434a-aaf3-b06d61906024","1","1","7","104","1376","368","113","1191","640","256","400","191"
"bafdabe2-8b49-434a-aaf3-b06d61906024","1","1","8","96","722","1062","105","992","808","247","584","141"
"bafdabe2-8b49-434a-aaf3-b06d61906024","1","1","9","121","1280","847","120","1032","592","264","376","275"
"bafdabe2-8b49-434a-aaf3-b06d61906024","1","1","10","121","1280","847","120","1032","592","264","376","275"
"e41db89e-c7b4-4c6c-9016-d89e258bf28b","0","1","0","700","379","490","2","1140","227","520","343","137"
"e41db89e-c7b4-4c6c-9016-d89e258bf28b","0","1","3","153","266","445","26","585","1049","759","345","1"
"e41db89e-c7b4-4c6c-9016-d89e258bf28b","0","1","4","128","327","378","9","356","215","784","233","96"
"e41db89e-c7b4-4c6c-9016-d89e258bf28b","0","1","5","158","285","357","18","312","224","823","390","117"
"e41db89e-c7b4-4c6c-9016-d89e258bf28b","0","1","7","127","245","903","18","422","336","470","219","95"
"e41db89e-c7b4-4c6c-9016-d89e258bf28b","0","1","8","122","262","369","19","418","765","488","388","130"
"e41db89e-c7b4-4c6c-9016-d89e258bf28b","0","1","9","144","358","317","5","439","256","365","436","146"
"e41db89e-c7b4-4c6c-9016-d89e258bf28b","0","1","10","144","358","317","5","439","256","365","436","146"
"e41db89e-c7b4-4c6c-9016-d89e258bf28b","1","1","0","197","339","1602","12","559","537","485","516","132"
"e41db89e-c7b4-4c6c-9016-d89e258bf28b","1","1","1","206","281","352","151","664","779","520","271","114"
"e41db89e-c7b4-4c6c-9016-d89e258bf28b","1","1","2","145","293","931","233","559","306","466","340","163"
"e41db89e-c7b4-4c6c-9016-d89e258bf28b","1","1","3","119","273","788","117","481","966","736","262","117"
"e41db89e-c7b4-4c6c-9016-d89e258bf28b","1","1","4","82","406","517","215","345","1148","406","574","122"
"e41db89e-c7b4-4c6c-9016-d89e258bf28b","1","1","5","126","372","714","126","384","614","413","436","103"
"e41db89e-c7b4-4c6c-9016-d89e258bf28b","1","1","6","143","367","543","180","290","694","461","424","109"
"e41db89e-c7b4-4c6c-9016-d89e258bf28b","1","1","7","190","372","459","174","543","550","469","452","105"
"e6404804-9a54-418a-a8f0-775592877cfe","0","1","0","374","231","343","278","271","251","2821","2340","173"
"e6404804-9a54-418a-a8f0-775592877cfe","0","1","1","210","295","178","198","279","667","2049","863","119"
"e6404804-9a54-418a-a8f0-775592877cfe","0","1","2","152","208","355","10","246","359","1559","679","114"
"e6404804-9a54-418a-a8f0-775592877cfe","0","1","3","142","298","649","39","397","318","2262","652","129"
"e6404804-9a54-418a-a8f0-775592877cfe","0","1","5","125","236","326","137","437","351","1980","537","215"
"e6404804-9a54-418a-a8f0-775592877cfe","0","1","6","172","245","282","142","413","321","955","566","113"
"e6404804-9a54-418a-a8f0-775592877cfe","0","1","7","120","195","395","2","239","243","971","695","114"
"e6404804-9a54-418a-a8f0-775592877cfe","0","1","8","144","297","384","35","263","242","897","200","128"
"e6404804-9a54-418a-a8f0-775592877cfe","0","1","9","153","233","331","26","199","230","816","232","127"
"e6404804-9a54-418a-a8f0-775592877cfe","0","1","10","153","233","331","26","199","230","816","232","127"
"e6404804-9a54-418a-a8f0-775592877cfe","1","1","0","121","212","399","31","299","307","1474","126","90"
"e6404804-9a54-418a-a8f0-775592877cfe","1","1","1","111","193","364","23","236","893","375","357","122"
"e6404804-9a54-418a-a8f0-775592877cfe","1","1","2","108","233","1039","32","555","250","713","289","153"
"e6404804-9a54-418a-a8f0-775592877cfe","1","1","3","149","192","366","28","231","282","816","236","102"
"e6404804-9a54-418a-a8f0-775592877cfe","1","1","4","129","257","332","22","249","312","633","195","97"
"e6404804-9a54-418a-a8f0-775592877cfe","1","1","5","228","133","325","32","190","170","489","216","117"
"e6404804-9a54-418a-a8f0-775592877cfe","1","1","6","117","386","350","26","193","203","708","125","602"
"e6404804-9a54-418a-a8f0-775592877cfe","1","1","7","121","204","747","31","193","279","386","304","5"
"e6404804-9a54-418a-a8f0-775592877cfe","1","1","8","178","138","333","28","243","249","732","52","873"
"e6404804-9a54-418a-a8f0-775592877cfe","1","1","9","136","209","305","23","180","171","369","222","132"
"e6404804-9a54-418a-a8f0-775592877cfe","1","1","10","136","209","305","23","180","171","369","222","132"
"e6404804-9a54-418a-a8f0-775592877cfe","2","1","0","96","205","386","3","378","2713","265","430","93"
"e6404804-9a54-418a-a8f0-775592877cfe","2","1","1","134","170","360","3","342","1447","252","251","137"
"e6404804-9a54-418a-a8f0-775592877cfe","2","1","2","117","245","422","25","291","301","210","876","116"
"e6404804-9a54-418a-a8f0-775592877cfe","2","1","3","180","103","402","23","611","653","332","183","103"
"e861cdce-a713-40ab-82ac-4d9691788a19","0","1","1","24","1927","1551","136","1336","570","1239","717","5"
"e861cdce-a713-40ab-82ac-4d9691788a19","0","1","2","24","1208","880","145","1503","575","1285","376","154"
"e861cdce-a713-40ab-82ac-4d9691788a19","0","1","3","167","719","1242","119","833","615","2176","791","145"
"e861cdce-a713-40ab-82ac-4d9691788a19","0","1","4","9","982","1081","176","1168","608","856","473","6"
"e861cdce-a713-40ab-82ac-4d9691788a19","0","1","5","135","688","1207","97","1296","936","863","401","145"
"e861cdce-a713-40ab-82ac-4d9691788a19","0","1","6","40","927","552","16","1690","567","975","563","38"
"e861cdce-a713-40ab-82ac-4d9691788a19","0","1","7","32","1840","1265","9","1143","535","1249","461","27"
"e861cdce-a713-40ab-82ac-4d9691788a19","0","1","8","120","1648","791","24","1009","554","1094","255","180"
"e861cdce-a713-40ab-82ac-4d9691788a19","0","1","9","40","3824","1711","89","897","504","992","312","146"
"e861cdce-a713-40ab-82ac-4d9691788a19","0","1","10","40","3824","1711","89","897","504","992","312","146"
"e861cdce-a713-40ab-82ac-4d9691788a19","1","1","0","15","2837","2435","141","850","597","4667","1954","46"
"e861cdce-a713-40ab-82ac-4d9691788a19","1","1","2","189","4287","1351","139","999","938","1049","515","66"
"e861cdce-a713-40ab-82ac-4d9691788a19","1","1","3","257","1035","1368","154","816","399","1055","509","60"
"e861cdce-a713-40ab-82ac-4d9691788a19","1","1","4","209","503","841","55","895","524","928","436","39"
"e861cdce-a713-40ab-82ac-4d9691788a19","1","1","6","200","1202","866","170","1120","988","803","460","23"
"e861cdce-a713-40ab-82ac-4d9691788a19","1","1","7","21","1040","1205","28","911","394","902","491","31"
"e861cdce-a713-40ab-82ac-4d9691788a19","1","1","9","34","729","1101","51","1050","554","798","422","22"
"e861cdce-a713-40ab-82ac-4d9691788a19","1","1","10","34","729","1101","51","1050","554","798","422","22"
"e861cdce-a713-40ab-82ac-4d9691788a19","2","1","0","53","1164","1268","38","1813","630","853","409","176"
"e861cdce-a713-40ab-82ac-4d9691788a19","2","1","1","159","627","904","7","1111","478","1059","365","172"
"e861cdce-a713-40ab-82ac-4d9691788a19","2","1","2","238","1749","949","99","652","341","852","333","144"
"e861cdce-a713-40ab-82ac-4d9691788a19","2","1","3","133","1259","1308","114","924","470","731","596","28"
"e861cdce-a713-40ab-82ac-4d9691788a19","2","1","4","27","621","741","31","1128","667","787","404","20"
"e861cdce-a713-40ab-82ac-4d9691788a19","2","1","5","23","694","908","15","1034","439","745","346","316"
"e861cdce-a713-40ab-82ac-4d9691788a19","2","1","6","189","1315","1074","33","1191","463","855","434","24"
"e861cdce-a713-40ab-82ac-4d9691788a19","2","1","7","41","770","951","8","1009","1330","907","453","12"
"e861cdce-a713-40ab-82ac-4d9691788a19","2","1","8","5","802","715","21","1184","521","936","247","170"
"e861cdce-a713-40ab-82ac-4d9691788a19","2","1","9","20","599","1039","45","704","345","768","228","173"
"e861cdce-a713-40ab-82ac-4d9691788a19","2","1","10","20","599","1039","45","704","345","768","228","173"
"ea92f37c-6652-4339-b685-7ae99d5f272f","0","1","0","422","1571","924","43","774","1076","802","1058","145"
"ea92f37c-6652-4339-b685-7ae99d5f272f","0","1","1","144","566","1004","45","1241","619","1344","302","404"
"ea92f37c-6652-4339-b685-7ae99d5f272f","0","1","2","140","372","813","167","1151","296","333","1168","244"
"ea92f37c-6652-4339-b685-7ae99d5f272f","0","1","3","144","538","1463","160","1219","2625","397","683","96"
"ea92f37c-6652-4339-b685-7ae99d5f272f","0","1","4","15","353","1041","41","680","652","1235","316","301"
"ea92f37c-6652-4339-b685-7ae99d5f272f","0","1","5","29","393","1259","240","592","430","1156","343","81"
"ea92f37c-6652-4339-b685-7ae99d5f272f","0","1","6","40","408","924","33","774","677","507","278","109"
"ea92f37c-6652-4339-b685-7ae99d5f272f","0","1","7","124","949","748","44","809","320","410","925","245"
"ea92f37c-6652-4339-b685-7ae99d5f272f","0","1","8","174","413","757","63","1094","476","426","351","100"
"ea92f37c-6652-4339-b685-7ae99d5f272f","0","1","9","159","557","347","180","755","412","507","1209","144"
"ea92f37c-6652-4339-b685-7ae99d5f272f","0","1","10","159","557","347","180","755","412","507","1209","144"
"ea92f37c-6652-4339-b685-7ae99d5f272f","1","1","0","108","466","570","201","1213","1575","710","282","100"
"ea92f37c-6652-4339-b685-7ae99d5f272f","1","1","1","147","371","380","45","1230","792","586","673","195"
"ea92f37c-6652-4339-b685-7ae99d5f272f","1","1","2","137","430","801","27","702","789","368","276","127"
"ea92f37c-6652-4339-b685-7ae99d5f272f","1","1","3","140","1067","663","36","720","1207","387","490","1"
"ea92f37c-6652-4339-b685-7ae99d5f272f","1","1","4","0","577","629","45","913","-424","416","371","107"
"ea92f37c-6652-4339-b685-7ae99d5f272f","1","1","5","1","513","516","81","680","483","569","401","1"
"ea92f37c-6652-4339-b685-7ae99d5f272f","1","1","6","1","561","497","26","670","439","603","226","109"
"ea92f37c-6652-4339-b685-7ae99d5f272f","1","1","7","152","457","564","54","570","461","308","341","89"
"ea92f37c-6652-4339-b685-7ae99d5f272f","1","1","8","1","927","454","35","746","427","339","357","108"
"ea92f37c-6652-4339-b685-7ae99d5f272f","1","1","9","1","413","554","44","480","416","279","226","115"
"ea92f37c-6652-4339-b685-7ae99d5f272f","1","1","10","1","413","554","44","480","416","279","226","115"
"ea92f37c-6652-4339-b685-7ae99d5f272f","2","1","0","19","355","959","65","805","882","449","535","14"
"ea92f37c-6652-4339-b685-7ae99d5f272f","2","1","1","19","340","1208","12","1196","1231","226","419","17"
"ea92f37c-6652-4339-b685-7ae99d5f272f","2","1","2","156","1624","475","62","956","1296","407","287","129"
"ea92f37c-6652-4339-b685-7ae99d5f272f","2","1","3","250","775","624","50","839","447","402","252","123"
"ea92f37c-6652-4339-b685-7ae99d5f272f","2","1","4","127","483","1535","29","1059","489","360","248","136"
"ea92f37c-6652-4339-b685-7ae99d5f272f","2","1","5","116","396","606","45","425","395","344","249","98"
"ea92f37c-6652-4339-b685-7ae99d5f272f","2","1","6","178","422","743","24","844","511","320","298","146"
"ea92f37c-6652-4339-b685-7ae99d5f272f","2","1","7","135","448","416","64","400","576","272","200","191"
"ea92f37c-6652-4339-b685-7ae99d5f272f","2","1","8","135","448","416","64","400","576","272","200","191"
"ea92f37c-6652-4339-b685-7ae99d5f272f","2","1","9","136","866","865","45","989","614","312","232","105"
"ea92f37c-6652-4339-b685-7ae99d5f272f","2","1","10","119","643","589","283","693","420","373","200","128"
"ea92f37c-6652-4339-b685-7ae99d5f272f","2","1","11","119","643","589","283","693","420","373","200","128"